subject,predicate,object,timestamp,location
FRTRK1003,move to,LOC_남측제1방어선,2026-09-11T13:21:42,"(21.38812439, -157.75044047)"
FRTRK1001,move to,LOC_남측제1방어선,2026-09-11T13:21:42,"(21.38830326, -157.75041360)"
FRTRK2001,move to,LOC_남측제1방어선,2026-09-11T13:21:42,"(21.38803495, -157.75045391)"
FRTRK2002,move to,LOC_남측제1방어선,2026-09-11T13:21:42,"(21.38794551, -157.75046734)"
FRTRK1002,move to,LOC_남측제1방어선,2026-09-11T13:21:42,"(21.38821382, -157.75042704)"
FRTRK1003,move to,LOC_남측제1방어선,2026-09-11T13:21:43,"(21.38812439, -157.75044047)"
FRTRK1001,move to,LOC_남측제1방어선,2026-09-11T13:21:43,"(21.38830326, -157.75041360)"
FRTRK2001,move to,LOC_남측제1방어선,2026-09-11T13:21:43,"(21.38803495, -157.75045391)"
FRTRK2002,move to,LOC_남측제1방어선,2026-09-11T13:21:43,"(21.38794551, -157.75046734)"
FRTRK1002,move to,LOC_남측제1방어선,2026-09-11T13:21:43,"(21.38821382, -157.75042704)"
FRTRK1003,move to,LOC_남측제1방어선,2026-09-11T13:21:43,"(21.38811850, -157.75039582)"
FRTRK1001,move to,LOC_남측제1방어선,2026-09-11T13:21:43,"(21.38829770, -157.75037603)"
FRTRK2001,move to,LOC_남측제1방어선,2026-09-11T13:21:43,"(21.38802886, -157.75040472)"
FRTRK2002,move to,LOC_남측제1방어선,2026-09-11T13:21:43,"(21.38793943, -157.75041473)"
FRTRK1002,move to,LOC_남측제1방어선,2026-09-11T13:21:43,"(21.38820815, -157.75038649)"
FRTRK2004,move to,LOC_남측제1방어선,2026-09-11T13:21:43,"(21.38779071, -157.75042045)"
FRTRK1005,move to,LOC_남측제1방어선,2026-09-11T13:21:43,"(21.38786699, -157.75042085)"
FRTRK2003,move to,LOC_남측제1방어선,2026-09-11T13:21:43,"(21.38772247, -157.75042865)"
FRTRK1004,move to,LOC_남측제1방어선,2026-09-11T13:21:43,"(21.38762605, -157.75041364)"
FRTRK1003,move to,LOC_남측제1방어선,2026-09-11T13:21:44,"(21.38811850, -157.75039582)"
FRTRK1001,move to,LOC_남측제1방어선,2026-09-11T13:21:44,"(21.38829770, -157.75037603)"
FRTRK2001,move to,LOC_남측제1방어선,2026-09-11T13:21:44,"(21.38802886, -157.75040472)"
FRTRK2002,move to,LOC_남측제1방어선,2026-09-11T13:21:44,"(21.38793943, -157.75041473)"
FRTRK1002,move to,LOC_남측제1방어선,2026-09-11T13:21:44,"(21.38820815, -157.75038649)"
FRTRK2004,move to,LOC_남측제1방어선,2026-09-11T13:21:44,"(21.38779071, -157.75042045)"
FRTRK1005,move to,LOC_남측제1방어선,2026-09-11T13:21:44,"(21.38786699, -157.75042085)"
FRTRK2003,move to,LOC_남측제1방어선,2026-09-11T13:21:44,"(21.38772247, -157.75042865)"
FRTRK1004,move to,LOC_남측제1방어선,2026-09-11T13:21:44,"(21.38762605, -157.75041364)"
FRTRK1003,move to,LOC_남측제1방어선,2026-09-11T13:21:45,"(21.38811850, -157.75039582)"
FRTRK1001,move to,LOC_남측제1방어선,2026-09-11T13:21:45,"(21.38829770, -157.75037603)"
FRTRK2001,move to,LOC_남측제1방어선,2026-09-11T13:21:45,"(21.38802886, -157.75040472)"
FRTRK2002,move to,LOC_남측제1방어선,2026-09-11T13:21:45,"(21.38793943, -157.75041473)"
FRTRK1002,move to,LOC_남측제1방어선,2026-09-11T13:21:45,"(21.38820815, -157.75038649)"
FRTRK2004,move to,LOC_남측제1방어선,2026-09-11T13:21:45,"(21.38779071, -157.75042045)"
FRTRK1005,move to,LOC_남측제1방어선,2026-09-11T13:21:45,"(21.38786699, -157.75042085)"
FRTRK2003,move to,LOC_남측제1방어선,2026-09-11T13:21:45,"(21.38772247, -157.75042865)"
FRTRK1004,move to,LOC_남측제1방어선,2026-09-11T13:21:45,"(21.38762605, -157.75041364)"
FRTRK1003,move to,LOC_남측제1방어선,2026-09-11T13:21:46,"(21.38810132, -157.75026544)"
FRTRK1001,move to,LOC_남측제1방어선,2026-09-11T13:21:46,"(21.38828213, -157.75027070)"
FRTRK2001,move to,LOC_남측제1방어선,2026-09-11T13:21:46,"(21.38801106, -157.75026081)"
FRTRK2002,move to,LOC_남측제1방어선,2026-09-11T13:21:46,"(21.38792154, -157.75026017)"
FRTRK1002,move to,LOC_남측제1방어선,2026-09-11T13:21:46,"(21.38819179, -157.75026938)"
FRTRK2004,move to,LOC_남측제1방어선,2026-09-11T13:21:46,"(21.38777595, -157.75027661)"
FRTRK1005,move to,LOC_남측제1방어선,2026-09-11T13:21:46,"(21.38784941, -157.75025999)"
FRTRK2003,move to,LOC_남측제1방어선,2026-09-11T13:21:46,"(21.38770884, -157.75028729)"
FRTRK1004,move to,LOC_남측제1방어선,2026-09-11T13:21:46,"(21.38761081, -157.75024061)"
FRT69007,move to,LOC_중앙킬존남측,2026-09-11T13:21:46,"(21.38646968, -157.73584860)"
FRT80001,move to,LOC_중앙킬존남측,2026-09-11T13:21:46,"(21.38428510, -157.74977043)"
FRT69002,move to,LOC_중앙킬존남측,2026-09-11T13:21:46,"(21.38602576, -157.73585405)"
FRT69001,move to,LOC_중앙킬존남측,2026-09-11T13:21:46,"(21.38593703, -157.73585512)"
FRT80002,move to,LOC_중앙킬존남측,2026-09-11T13:21:46,"(21.38421754, -157.74970595)"
FRMORT002,FFE-on-Location,LOC_적박격포진지,2026-09-11T13:21:46,"(21.39112390, -157.73727132)"
FRAHS001,move to,LOC_아군박격포진지,2026-09-11T13:21:46,"(21.39287549, -157.74122329)"
FRT80005,move to,LOC_중앙킬존남측,2026-09-11T13:21:46,"(21.38401709, -157.74951110)"
FRT69006,move to,LOC_중앙킬존남측,2026-09-11T13:21:46,"(21.38638086, -157.73584970)"
FRMORT001,FFE-on-Location,LOC_적포병진지,2026-09-11T13:21:46,"(21.39104607, -157.73719078)"
FRLAV002,move to,LOC_중앙킬존남측,2026-09-11T13:21:46,"(21.39033169, -157.74134882)"
FRLAV006,move to,LOC_중앙킬존남측,2026-09-11T13:21:46,"(21.39047713, -157.74169006)"
FRT69003,move to,LOC_중앙킬존남측,2026-09-11T13:21:46,"(21.38611451, -157.73585297)"
FRT69005,move to,LOC_중앙킬존남측,2026-09-11T13:21:46,"(21.38629206, -157.73585079)"
FRT80008,move to,LOC_중앙킬존남측,2026-09-11T13:21:46,"(21.38381433, -157.74931930)"
FRT69004,move to,LOC_중앙킬존남측,2026-09-11T13:21:46,"(21.38620327, -157.73585188)"
FRT80006,move to,LOC_중앙킬존남측,2026-09-11T13:21:46,"(21.38394981, -157.74944663)"
FRT80007,move to,LOC_중앙킬존남측,2026-09-11T13:21:46,"(21.38388165, -157.74938352)"
FRLAV001,move to,LOC_중앙킬존남측,2026-09-11T13:21:46,"(21.39029538, -157.74126348)"
FRT69008,move to,LOC_중앙킬존남측,2026-09-11T13:21:46,"(21.38655851, -157.73584750)"
FRT80003,move to,LOC_중앙킬존남측,2026-09-11T13:21:46,"(21.38415005, -157.74964211)"
FRT69009,move to,LOC_중앙킬존남측,2026-09-11T13:21:46,"(21.38664736, -157.73584639)"
FRLAV003,move to,LOC_중앙킬존남측,2026-09-11T13:21:46,"(21.39036802, -157.74143415)"
FRT80004,move to,LOC_중앙킬존남측,2026-09-11T13:21:46,"(21.38408428, -157.74957619)"
FRMORT003,FFE-on-Location,LOC_적북측접근로,2026-09-11T13:21:46,"(21.39112150, -157.73710768)"
FRLAV005,move to,LOC_중앙킬존남측,2026-09-11T13:21:46,"(21.39044074, -157.74160477)"
FRAHS002,move to,LOC_아군후방지휘소,2026-09-11T13:21:46,"(21.39302729, -157.74166741)"
FRT69010,move to,LOC_중앙킬존남측,2026-09-11T13:21:46,"(21.38673623, -157.73584529)"
FRLAV004,move to,LOC_중앙킬존남측,2026-09-11T13:21:46,"(21.39040437, -157.74151946)"
FRTRK1003,move to,LOC_남측제1방어선,2026-09-11T13:21:46,"(21.38810132, -157.75026544)"
FRTRK1001,move to,LOC_남측제1방어선,2026-09-11T13:21:46,"(21.38828213, -157.75027070)"
FRTRK2001,move to,LOC_남측제1방어선,2026-09-11T13:21:46,"(21.38801106, -157.75026081)"
FRTRK2002,move to,LOC_남측제1방어선,2026-09-11T13:21:46,"(21.38792154, -157.75026017)"
FRTRK1002,move to,LOC_남측제1방어선,2026-09-11T13:21:46,"(21.38819179, -157.75026938)"
FRTRK2004,move to,LOC_남측제1방어선,2026-09-11T13:21:46,"(21.38777595, -157.75027661)"
FRTRK1005,move to,LOC_남측제1방어선,2026-09-11T13:21:46,"(21.38784941, -157.75025999)"
FRTRK2003,move to,LOC_남측제1방어선,2026-09-11T13:21:46,"(21.38770884, -157.75028729)"
FRTRK1004,move to,LOC_남측제1방어선,2026-09-11T13:21:46,"(21.38761081, -157.75024061)"
FRT69007,move to,LOC_중앙킬존남측,2026-09-11T13:21:46,"(21.38646968, -157.73584860)"
FRT80001,move to,LOC_중앙킬존남측,2026-09-11T13:21:46,"(21.38428510, -157.74977043)"
FRT69002,move to,LOC_중앙킬존남측,2026-09-11T13:21:46,"(21.38602576, -157.73585405)"
FRT69001,move to,LOC_중앙킬존남측,2026-09-11T13:21:46,"(21.38593703, -157.73585512)"
FRT80002,move to,LOC_중앙킬존남측,2026-09-11T13:21:46,"(21.38421754, -157.74970595)"
FRMORT002,FFE-on-Location,LOC_적박격포진지,2026-09-11T13:21:46,"(21.39112390, -157.73727132)"
FRAHS001,move to,LOC_아군박격포진지,2026-09-11T13:21:46,"(21.39287549, -157.74122329)"
FRT80005,move to,LOC_중앙킬존남측,2026-09-11T13:21:46,"(21.38401709, -157.74951110)"
FRT69006,move to,LOC_중앙킬존남측,2026-09-11T13:21:46,"(21.38638086, -157.73584970)"
FRMORT001,FFE-on-Location,LOC_적포병진지,2026-09-11T13:21:46,"(21.39104607, -157.73719078)"
FRLAV002,move to,LOC_중앙킬존남측,2026-09-11T13:21:46,"(21.39033169, -157.74134882)"
FRLAV006,move to,LOC_중앙킬존남측,2026-09-11T13:21:46,"(21.39047713, -157.74169006)"
FRT69003,move to,LOC_중앙킬존남측,2026-09-11T13:21:46,"(21.38611451, -157.73585297)"
FRT69005,move to,LOC_중앙킬존남측,2026-09-11T13:21:46,"(21.38629206, -157.73585079)"
FRT80008,move to,LOC_중앙킬존남측,2026-09-11T13:21:46,"(21.38381433, -157.74931930)"
FRT69004,move to,LOC_중앙킬존남측,2026-09-11T13:21:46,"(21.38620327, -157.73585188)"
FRT80006,move to,LOC_중앙킬존남측,2026-09-11T13:21:46,"(21.38394981, -157.74944663)"
FRT80007,move to,LOC_중앙킬존남측,2026-09-11T13:21:46,"(21.38388165, -157.74938352)"
FRLAV001,move to,LOC_중앙킬존남측,2026-09-11T13:21:46,"(21.39029538, -157.74126348)"
FRT69008,move to,LOC_중앙킬존남측,2026-09-11T13:21:46,"(21.38655851, -157.73584750)"
FRT80003,move to,LOC_중앙킬존남측,2026-09-11T13:21:46,"(21.38415005, -157.74964211)"
FRT69009,move to,LOC_중앙킬존남측,2026-09-11T13:21:46,"(21.38664736, -157.73584639)"
FRLAV003,move to,LOC_중앙킬존남측,2026-09-11T13:21:46,"(21.39036802, -157.74143415)"
FRT80004,move to,LOC_중앙킬존남측,2026-09-11T13:21:46,"(21.38408428, -157.74957619)"
FRMORT003,FFE-on-Location,LOC_적북측접근로,2026-09-11T13:21:46,"(21.39112150, -157.73710768)"
FRLAV005,move to,LOC_중앙킬존남측,2026-09-11T13:21:46,"(21.39044074, -157.74160477)"
FRAHS002,move to,LOC_아군후방지휘소,2026-09-11T13:21:46,"(21.39302729, -157.74166741)"
FRT69010,move to,LOC_중앙킬존남측,2026-09-11T13:21:46,"(21.38673623, -157.73584529)"
FRLAV004,move to,LOC_중앙킬존남측,2026-09-11T13:21:46,"(21.39040437, -157.74151946)"
FRTRK1003,move to,LOC_남측제1방어선,2026-09-11T13:21:47,"(21.38810132, -157.75026544)"
FRTRK1001,move to,LOC_남측제1방어선,2026-09-11T13:21:47,"(21.38828213, -157.75027070)"
FRTRK2001,move to,LOC_남측제1방어선,2026-09-11T13:21:47,"(21.38801106, -157.75026081)"
FRTRK2002,move to,LOC_남측제1방어선,2026-09-11T13:21:47,"(21.38792154, -157.75026017)"
FRTRK1002,move to,LOC_남측제1방어선,2026-09-11T13:21:47,"(21.38819179, -157.75026938)"
FRTRK2004,move to,LOC_남측제1방어선,2026-09-11T13:21:47,"(21.38777595, -157.75027661)"
FRTRK1005,move to,LOC_남측제1방어선,2026-09-11T13:21:47,"(21.38784941, -157.75025999)"
FRTRK2003,move to,LOC_남측제1방어선,2026-09-11T13:21:47,"(21.38770884, -157.75028729)"
FRTRK1004,move to,LOC_남측제1방어선,2026-09-11T13:21:47,"(21.38761081, -157.75024061)"
FRT69007,move to,LOC_중앙킬존남측,2026-09-11T13:21:47,"(21.38646968, -157.73584860)"
FRT80001,move to,LOC_중앙킬존남측,2026-09-11T13:21:47,"(21.38428510, -157.74977043)"
FRT69002,move to,LOC_중앙킬존남측,2026-09-11T13:21:47,"(21.38602576, -157.73585405)"
FRT69001,move to,LOC_중앙킬존남측,2026-09-11T13:21:47,"(21.38593703, -157.73585512)"
FRT80002,move to,LOC_중앙킬존남측,2026-09-11T13:21:47,"(21.38421754, -157.74970595)"
FRMORT002,FFE-on-Location,LOC_적박격포진지,2026-09-11T13:21:47,"(21.39112390, -157.73727132)"
FRAHS001,move to,LOC_아군박격포진지,2026-09-11T13:21:47,"(21.39287549, -157.74122329)"
FRT80005,move to,LOC_중앙킬존남측,2026-09-11T13:21:47,"(21.38401709, -157.74951110)"
FRT69006,move to,LOC_중앙킬존남측,2026-09-11T13:21:47,"(21.38638086, -157.73584970)"
FRMORT001,FFE-on-Location,LOC_적포병진지,2026-09-11T13:21:47,"(21.39104607, -157.73719078)"
FRLAV002,move to,LOC_중앙킬존남측,2026-09-11T13:21:47,"(21.39033169, -157.74134882)"
FRLAV006,move to,LOC_중앙킬존남측,2026-09-11T13:21:47,"(21.39047713, -157.74169006)"
FRT69003,move to,LOC_중앙킬존남측,2026-09-11T13:21:47,"(21.38611451, -157.73585297)"
FRT69005,move to,LOC_중앙킬존남측,2026-09-11T13:21:47,"(21.38629206, -157.73585079)"
FRT80008,move to,LOC_중앙킬존남측,2026-09-11T13:21:47,"(21.38381433, -157.74931930)"
FRT69004,move to,LOC_중앙킬존남측,2026-09-11T13:21:47,"(21.38620327, -157.73585188)"
FRT80006,move to,LOC_중앙킬존남측,2026-09-11T13:21:47,"(21.38394981, -157.74944663)"
FRT80007,move to,LOC_중앙킬존남측,2026-09-11T13:21:47,"(21.38388165, -157.74938352)"
FRLAV001,move to,LOC_중앙킬존남측,2026-09-11T13:21:47,"(21.39029538, -157.74126348)"
FRT69008,move to,LOC_중앙킬존남측,2026-09-11T13:21:47,"(21.38655851, -157.73584750)"
FRT80003,move to,LOC_중앙킬존남측,2026-09-11T13:21:47,"(21.38415005, -157.74964211)"
FRT69009,move to,LOC_중앙킬존남측,2026-09-11T13:21:47,"(21.38664736, -157.73584639)"
FRLAV003,move to,LOC_중앙킬존남측,2026-09-11T13:21:47,"(21.39036802, -157.74143415)"
FRT80004,move to,LOC_중앙킬존남측,2026-09-11T13:21:47,"(21.38408428, -157.74957619)"
FRMORT003,FFE-on-Location,LOC_적북측접근로,2026-09-11T13:21:47,"(21.39112150, -157.73710768)"
FRLAV005,move to,LOC_중앙킬존남측,2026-09-11T13:21:47,"(21.39044074, -157.74160477)"
FRAHS002,move to,LOC_아군후방지휘소,2026-09-11T13:21:47,"(21.39302729, -157.74166741)"
FRT69010,move to,LOC_중앙킬존남측,2026-09-11T13:21:47,"(21.38673623, -157.73584529)"
FRLAV004,move to,LOC_중앙킬존남측,2026-09-11T13:21:47,"(21.39040437, -157.74151946)"
FRTRK1003,move to,LOC_남측제1방어선,2026-09-11T13:21:48,"(21.38807590, -157.75007253)"
FRTRK1001,move to,LOC_남측제1방어선,2026-09-11T13:21:48,"(21.38825812, -157.75010822)"
FRTRK2001,move to,LOC_남측제1방어선,2026-09-11T13:21:48,"(21.38798677, -157.75006447)"
FRTRK2002,move to,LOC_남측제1방어선,2026-09-11T13:21:48,"(21.38789858, -157.75006175)"
FRTRK1002,move to,LOC_남측제1방어선,2026-09-11T13:21:48,"(21.38816609, -157.75008550)"
FRTRK2004,move to,LOC_남측제1방어선,2026-09-11T13:21:48,"(21.38775659, -157.75008776)"
FRTRK1005,move to,LOC_남측제1방어선,2026-09-11T13:21:48,"(21.38782762, -157.75006060)"
FRTRK2003,move to,LOC_남측제1방어선,2026-09-11T13:21:48,"(21.38769003, -157.75009231)"
FRTRK1004,move to,LOC_남측제1방어선,2026-09-11T13:21:48,"(21.38759325, -157.75004135)"
FRT69007,move to,LOC_중앙킬존남측,2026-09-11T13:21:48,"(21.38637862, -157.73601955)"
FRT80001,move to,LOC_중앙킬존남측,2026-09-11T13:21:48,"(21.38414756, -157.74963636)"
FRT69002,move to,LOC_중앙킬존남측,2026-09-11T13:21:48,"(21.38594025, -157.73602824)"
FRT69001,move to,LOC_중앙킬존남측,2026-09-11T13:21:48,"(21.38585267, -157.73602995)"
FRT80002,move to,LOC_중앙킬존남측,2026-09-11T13:21:48,"(21.38408012, -157.74957194)"
FRMORT002,FFE-on-Location,LOC_적박격포진지,2026-09-11T13:21:48,"(21.39112390, -157.73727132)"
FRAHS001,move to,LOC_아군박격포진지,2026-09-11T13:21:48,"(21.39279615, -157.74104070)"
FRT80005,move to,LOC_중앙킬존남측,2026-09-11T13:21:48,"(21.38387956, -157.74937695)"
FRT69006,move to,LOC_중앙킬존남측,2026-09-11T13:21:48,"(21.38629089, -157.73602131)"
FRMORT001,FFE-on-Location,LOC_적포병진지,2026-09-11T13:21:48,"(21.39104607, -157.73719078)"
FRLAV002,move to,LOC_중앙킬존남측,2026-09-11T13:21:48,"(21.39026172, -157.74138617)"
FRT69003,move to,LOC_중앙킬존남측,2026-09-11T13:21:48,"(21.38602787, -157.73602652)"
FRT69005,move to,LOC_중앙킬존남측,2026-09-11T13:21:48,"(21.38620318, -157.73602305)"
FRT80008,move to,LOC_중앙킬존남측,2026-09-11T13:21:48,"(21.38367693, -157.74918501)"
FRT69004,move to,LOC_중앙킬존남측,2026-09-11T13:21:48,"(21.38611551, -157.73602479)"
FRT80006,move to,LOC_중앙킬존남측,2026-09-11T13:21:48,"(21.38381230, -157.74931246)"
FRT80007,move to,LOC_중앙킬존남측,2026-09-11T13:21:48,"(21.38374420, -157.74924925)"
FRLAV001,move to,LOC_중앙킬존남측,2026-09-11T13:21:48,"(21.39018963, -157.74132110)"
FRT69008,move to,LOC_중앙킬존남측,2026-09-11T13:21:48,"(21.38646638, -157.73601780)"
FRT80003,move to,LOC_중앙킬존남측,2026-09-11T13:21:48,"(21.38401263, -157.74950802)"
FRT69009,move to,LOC_중앙킬존남측,2026-09-11T13:21:48,"(21.38655418, -157.73601603)"
FRLAV003,move to,LOC_중앙킬존남측,2026-09-11T13:21:48,"(21.39026141, -157.74148988)"
FRT80004,move to,LOC_중앙킬존남측,2026-09-11T13:21:48,"(21.38394662, -157.74944194)"
FRMORT003,FFE-on-Location,LOC_적북측접근로,2026-09-11T13:21:48,"(21.39112150, -157.73710768)"
FRLAV005,move to,LOC_중앙킬존남측,2026-09-11T13:21:48,"(21.39032066, -157.74166493)"
FRT69010,move to,LOC_중앙킬존남측,2026-09-11T13:21:48,"(21.38664251, -157.73601335)"
FRLAV004,move to,LOC_중앙킬존남측,2026-09-11T13:21:48,"(21.39033379, -157.74155559)"
FRTRK1003,move to,LOC_남측제1방어선,2026-09-11T13:21:49,"(21.38807590, -157.75007253)"
FRTRK1001,move to,LOC_남측제1방어선,2026-09-11T13:21:49,"(21.38825812, -157.75010822)"
FRTRK2001,move to,LOC_남측제1방어선,2026-09-11T13:21:49,"(21.38798677, -157.75006447)"
FRTRK2002,move to,LOC_남측제1방어선,2026-09-11T13:21:49,"(21.38789858, -157.75006175)"
FRTRK1002,move to,LOC_남측제1방어선,2026-09-11T13:21:49,"(21.38816609, -157.75008550)"
FRTRK2004,move to,LOC_남측제1방어선,2026-09-11T13:21:49,"(21.38775659, -157.75008776)"
FRTRK1005,move to,LOC_남측제1방어선,2026-09-11T13:21:49,"(21.38782762, -157.75006060)"
FRTRK2003,move to,LOC_남측제1방어선,2026-09-11T13:21:49,"(21.38769003, -157.75009231)"
FRTRK1004,move to,LOC_남측제1방어선,2026-09-11T13:21:49,"(21.38759325, -157.75004135)"
FRT69007,move to,LOC_중앙킬존남측,2026-09-11T13:21:49,"(21.38637862, -157.73601955)"
FRT80001,move to,LOC_중앙킬존남측,2026-09-11T13:21:49,"(21.38414756, -157.74963636)"
FRT69002,move to,LOC_중앙킬존남측,2026-09-11T13:21:49,"(21.38594025, -157.73602824)"
FRT69001,move to,LOC_중앙킬존남측,2026-09-11T13:21:49,"(21.38585267, -157.73602995)"
FRT80002,move to,LOC_중앙킬존남측,2026-09-11T13:21:49,"(21.38408012, -157.74957194)"
FRMORT002,FFE-on-Location,LOC_적박격포진지,2026-09-11T13:21:49,"(21.39112390, -157.73727132)"
FRAHS001,move to,LOC_아군박격포진지,2026-09-11T13:21:49,"(21.39279615, -157.74104070)"
FRT80005,move to,LOC_중앙킬존남측,2026-09-11T13:21:49,"(21.38387956, -157.74937695)"
FRT69006,move to,LOC_중앙킬존남측,2026-09-11T13:21:49,"(21.38629089, -157.73602131)"
FRMORT001,FFE-on-Location,LOC_적포병진지,2026-09-11T13:21:49,"(21.39104607, -157.73719078)"
FRLAV002,move to,LOC_중앙킬존남측,2026-09-11T13:21:49,"(21.39026172, -157.74138617)"
FRT69003,move to,LOC_중앙킬존남측,2026-09-11T13:21:49,"(21.38602787, -157.73602652)"
FRT69005,move to,LOC_중앙킬존남측,2026-09-11T13:21:49,"(21.38620318, -157.73602305)"
FRT80008,move to,LOC_중앙킬존남측,2026-09-11T13:21:49,"(21.38367693, -157.74918501)"
FRT69004,move to,LOC_중앙킬존남측,2026-09-11T13:21:49,"(21.38611551, -157.73602479)"
FRT80006,move to,LOC_중앙킬존남측,2026-09-11T13:21:49,"(21.38381230, -157.74931246)"
FRT80007,move to,LOC_중앙킬존남측,2026-09-11T13:21:49,"(21.38374420, -157.74924925)"
FRLAV001,move to,LOC_중앙킬존남측,2026-09-11T13:21:49,"(21.39018963, -157.74132110)"
FRT69008,move to,LOC_중앙킬존남측,2026-09-11T13:21:49,"(21.38646638, -157.73601780)"
FRT80003,move to,LOC_중앙킬존남측,2026-09-11T13:21:49,"(21.38401263, -157.74950802)"
FRT69009,move to,LOC_중앙킬존남측,2026-09-11T13:21:49,"(21.38655418, -157.73601603)"
FRLAV003,move to,LOC_중앙킬존남측,2026-09-11T13:21:49,"(21.39026141, -157.74148988)"
FRT80004,move to,LOC_중앙킬존남측,2026-09-11T13:21:49,"(21.38394662, -157.74944194)"
FRMORT003,FFE-on-Location,LOC_적북측접근로,2026-09-11T13:21:49,"(21.39112150, -157.73710768)"
FRLAV005,move to,LOC_중앙킬존남측,2026-09-11T13:21:49,"(21.39032066, -157.74166493)"
FRT69010,move to,LOC_중앙킬존남측,2026-09-11T13:21:49,"(21.38664251, -157.73601335)"
FRLAV004,move to,LOC_중앙킬존남측,2026-09-11T13:21:49,"(21.39033379, -157.74155559)"
FRTRK1003,move to,LOC_남측제1방어선,2026-09-11T13:21:49,"(21.38805050, -157.74987969)"
FRTRK1001,move to,LOC_남측제1방어선,2026-09-11T13:21:49,"(21.38822895, -157.74991088)"
FRTRK2001,move to,LOC_남측제1방어선,2026-09-11T13:21:49,"(21.38796280, -157.74987073)"
FRTRK2002,move to,LOC_남측제1방어선,2026-09-11T13:21:49,"(21.38787608, -157.74986732)"
FRTRK1002,move to,LOC_남측제1방어선,2026-09-11T13:21:49,"(21.38813896, -157.74989141)"
FRTRK2004,move to,LOC_남측제1방어선,2026-09-11T13:21:49,"(21.38773683, -157.74989512)"
FRTRK1005,move to,LOC_남측제1방어선,2026-09-11T13:21:49,"(21.38780629, -157.74986540)"
FRTRK2003,move to,LOC_남측제1방어선,2026-09-11T13:21:49,"(21.38767130, -157.74989825)"
FRTRK1004,move to,LOC_남측제1방어선,2026-09-11T13:21:49,"(21.38757608, -157.74984648)"
FRT69007,move to,LOC_중앙킬존남측,2026-09-11T13:21:49,"(21.38628773, -157.73619019)"
FRT80001,move to,LOC_중앙킬존남측,2026-09-11T13:21:49,"(21.38401173, -157.74950395)"
FRT69002,move to,LOC_중앙킬존남측,2026-09-11T13:21:49,"(21.38585491, -157.73620210)"
FRT69001,move to,LOC_중앙킬존남측,2026-09-11T13:21:49,"(21.38576847, -157.73620445)"
FRT80002,move to,LOC_중앙킬존남측,2026-09-11T13:21:49,"(21.38394427, -157.74943946)"
FRMORT002,FFE-on-Location,LOC_적박격포진지,2026-09-11T13:21:49,"(21.39112390, -157.73727132)"
FRAHS001,move to,LOC_아군박격포진지,2026-09-11T13:21:49,"(21.39271962, -157.74086457)"
FRT80005,move to,LOC_중앙킬존남측,2026-09-11T13:21:49,"(21.38374373, -157.74924446)"
FRT69006,move to,LOC_중앙킬존남측,2026-09-11T13:21:49,"(21.38620108, -157.73619259)"
FRMORT001,FFE-on-Location,LOC_적포병진지,2026-09-11T13:21:49,"(21.39104607, -157.73719078)"
FRLAV002,move to,LOC_중앙킬존남측,2026-09-11T13:21:49,"(21.39026195, -157.74138605)"
FRT69003,move to,LOC_중앙킬존남측,2026-09-11T13:21:49,"(21.38594139, -157.73619974)"
FRT69005,move to,LOC_중앙킬존남측,2026-09-11T13:21:49,"(21.38611448, -157.73619499)"
FRT80008,move to,LOC_중앙킬존남측,2026-09-11T13:21:49,"(21.38354135, -157.74905249)"
FRT69004,move to,LOC_중앙킬존남측,2026-09-11T13:21:49,"(21.38602791, -157.73619737)"
FRT80006,move to,LOC_중앙킬존남측,2026-09-11T13:21:49,"(21.38367649, -157.74917993)"
FRT80007,move to,LOC_중앙킬존남측,2026-09-11T13:21:49,"(21.38360858, -157.74911676)"
FRLAV001,move to,LOC_중앙킬존남측,2026-09-11T13:21:49,"(21.39018997, -157.74132091)"
FRT69008,move to,LOC_중앙킬존남측,2026-09-11T13:21:49,"(21.38637443, -157.73618778)"
FRT80003,move to,LOC_중앙킬존남측,2026-09-11T13:21:49,"(21.38387682, -157.74937550)"
FRT69009,move to,LOC_중앙킬존남측,2026-09-11T13:21:49,"(21.38646116, -157.73618536)"
FRLAV003,move to,LOC_중앙킬존남측,2026-09-11T13:21:49,"(21.39026192, -157.74148961)"
FRT80004,move to,LOC_중앙킬존남측,2026-09-11T13:21:49,"(21.38381080, -157.74930947)"
FRMORT003,FFE-on-Location,LOC_적북측접근로,2026-09-11T13:21:49,"(21.39112150, -157.73710768)"
FRLAV005,move to,LOC_중앙킬존남측,2026-09-11T13:21:49,"(21.39032156, -157.74166448)"
FRT69010,move to,LOC_중앙킬존남측,2026-09-11T13:21:49,"(21.38654802, -157.73618278)"
FRLAV004,move to,LOC_중앙킬존남측,2026-09-11T13:21:49,"(21.39033373, -157.74155562)"
FRTRK1003,move to,LOC_남측제1방어선,2026-09-11T13:21:50,"(21.38805050, -157.74987969)"
FRTRK1001,move to,LOC_남측제1방어선,2026-09-11T13:21:50,"(21.38822895, -157.74991088)"
FRTRK2001,move to,LOC_남측제1방어선,2026-09-11T13:21:50,"(21.38796280, -157.74987073)"
FRTRK2002,move to,LOC_남측제1방어선,2026-09-11T13:21:50,"(21.38787608, -157.74986732)"
FRTRK1002,move to,LOC_남측제1방어선,2026-09-11T13:21:50,"(21.38813896, -157.74989141)"
FRTRK2004,move to,LOC_남측제1방어선,2026-09-11T13:21:50,"(21.38773683, -157.74989512)"
FRTRK1005,move to,LOC_남측제1방어선,2026-09-11T13:21:50,"(21.38780629, -157.74986540)"
FRTRK2003,move to,LOC_남측제1방어선,2026-09-11T13:21:50,"(21.38767130, -157.74989825)"
FRTRK1004,move to,LOC_남측제1방어선,2026-09-11T13:21:50,"(21.38757608, -157.74984648)"
FRT69007,move to,LOC_중앙킬존남측,2026-09-11T13:21:50,"(21.38628773, -157.73619019)"
FRT80001,move to,LOC_중앙킬존남측,2026-09-11T13:21:50,"(21.38401173, -157.74950395)"
FRT69002,move to,LOC_중앙킬존남측,2026-09-11T13:21:50,"(21.38585491, -157.73620210)"
FRT69001,move to,LOC_중앙킬존남측,2026-09-11T13:21:50,"(21.38576847, -157.73620445)"
FRT80002,move to,LOC_중앙킬존남측,2026-09-11T13:21:50,"(21.38394427, -157.74943946)"
FRMORT002,FFE-on-Location,LOC_적박격포진지,2026-09-11T13:21:50,"(21.39112390, -157.73727132)"
FRAHS001,move to,LOC_아군박격포진지,2026-09-11T13:21:50,"(21.39271962, -157.74086457)"
FRT80005,move to,LOC_중앙킬존남측,2026-09-11T13:21:50,"(21.38374373, -157.74924446)"
FRT69006,move to,LOC_중앙킬존남측,2026-09-11T13:21:50,"(21.38620108, -157.73619259)"
FRMORT001,FFE-on-Location,LOC_적포병진지,2026-09-11T13:21:50,"(21.39104607, -157.73719078)"
FRLAV002,move to,LOC_중앙킬존남측,2026-09-11T13:21:50,"(21.39026195, -157.74138605)"
FRT69003,move to,LOC_중앙킬존남측,2026-09-11T13:21:50,"(21.38594139, -157.73619974)"
FRT69005,move to,LOC_중앙킬존남측,2026-09-11T13:21:50,"(21.38611448, -157.73619499)"
FRT80008,move to,LOC_중앙킬존남측,2026-09-11T13:21:50,"(21.38354135, -157.74905249)"
FRT69004,move to,LOC_중앙킬존남측,2026-09-11T13:21:50,"(21.38602791, -157.73619737)"
FRT80006,move to,LOC_중앙킬존남측,2026-09-11T13:21:50,"(21.38367649, -157.74917993)"
FRT80007,move to,LOC_중앙킬존남측,2026-09-11T13:21:50,"(21.38360858, -157.74911676)"
FRLAV001,move to,LOC_중앙킬존남측,2026-09-11T13:21:50,"(21.39018997, -157.74132091)"
FRT69008,move to,LOC_중앙킬존남측,2026-09-11T13:21:50,"(21.38637443, -157.73618778)"
FRT80003,move to,LOC_중앙킬존남측,2026-09-11T13:21:50,"(21.38387682, -157.74937550)"
FRT69009,move to,LOC_중앙킬존남측,2026-09-11T13:21:50,"(21.38646116, -157.73618536)"
FRLAV003,move to,LOC_중앙킬존남측,2026-09-11T13:21:50,"(21.39026192, -157.74148961)"
FRT80004,move to,LOC_중앙킬존남측,2026-09-11T13:21:50,"(21.38381080, -157.74930947)"
FRMORT003,FFE-on-Location,LOC_적북측접근로,2026-09-11T13:21:50,"(21.39112150, -157.73710768)"
FRLAV005,move to,LOC_중앙킬존남측,2026-09-11T13:21:50,"(21.39032156, -157.74166448)"
FRT69010,move to,LOC_중앙킬존남측,2026-09-11T13:21:50,"(21.38654802, -157.73618278)"
FRLAV004,move to,LOC_중앙킬존남측,2026-09-11T13:21:50,"(21.39033373, -157.74155562)"
FRTRK1003,move to,LOC_남측제1방어선,2026-09-11T13:21:51,"(21.38805050, -157.74987969)"
FRTRK1001,move to,LOC_남측제1방어선,2026-09-11T13:21:51,"(21.38822895, -157.74991088)"
FRTRK2001,move to,LOC_남측제1방어선,2026-09-11T13:21:51,"(21.38796280, -157.74987073)"
FRTRK2002,move to,LOC_남측제1방어선,2026-09-11T13:21:51,"(21.38787608, -157.74986732)"
FRTRK1002,move to,LOC_남측제1방어선,2026-09-11T13:21:51,"(21.38813896, -157.74989141)"
FRTRK2004,move to,LOC_남측제1방어선,2026-09-11T13:21:51,"(21.38773683, -157.74989512)"
FRTRK1005,move to,LOC_남측제1방어선,2026-09-11T13:21:51,"(21.38780629, -157.74986540)"
FRTRK2003,move to,LOC_남측제1방어선,2026-09-11T13:21:51,"(21.38767130, -157.74989825)"
FRTRK1004,move to,LOC_남측제1방어선,2026-09-11T13:21:51,"(21.38757608, -157.74984648)"
FRT69007,move to,LOC_중앙킬존남측,2026-09-11T13:21:51,"(21.38628773, -157.73619019)"
FRT80001,move to,LOC_중앙킬존남측,2026-09-11T13:21:51,"(21.38401173, -157.74950395)"
FRT69002,move to,LOC_중앙킬존남측,2026-09-11T13:21:51,"(21.38585491, -157.73620210)"
FRT69001,move to,LOC_중앙킬존남측,2026-09-11T13:21:51,"(21.38576847, -157.73620445)"
FRT80002,move to,LOC_중앙킬존남측,2026-09-11T13:21:51,"(21.38394427, -157.74943946)"
FRMORT002,FFE-on-Location,LOC_적박격포진지,2026-09-11T13:21:51,"(21.39112390, -157.73727132)"
FRAHS001,move to,LOC_아군박격포진지,2026-09-11T13:21:51,"(21.39271962, -157.74086457)"
FRT80005,move to,LOC_중앙킬존남측,2026-09-11T13:21:51,"(21.38374373, -157.74924446)"
FRT69006,move to,LOC_중앙킬존남측,2026-09-11T13:21:51,"(21.38620108, -157.73619259)"
FRMORT001,FFE-on-Location,LOC_적포병진지,2026-09-11T13:21:51,"(21.39104607, -157.73719078)"
FRLAV002,move to,LOC_중앙킬존남측,2026-09-11T13:21:51,"(21.39026195, -157.74138605)"
FRT69003,move to,LOC_중앙킬존남측,2026-09-11T13:21:51,"(21.38594139, -157.73619974)"
FRT69005,move to,LOC_중앙킬존남측,2026-09-11T13:21:51,"(21.38611448, -157.73619499)"
FRT80008,move to,LOC_중앙킬존남측,2026-09-11T13:21:51,"(21.38354135, -157.74905249)"
FRT69004,move to,LOC_중앙킬존남측,2026-09-11T13:21:51,"(21.38602791, -157.73619737)"
FRT80006,move to,LOC_중앙킬존남측,2026-09-11T13:21:51,"(21.38367649, -157.74917993)"
FRT80007,move to,LOC_중앙킬존남측,2026-09-11T13:21:51,"(21.38360858, -157.74911676)"
FRLAV001,move to,LOC_중앙킬존남측,2026-09-11T13:21:51,"(21.39018997, -157.74132091)"
FRT69008,move to,LOC_중앙킬존남측,2026-09-11T13:21:51,"(21.38637443, -157.73618778)"
FRT80003,move to,LOC_중앙킬존남측,2026-09-11T13:21:51,"(21.38387682, -157.74937550)"
FRT69009,move to,LOC_중앙킬존남측,2026-09-11T13:21:51,"(21.38646116, -157.73618536)"
FRLAV003,move to,LOC_중앙킬존남측,2026-09-11T13:21:51,"(21.39026192, -157.74148961)"
FRT80004,move to,LOC_중앙킬존남측,2026-09-11T13:21:51,"(21.38381080, -157.74930947)"
FRMORT003,FFE-on-Location,LOC_적북측접근로,2026-09-11T13:21:51,"(21.39112150, -157.73710768)"
FRLAV005,move to,LOC_중앙킬존남측,2026-09-11T13:21:51,"(21.39032156, -157.74166448)"
FRT69010,move to,LOC_중앙킬존남측,2026-09-11T13:21:51,"(21.38654802, -157.73618278)"
FRLAV004,move to,LOC_중앙킬존남측,2026-09-11T13:21:51,"(21.39033373, -157.74155562)"
FRTRK1003,move to,LOC_남측제1방어선,2026-09-11T13:21:52,"(21.38802420, -157.74968013)"
FRTRK1001,move to,LOC_남측제1방어선,2026-09-11T13:21:52,"(21.38819946, -157.74971142)"
FRTRK2001,move to,LOC_남측제1방어선,2026-09-11T13:21:52,"(21.38793819, -157.74967176)"
FRTRK2002,move to,LOC_남측제1방어선,2026-09-11T13:21:52,"(21.38785377, -157.74967451)"
FRTRK1002,move to,LOC_남측제1방어선,2026-09-11T13:21:52,"(21.38811086, -157.74969032)"
FRTRK2004,move to,LOC_남측제1방어선,2026-09-11T13:21:52,"(21.38771616, -157.74969361)"
FRTRK1005,move to,LOC_남측제1방어선,2026-09-11T13:21:52,"(21.38778448, -157.74966581)"
FRTRK2003,move to,LOC_남측제1방어선,2026-09-11T13:21:52,"(21.38765210, -157.74969917)"
FRTRK1004,move to,LOC_남측제1방어선,2026-09-11T13:21:52,"(21.38755837, -157.74964545)"
FRT69007,move to,LOC_중앙킬존남측,2026-09-11T13:21:52,"(21.38619397, -157.73636623)"
FRT80001,move to,LOC_중앙킬존남측,2026-09-11T13:21:52,"(21.38387163, -157.74936738)"
FRT69002,move to,LOC_중앙킬존남측,2026-09-11T13:21:52,"(21.38576686, -157.73638147)"
FRT69001,move to,LOC_중앙킬존남측,2026-09-11T13:21:52,"(21.38568160, -157.73638448)"
FRT80002,move to,LOC_중앙킬존남측,2026-09-11T13:21:52,"(21.38380423, -157.74930288)"
FRAHS001,move to,LOC_아군박격포진지,2026-09-11T13:21:52,"(21.39264003, -157.74068140)"
FRT80005,move to,LOC_중앙킬존남측,2026-09-11T13:21:52,"(21.38360378, -157.74910795)"
FRT69006,move to,LOC_중앙킬존남측,2026-09-11T13:21:52,"(21.38610844, -157.73636930)"
FRLAV002,move to,LOC_중앙킬존남측,2026-09-11T13:21:52,"(21.39026240, -157.74138581)"
FRT69003,move to,LOC_중앙킬존남측,2026-09-11T13:21:52,"(21.38585217, -157.73637845)"
FRT69005,move to,LOC_중앙킬존남측,2026-09-11T13:21:52,"(21.38602296, -157.73637237)"
FRT80008,move to,LOC_중앙킬존남측,2026-09-11T13:21:52,"(21.38340143, -157.74891573)"
FRT69004,move to,LOC_중앙킬존남측,2026-09-11T13:21:52,"(21.38593754, -157.73637542)"
FRT80006,move to,LOC_중앙킬존남측,2026-09-11T13:21:52,"(21.38353658, -157.74904341)"
FRT80007,move to,LOC_중앙킬존남측,2026-09-11T13:21:52,"(21.38346862, -157.74898004)"
FRLAV001,move to,LOC_중앙킬존남측,2026-09-11T13:21:52,"(21.39019076, -157.74132048)"
FRT69008,move to,LOC_중앙킬존남측,2026-09-11T13:21:52,"(21.38627956, -157.73636314)"
FRT80003,move to,LOC_중앙킬존남측,2026-09-11T13:21:52,"(21.38373678, -157.74923884)"
FRT69009,move to,LOC_중앙킬존남측,2026-09-11T13:21:52,"(21.38636520, -157.73636004)"
FRLAV003,move to,LOC_중앙킬존남측,2026-09-11T13:21:52,"(21.39026309, -157.74148900)"
FRT80004,move to,LOC_중앙킬존남측,2026-09-11T13:21:52,"(21.38367071, -157.74917284)"
FRLAV005,move to,LOC_중앙킬존남측,2026-09-11T13:21:52,"(21.39032332, -157.74166360)"
FRT69010,move to,LOC_중앙킬존남측,2026-09-11T13:21:52,"(21.38645092, -157.73635690)"
FRLAV004,move to,LOC_중앙킬존남측,2026-09-11T13:21:52,"(21.39033362, -157.74155568)"
FRM109003,move to,LOC_아군박격포진지,2026-09-11T13:21:52,"(21.39302178, -157.74166401)"
FRTRK1003,move to,LOC_남측제1방어선,2026-09-11T13:21:53,"(21.38802420, -157.74968013)"
FRTRK1001,move to,LOC_남측제1방어선,2026-09-11T13:21:53,"(21.38819946, -157.74971142)"
FRTRK2001,move to,LOC_남측제1방어선,2026-09-11T13:21:53,"(21.38793819, -157.74967176)"
FRTRK2002,move to,LOC_남측제1방어선,2026-09-11T13:21:53,"(21.38785377, -157.74967451)"
FRTRK1002,move to,LOC_남측제1방어선,2026-09-11T13:21:53,"(21.38811086, -157.74969032)"
FRTRK2004,move to,LOC_남측제1방어선,2026-09-11T13:21:53,"(21.38771616, -157.74969361)"
FRTRK1005,move to,LOC_남측제1방어선,2026-09-11T13:21:53,"(21.38778448, -157.74966581)"
FRTRK2003,move to,LOC_남측제1방어선,2026-09-11T13:21:53,"(21.38765210, -157.74969917)"
FRTRK1004,move to,LOC_남측제1방어선,2026-09-11T13:21:53,"(21.38755837, -157.74964545)"
FRT69007,move to,LOC_중앙킬존남측,2026-09-11T13:21:53,"(21.38619397, -157.73636623)"
FRT80001,move to,LOC_중앙킬존남측,2026-09-11T13:21:53,"(21.38387163, -157.74936738)"
FRT69002,move to,LOC_중앙킬존남측,2026-09-11T13:21:53,"(21.38576686, -157.73638147)"
FRT69001,move to,LOC_중앙킬존남측,2026-09-11T13:21:53,"(21.38568160, -157.73638448)"
FRT80002,move to,LOC_중앙킬존남측,2026-09-11T13:21:53,"(21.38380423, -157.74930288)"
FRAHS001,move to,LOC_아군박격포진지,2026-09-11T13:21:53,"(21.39264003, -157.74068140)"
FRT80005,move to,LOC_중앙킬존남측,2026-09-11T13:21:53,"(21.38360378, -157.74910795)"
FRT69006,move to,LOC_중앙킬존남측,2026-09-11T13:21:53,"(21.38610844, -157.73636930)"
FRLAV002,move to,LOC_중앙킬존남측,2026-09-11T13:21:53,"(21.39026240, -157.74138581)"
FRT69003,move to,LOC_중앙킬존남측,2026-09-11T13:21:53,"(21.38585217, -157.73637845)"
FRT69005,move to,LOC_중앙킬존남측,2026-09-11T13:21:53,"(21.38602296, -157.73637237)"
FRT80008,move to,LOC_중앙킬존남측,2026-09-11T13:21:53,"(21.38340143, -157.74891573)"
FRT69004,move to,LOC_중앙킬존남측,2026-09-11T13:21:53,"(21.38593754, -157.73637542)"
FRT80006,move to,LOC_중앙킬존남측,2026-09-11T13:21:53,"(21.38353658, -157.74904341)"
FRT80007,move to,LOC_중앙킬존남측,2026-09-11T13:21:53,"(21.38346862, -157.74898004)"
FRLAV001,move to,LOC_중앙킬존남측,2026-09-11T13:21:53,"(21.39019076, -157.74132048)"
FRT69008,move to,LOC_중앙킬존남측,2026-09-11T13:21:53,"(21.38627956, -157.73636314)"
FRT80003,move to,LOC_중앙킬존남측,2026-09-11T13:21:53,"(21.38373678, -157.74923884)"
FRT69009,move to,LOC_중앙킬존남측,2026-09-11T13:21:53,"(21.38636520, -157.73636004)"
FRLAV003,move to,LOC_중앙킬존남측,2026-09-11T13:21:53,"(21.39026309, -157.74148900)"
FRT80004,move to,LOC_중앙킬존남측,2026-09-11T13:21:53,"(21.38367071, -157.74917284)"
FRLAV005,move to,LOC_중앙킬존남측,2026-09-11T13:21:53,"(21.39032332, -157.74166360)"
FRT69010,move to,LOC_중앙킬존남측,2026-09-11T13:21:53,"(21.38645092, -157.73635690)"
FRLAV004,move to,LOC_중앙킬존남측,2026-09-11T13:21:53,"(21.39033362, -157.74155568)"
FRM109003,move to,LOC_아군박격포진지,2026-09-11T13:21:53,"(21.39302178, -157.74166401)"
FRTRK1003,move to,LOC_남측제1방어선,2026-09-11T13:21:54,"(21.38800086, -157.74950301)"
FRTRK1001,move to,LOC_남측제1방어선,2026-09-11T13:21:54,"(21.38817151, -157.74952232)"
FRTRK2001,move to,LOC_남측제1방어선,2026-09-11T13:21:54,"(21.38791539, -157.74948751)"
FRTRK2002,move to,LOC_남측제1방어선,2026-09-11T13:21:54,"(21.38783195, -157.74948596)"
FRTRK1002,move to,LOC_남측제1방어선,2026-09-11T13:21:54,"(21.38808546, -157.74950862)"
FRTRK2004,move to,LOC_남측제1방어선,2026-09-11T13:21:54,"(21.38769665, -157.74950332)"
FRTRK1005,move to,LOC_남측제1방어선,2026-09-11T13:21:54,"(21.38776376, -157.74947623)"
FRTRK2003,move to,LOC_남측제1방어선,2026-09-11T13:21:54,"(21.38763382, -157.74950969)"
FRTRK1004,move to,LOC_남측제1방어선,2026-09-11T13:21:54,"(21.38754163, -157.74945539)"
FRT69007,move to,LOC_중앙킬존남측,2026-09-11T13:21:54,"(21.38610514, -157.73653301)"
FRT80001,move to,LOC_중앙킬존남측,2026-09-11T13:21:54,"(21.38373889, -157.74923798)"
FRT69002,move to,LOC_중앙킬존남측,2026-09-11T13:21:54,"(21.38568351, -157.73655128)"
FRT69001,move to,LOC_중앙킬존남측,2026-09-11T13:21:54,"(21.38559930, -157.73655504)"
FRAHS001,move to,LOC_아군박격포진지,2026-09-11T13:21:54,"(21.39256431, -157.74050714)"
FRT69006,move to,LOC_중앙킬존남측,2026-09-11T13:21:54,"(21.38602066, -157.73653672)"
FRLAV002,move to,LOC_중앙킬존남측,2026-09-11T13:21:54,"(21.39026303, -157.74138547)"
FRT69003,move to,LOC_중앙킬존남측,2026-09-11T13:21:54,"(21.38576765, -157.73654777)"
FRT69005,move to,LOC_중앙킬존남측,2026-09-11T13:21:54,"(21.38593626, -157.73654042)"
FRT69004,move to,LOC_중앙킬존남측,2026-09-11T13:21:54,"(21.38585192, -157.73654410)"
FRLAV001,move to,LOC_중앙킬존남측,2026-09-11T13:21:54,"(21.39019190, -157.74131986)"
FRT69008,move to,LOC_중앙킬존남측,2026-09-11T13:21:54,"(21.38618968, -157.73652928)"
FRT69009,move to,LOC_중앙킬존남측,2026-09-11T13:21:54,"(21.38627429, -157.73652554)"
FRLAV003,move to,LOC_중앙킬존남측,2026-09-11T13:21:54,"(21.39026467, -157.74148817)"
FRLAV005,move to,LOC_중앙킬존남측,2026-09-11T13:21:54,"(21.39032505, -157.74166273)"
FRT69010,move to,LOC_중앙킬존남측,2026-09-11T13:21:54,"(21.38635905, -157.73652163)"
FRM109003,move to,LOC_아군박격포진지,2026-09-11T13:21:54,"(21.39294748, -157.74148896)"
FRM109001,move to,LOC_아군박격포진지,2026-09-11T13:21:54,"(21.39285791, -157.74156804)"
FRTRK1003,move to,LOC_남측제1방어선,2026-09-11T13:21:55,"(21.38800086, -157.74950301)"
FRTRK1001,move to,LOC_남측제1방어선,2026-09-11T13:21:55,"(21.38817151, -157.74952232)"
FRTRK2001,move to,LOC_남측제1방어선,2026-09-11T13:21:55,"(21.38791539, -157.74948751)"
FRTRK2002,move to,LOC_남측제1방어선,2026-09-11T13:21:55,"(21.38783195, -157.74948596)"
FRTRK1002,move to,LOC_남측제1방어선,2026-09-11T13:21:55,"(21.38808546, -157.74950862)"
FRTRK2004,move to,LOC_남측제1방어선,2026-09-11T13:21:55,"(21.38769665, -157.74950332)"
FRTRK1005,move to,LOC_남측제1방어선,2026-09-11T13:21:55,"(21.38776376, -157.74947623)"
FRTRK2003,move to,LOC_남측제1방어선,2026-09-11T13:21:55,"(21.38763382, -157.74950969)"
FRTRK1004,move to,LOC_남측제1방어선,2026-09-11T13:21:55,"(21.38754163, -157.74945539)"
FRT69007,move to,LOC_중앙킬존남측,2026-09-11T13:21:55,"(21.38610514, -157.73653301)"
FRT80001,move to,LOC_중앙킬존남측,2026-09-11T13:21:55,"(21.38373889, -157.74923798)"
FRT69002,move to,LOC_중앙킬존남측,2026-09-11T13:21:55,"(21.38568351, -157.73655128)"
FRT69001,move to,LOC_중앙킬존남측,2026-09-11T13:21:55,"(21.38559930, -157.73655504)"
FRAHS001,move to,LOC_아군박격포진지,2026-09-11T13:21:55,"(21.39256431, -157.74050714)"
FRT69006,move to,LOC_중앙킬존남측,2026-09-11T13:21:55,"(21.38602066, -157.73653672)"
FRLAV002,move to,LOC_중앙킬존남측,2026-09-11T13:21:55,"(21.39026303, -157.74138547)"
FRT69003,move to,LOC_중앙킬존남측,2026-09-11T13:21:55,"(21.38576765, -157.73654777)"
FRT69005,move to,LOC_중앙킬존남측,2026-09-11T13:21:55,"(21.38593626, -157.73654042)"
FRT69004,move to,LOC_중앙킬존남측,2026-09-11T13:21:55,"(21.38585192, -157.73654410)"
FRLAV001,move to,LOC_중앙킬존남측,2026-09-11T13:21:55,"(21.39019190, -157.74131986)"
FRT69008,move to,LOC_중앙킬존남측,2026-09-11T13:21:55,"(21.38618968, -157.73652928)"
FRT69009,move to,LOC_중앙킬존남측,2026-09-11T13:21:55,"(21.38627429, -157.73652554)"
FRLAV003,move to,LOC_중앙킬존남측,2026-09-11T13:21:55,"(21.39026467, -157.74148817)"
FRLAV005,move to,LOC_중앙킬존남측,2026-09-11T13:21:55,"(21.39032505, -157.74166273)"
FRT69010,move to,LOC_중앙킬존남측,2026-09-11T13:21:55,"(21.38635905, -157.73652163)"
FRM109003,move to,LOC_아군박격포진지,2026-09-11T13:21:55,"(21.39294748, -157.74148896)"
FRM109001,move to,LOC_아군박격포진지,2026-09-11T13:21:55,"(21.39285791, -157.74156804)"
FRTRK1003,move to,LOC_남측제1방어선,2026-09-11T13:21:56,"(21.38797504, -157.74930705)"
FRTRK1001,move to,LOC_남측제1방어선,2026-09-11T13:21:56,"(21.38815004, -157.74937702)"
FRTRK2001,move to,LOC_남측제1방어선,2026-09-11T13:21:56,"(21.38789058, -157.74928693)"
FRTRK2002,move to,LOC_남측제1방어선,2026-09-11T13:21:56,"(21.38780916, -157.74928900)"
FRTRK1002,move to,LOC_남측제1방어선,2026-09-11T13:21:56,"(21.38806433, -157.74935742)"
FRTRK2004,move to,LOC_남측제1방어선,2026-09-11T13:21:56,"(21.38767637, -157.74930563)"
FRTRK1005,move to,LOC_남측제1방어선,2026-09-11T13:21:56,"(21.38774209, -157.74927787)"
FRTRK2003,move to,LOC_남측제1방어선,2026-09-11T13:21:56,"(21.38761465, -157.74931102)"
FRTRK1004,move to,LOC_남측제1방어선,2026-09-11T13:21:56,"(21.38752415, -157.74925698)"
FRT69007,move to,LOC_중앙킬존남측,2026-09-11T13:21:56,"(21.38601261, -157.73670673)"
FRT80001,move to,LOC_중앙킬존남측,2026-09-11T13:21:56,"(21.38360078, -157.74910336)"
FRT69002,move to,LOC_중앙킬존남측,2026-09-11T13:21:56,"(21.38559645, -157.73672863)"
FRT69001,move to,LOC_중앙킬존남측,2026-09-11T13:21:56,"(21.38551358, -157.73673270)"
FRAHS001,move to,LOC_아군박격포진지,2026-09-11T13:21:56,"(21.39248554, -157.74032584)"
FRT69006,move to,LOC_중앙킬존남측,2026-09-11T13:21:56,"(21.38592923, -157.73671111)"
FRLAV002,move to,LOC_중앙킬존남측,2026-09-11T13:21:56,"(21.39026391, -157.74138500)"
FRT69003,move to,LOC_중앙킬존남측,2026-09-11T13:21:56,"(21.38567962, -157.73672410)"
FRT69005,move to,LOC_중앙킬존남측,2026-09-11T13:21:56,"(21.38584594, -157.73671547)"
FRT69004,move to,LOC_중앙킬존남측,2026-09-11T13:21:56,"(21.38576273, -157.73671981)"
FRLAV001,move to,LOC_중앙킬존남측,2026-09-11T13:21:56,"(21.39019347, -157.74131900)"
FRT69008,move to,LOC_중앙킬존남측,2026-09-11T13:21:56,"(21.38609606, -157.73670234)"
FRT69009,move to,LOC_중앙킬존남측,2026-09-11T13:21:56,"(21.38617959, -157.73669793)"
FRLAV003,move to,LOC_중앙킬존남측,2026-09-11T13:21:56,"(21.39026636, -157.74148729)"
FRLAV005,move to,LOC_중앙킬존남측,2026-09-11T13:21:56,"(21.39032685, -157.74166183)"
FRT69010,move to,LOC_중앙킬존남측,2026-09-11T13:21:56,"(21.38626317, -157.73669355)"
FRM109003,move to,LOC_아군박격포진지,2026-09-11T13:21:56,"(21.39287026, -157.74130700)"
FRM109001,move to,LOC_아군박격포진지,2026-09-11T13:21:56,"(21.39278501, -157.74138407)"
FRTRK1003,move to,LOC_남측제1방어선,2026-09-11T13:21:56,"(21.38797504, -157.74930705)"
FRTRK1001,move to,LOC_남측제1방어선,2026-09-11T13:21:56,"(21.38815004, -157.74937702)"
FRTRK2001,move to,LOC_남측제1방어선,2026-09-11T13:21:56,"(21.38789058, -157.74928693)"
FRTRK2002,move to,LOC_남측제1방어선,2026-09-11T13:21:56,"(21.38780916, -157.74928900)"
FRTRK1002,move to,LOC_남측제1방어선,2026-09-11T13:21:56,"(21.38806433, -157.74935742)"
FRTRK2004,move to,LOC_남측제1방어선,2026-09-11T13:21:56,"(21.38767637, -157.74930563)"
FRTRK1005,move to,LOC_남측제1방어선,2026-09-11T13:21:56,"(21.38774209, -157.74927787)"
FRTRK2003,move to,LOC_남측제1방어선,2026-09-11T13:21:56,"(21.38761465, -157.74931102)"
FRTRK1004,move to,LOC_남측제1방어선,2026-09-11T13:21:56,"(21.38752415, -157.74925698)"
FRT69007,move to,LOC_중앙킬존남측,2026-09-11T13:21:56,"(21.38601261, -157.73670673)"
FRT80001,move to,LOC_중앙킬존남측,2026-09-11T13:21:56,"(21.38360078, -157.74910336)"
FRT69002,move to,LOC_중앙킬존남측,2026-09-11T13:21:56,"(21.38559645, -157.73672863)"
FRT69001,move to,LOC_중앙킬존남측,2026-09-11T13:21:56,"(21.38551358, -157.73673270)"
FRAHS001,move to,LOC_아군박격포진지,2026-09-11T13:21:56,"(21.39248554, -157.74032584)"
FRT69006,move to,LOC_중앙킬존남측,2026-09-11T13:21:56,"(21.38592923, -157.73671111)"
FRLAV002,move to,LOC_중앙킬존남측,2026-09-11T13:21:56,"(21.39026391, -157.74138500)"
FRT69003,move to,LOC_중앙킬존남측,2026-09-11T13:21:56,"(21.38567962, -157.73672410)"
FRT69005,move to,LOC_중앙킬존남측,2026-09-11T13:21:56,"(21.38584594, -157.73671547)"
FRT69004,move to,LOC_중앙킬존남측,2026-09-11T13:21:56,"(21.38576273, -157.73671981)"
FRLAV001,move to,LOC_중앙킬존남측,2026-09-11T13:21:56,"(21.39019347, -157.74131900)"
FRT69008,move to,LOC_중앙킬존남측,2026-09-11T13:21:56,"(21.38609606, -157.73670234)"
FRT69009,move to,LOC_중앙킬존남측,2026-09-11T13:21:56,"(21.38617959, -157.73669793)"
FRLAV003,move to,LOC_중앙킬존남측,2026-09-11T13:21:56,"(21.39026636, -157.74148729)"
FRLAV005,move to,LOC_중앙킬존남측,2026-09-11T13:21:56,"(21.39032685, -157.74166183)"
FRT69010,move to,LOC_중앙킬존남측,2026-09-11T13:21:56,"(21.38626317, -157.73669355)"
FRM109003,move to,LOC_아군박격포진지,2026-09-11T13:21:56,"(21.39287026, -157.74130700)"
FRM109001,move to,LOC_아군박격포진지,2026-09-11T13:21:56,"(21.39278501, -157.74138407)"
FRTRK1003,move to,LOC_남측제1방어선,2026-09-11T13:21:57,"(21.38797504, -157.74930705)"
FRTRK1001,move to,LOC_남측제1방어선,2026-09-11T13:21:57,"(21.38815004, -157.74937702)"
FRTRK2001,move to,LOC_남측제1방어선,2026-09-11T13:21:57,"(21.38789058, -157.74928693)"
FRTRK2002,move to,LOC_남측제1방어선,2026-09-11T13:21:57,"(21.38780916, -157.74928900)"
FRTRK1002,move to,LOC_남측제1방어선,2026-09-11T13:21:57,"(21.38806433, -157.74935742)"
FRTRK2004,move to,LOC_남측제1방어선,2026-09-11T13:21:57,"(21.38767637, -157.74930563)"
FRTRK1005,move to,LOC_남측제1방어선,2026-09-11T13:21:57,"(21.38774209, -157.74927787)"
FRTRK2003,move to,LOC_남측제1방어선,2026-09-11T13:21:57,"(21.38761465, -157.74931102)"
FRTRK1004,move to,LOC_남측제1방어선,2026-09-11T13:21:57,"(21.38752415, -157.74925698)"
FRT69007,move to,LOC_중앙킬존남측,2026-09-11T13:21:57,"(21.38601261, -157.73670673)"
FRT80001,move to,LOC_중앙킬존남측,2026-09-11T13:21:57,"(21.38360078, -157.74910336)"
FRT69002,move to,LOC_중앙킬존남측,2026-09-11T13:21:57,"(21.38559645, -157.73672863)"
FRT69001,move to,LOC_중앙킬존남측,2026-09-11T13:21:57,"(21.38551358, -157.73673270)"
FRAHS001,move to,LOC_아군박격포진지,2026-09-11T13:21:57,"(21.39248554, -157.74032584)"
FRT69006,move to,LOC_중앙킬존남측,2026-09-11T13:21:57,"(21.38592923, -157.73671111)"
FRLAV002,move to,LOC_중앙킬존남측,2026-09-11T13:21:57,"(21.39026391, -157.74138500)"
FRT69003,move to,LOC_중앙킬존남측,2026-09-11T13:21:57,"(21.38567962, -157.73672410)"
FRT69005,move to,LOC_중앙킬존남측,2026-09-11T13:21:57,"(21.38584594, -157.73671547)"
FRT69004,move to,LOC_중앙킬존남측,2026-09-11T13:21:57,"(21.38576273, -157.73671981)"
FRLAV001,move to,LOC_중앙킬존남측,2026-09-11T13:21:57,"(21.39019347, -157.74131900)"
FRT69008,move to,LOC_중앙킬존남측,2026-09-11T13:21:57,"(21.38609606, -157.73670234)"
FRT69009,move to,LOC_중앙킬존남측,2026-09-11T13:21:57,"(21.38617959, -157.73669793)"
FRLAV003,move to,LOC_중앙킬존남측,2026-09-11T13:21:57,"(21.39026636, -157.74148729)"
FRLAV005,move to,LOC_중앙킬존남측,2026-09-11T13:21:57,"(21.39032685, -157.74166183)"
FRT69010,move to,LOC_중앙킬존남측,2026-09-11T13:21:57,"(21.38626317, -157.73669355)"
FRM109003,move to,LOC_아군박격포진지,2026-09-11T13:21:57,"(21.39287026, -157.74130700)"
FRM109001,move to,LOC_아군박격포진지,2026-09-11T13:21:57,"(21.39278501, -157.74138407)"
FRTRK1003,move to,LOC_남측제1방어선,2026-09-11T13:21:58,"(21.38794881, -157.74910797)"
FRTRK1001,move to,LOC_남측제1방어선,2026-09-11T13:21:58,"(21.38812789, -157.74922722)"
FRTRK2001,move to,LOC_남측제1방어선,2026-09-11T13:21:58,"(21.38786572, -157.74908600)"
FRTRK2002,move to,LOC_남측제1방어선,2026-09-11T13:21:58,"(21.38778580, -157.74908717)"
FRTRK1002,move to,LOC_남측제1방어선,2026-09-11T13:21:58,"(21.38803673, -157.74915997)"
FRTRK2004,move to,LOC_남측제1방어선,2026-09-11T13:21:58,"(21.38765576, -157.74910466)"
FRTRK1005,move to,LOC_남측제1방어선,2026-09-11T13:21:58,"(21.38772016, -157.74907717)"
FRTRK2003,move to,LOC_남측제1방어선,2026-09-11T13:21:58,"(21.38759528, -157.74911019)"
FRTRK1004,move to,LOC_남측제1방어선,2026-09-11T13:21:58,"(21.38750643, -157.74905590)"
FRT69007,move to,LOC_중앙킬존남측,2026-09-11T13:21:58,"(21.38591934, -157.73688184)"
FRT80001,move to,LOC_중앙킬존남측,2026-09-11T13:21:58,"(21.38346142, -157.74896751)"
FRT69002,move to,LOC_중앙킬존남측,2026-09-11T13:21:58,"(21.38550892, -157.73690695)"
FRT69001,move to,LOC_중앙킬존남측,2026-09-11T13:21:58,"(21.38542723, -157.73691166)"
FRAHS001,move to,LOC_아군박격포진지,2026-09-11T13:21:58,"(21.39240616, -157.74014316)"
FRT69006,move to,LOC_중앙킬존남측,2026-09-11T13:21:58,"(21.38583708, -157.73688689)"
FRT69003,move to,LOC_중앙킬존남측,2026-09-11T13:21:58,"(21.38559088, -157.73690184)"
FRT69005,move to,LOC_중앙킬존남측,2026-09-11T13:21:58,"(21.38575491, -157.73689191)"
FRT69004,move to,LOC_중앙킬존남측,2026-09-11T13:21:58,"(21.38567285, -157.73689690)"
FRLAV001,move to,LOC_중앙킬존남측,2026-09-11T13:21:58,"(21.39019514, -157.74131809)"
FRT69008,move to,LOC_중앙킬존남측,2026-09-11T13:21:58,"(21.38600169, -157.73687677)"
FRT69009,move to,LOC_중앙킬존남측,2026-09-11T13:21:58,"(21.38608414, -157.73687168)"
FRLAV003,move to,LOC_중앙킬존남측,2026-09-11T13:21:58,"(21.39026805, -157.74148641)"
FRLAV005,move to,LOC_중앙킬존남측,2026-09-11T13:21:58,"(21.39032864, -157.74166093)"
FRT69010,move to,LOC_중앙킬존남측,2026-09-11T13:21:58,"(21.38616656, -157.73686677)"
FRM109003,move to,LOC_아군박격포진지,2026-09-11T13:21:58,"(21.39279240, -157.74112353)"
FRM109001,move to,LOC_아군박격포진지,2026-09-11T13:21:58,"(21.39271150, -157.74119857)"
ENM35004,move to,LOC_적북측접근로,2026-09-11T13:21:58,"(21.37314214, -157.73438329)"
ENGAZ002,move to,LOC_적북측접근로,2026-09-11T13:21:58,"(21.37297204, -157.73444120)"
ENM35002,move to,LOC_적북측접근로,2026-09-11T13:21:58,"(21.37311943, -157.73448060)"
ENM35001,move to,LOC_적북측접근로,2026-09-11T13:21:58,"(21.37304547, -157.73446206)"
FRTRK1003,move to,LOC_남측제1방어선,2026-09-11T13:21:59,"(21.38794881, -157.74910797)"
FRTRK1001,move to,LOC_남측제1방어선,2026-09-11T13:21:59,"(21.38812789, -157.74922722)"
FRTRK2001,move to,LOC_남측제1방어선,2026-09-11T13:21:59,"(21.38786572, -157.74908600)"
FRTRK2002,move to,LOC_남측제1방어선,2026-09-11T13:21:59,"(21.38778580, -157.74908717)"
FRTRK1002,move to,LOC_남측제1방어선,2026-09-11T13:21:59,"(21.38803673, -157.74915997)"
FRTRK2004,move to,LOC_남측제1방어선,2026-09-11T13:21:59,"(21.38765576, -157.74910466)"
FRTRK1005,move to,LOC_남측제1방어선,2026-09-11T13:21:59,"(21.38772016, -157.74907717)"
FRTRK2003,move to,LOC_남측제1방어선,2026-09-11T13:21:59,"(21.38759528, -157.74911019)"
FRTRK1004,move to,LOC_남측제1방어선,2026-09-11T13:21:59,"(21.38750643, -157.74905590)"
FRT69007,move to,LOC_중앙킬존남측,2026-09-11T13:21:59,"(21.38591934, -157.73688184)"
FRT80001,move to,LOC_중앙킬존남측,2026-09-11T13:21:59,"(21.38346142, -157.74896751)"
FRT69002,move to,LOC_중앙킬존남측,2026-09-11T13:21:59,"(21.38550892, -157.73690695)"
FRT69001,move to,LOC_중앙킬존남측,2026-09-11T13:21:59,"(21.38542723, -157.73691166)"
FRAHS001,move to,LOC_아군박격포진지,2026-09-11T13:21:59,"(21.39240616, -157.74014316)"
FRT69006,move to,LOC_중앙킬존남측,2026-09-11T13:21:59,"(21.38583708, -157.73688689)"
FRT69003,move to,LOC_중앙킬존남측,2026-09-11T13:21:59,"(21.38559088, -157.73690184)"
FRT69005,move to,LOC_중앙킬존남측,2026-09-11T13:21:59,"(21.38575491, -157.73689191)"
FRT69004,move to,LOC_중앙킬존남측,2026-09-11T13:21:59,"(21.38567285, -157.73689690)"
FRLAV001,move to,LOC_중앙킬존남측,2026-09-11T13:21:59,"(21.39019514, -157.74131809)"
FRT69008,move to,LOC_중앙킬존남측,2026-09-11T13:21:59,"(21.38600169, -157.73687677)"
FRT69009,move to,LOC_중앙킬존남측,2026-09-11T13:21:59,"(21.38608414, -157.73687168)"
FRLAV003,move to,LOC_중앙킬존남측,2026-09-11T13:21:59,"(21.39026805, -157.74148641)"
FRLAV005,move to,LOC_중앙킬존남측,2026-09-11T13:21:59,"(21.39032864, -157.74166093)"
FRT69010,move to,LOC_중앙킬존남측,2026-09-11T13:21:59,"(21.38616656, -157.73686677)"
FRM109003,move to,LOC_아군박격포진지,2026-09-11T13:21:59,"(21.39279240, -157.74112353)"
FRM109001,move to,LOC_아군박격포진지,2026-09-11T13:21:59,"(21.39271150, -157.74119857)"
ENM35004,move to,LOC_적북측접근로,2026-09-11T13:21:59,"(21.37314214, -157.73438329)"
ENGAZ002,move to,LOC_적북측접근로,2026-09-11T13:21:59,"(21.37297204, -157.73444120)"
ENM35002,move to,LOC_적북측접근로,2026-09-11T13:21:59,"(21.37311943, -157.73448060)"
ENM35001,move to,LOC_적북측접근로,2026-09-11T13:21:59,"(21.37304547, -157.73446206)"
FRTRK1003,move to,LOC_남측제1방어선,2026-09-11T13:22:00,"(21.38792689, -157.74894158)"
FRTRK1001,move to,LOC_남측제1방어선,2026-09-11T13:22:00,"(21.38810013, -157.74903938)"
FRTRK2001,move to,LOC_남측제1방어선,2026-09-11T13:22:00,"(21.38784613, -157.74892768)"
FRTRK2002,move to,LOC_남측제1방어선,2026-09-11T13:22:00,"(21.38776598, -157.74891590)"
FRTRK1002,move to,LOC_남측제1방어선,2026-09-11T13:22:00,"(21.38801045, -157.74897188)"
FRTRK2004,move to,LOC_남측제1방어선,2026-09-11T13:22:00,"(21.38763634, -157.74891525)"
FRTRK1005,move to,LOC_남측제1방어선,2026-09-11T13:22:00,"(21.38769966, -157.74888962)"
FRTRK2003,move to,LOC_남측제1방어선,2026-09-11T13:22:00,"(21.38757700, -157.74892077)"
FRTRK1004,move to,LOC_남측제1방어선,2026-09-11T13:22:00,"(21.38748973, -157.74886632)"
FRT69007,move to,LOC_중앙킬존남측,2026-09-11T13:22:00,"(21.38583130, -157.73704713)"
FRT80001,move to,LOC_중앙킬존남측,2026-09-11T13:22:00,"(21.38332994, -157.74883935)"
FRT69002,move to,LOC_중앙킬존남측,2026-09-11T13:22:00,"(21.38542636, -157.73707513)"
FRT69001,move to,LOC_중앙킬존남측,2026-09-11T13:22:00,"(21.38534558, -157.73708086)"
FRAHS001,move to,LOC_아군박격포진지,2026-09-11T13:22:00,"(21.39233119, -157.73997062)"
FRT69006,move to,LOC_중앙킬존남측,2026-09-11T13:22:00,"(21.38575009, -157.73705281)"
FRT69003,move to,LOC_중앙킬존남측,2026-09-11T13:22:00,"(21.38550727, -157.73706933)"
FRT69005,move to,LOC_중앙킬존남측,2026-09-11T13:22:00,"(21.38566899, -157.73705844)"
FRT69004,move to,LOC_중앙킬존남측,2026-09-11T13:22:00,"(21.38558821, -157.73706364)"
FRLAV001,move to,LOC_중앙킬존남측,2026-09-11T13:22:00,"(21.39019671, -157.74131724)"
FRT69008,move to,LOC_중앙킬존남측,2026-09-11T13:22:00,"(21.38591261, -157.73704143)"
FRT69009,move to,LOC_중앙킬존남측,2026-09-11T13:22:00,"(21.38599403, -157.73703571)"
FRLAV003,move to,LOC_중앙킬존남측,2026-09-11T13:22:00,"(21.39026965, -157.74148557)"
FRLAV005,move to,LOC_중앙킬존남측,2026-09-11T13:22:00,"(21.39033030, -157.74166010)"
FRT69010,move to,LOC_중앙킬존남측,2026-09-11T13:22:00,"(21.38607547, -157.73703011)"
FRM109003,move to,LOC_아군박격포진지,2026-09-11T13:22:00,"(21.39271887, -157.74095030)"
FRM109001,move to,LOC_아군박격포진지,2026-09-11T13:22:00,"(21.39264209, -157.74102340)"
ENM35004,move to,LOC_적북측접근로,2026-09-11T13:22:00,"(21.37309692, -157.73456690)"
ENM35002,move to,LOC_적북측접근로,2026-09-11T13:22:00,"(21.37307411, -157.73466449)"
ENM35001,move to,LOC_적북측접근로,2026-09-11T13:22:00,"(21.37300202, -157.73464645)"
ENT72007,move to,LOC_중앙계곡,2026-09-11T13:22:00,"(21.37342577, -157.74139250)"
ENT72003,move to,LOC_중앙계곡,2026-09-11T13:22:00,"(21.37360713, -157.74137616)"
ENCAESAR002,move to,LOC_적후방보급집결지,2026-09-11T13:22:00,"(21.37129303, -157.73580817)"
ENM1A2001,move to,LOC_중앙계곡,2026-09-11T13:22:00,"(21.37495897, -157.74267840)"
ENT72005,move to,LOC_중앙계곡,2026-09-11T13:22:00,"(21.37351880, -157.74138416)"
ENT72001,move to,LOC_중앙계곡,2026-09-11T13:22:00,"(21.37370354, -157.74136761)"
ENCAESAR004,move to,LOC_북측예비방어선,2026-09-11T13:22:00,"(21.37101865, -157.73836372)"
ENT72009,move to,LOC_중앙계곡,2026-09-11T13:22:00,"(21.37333762, -157.74140052)"
ENCAESAR003,move to,LOC_적후방보급집결지,2026-09-11T13:22:00,"(21.37124303, -157.73588036)"
FRTRK1003,move to,LOC_남측제1방어선,2026-09-11T13:22:01,"(21.38792689, -157.74894158)"
FRTRK1001,move to,LOC_남측제1방어선,2026-09-11T13:22:01,"(21.38810013, -157.74903938)"
FRTRK2001,move to,LOC_남측제1방어선,2026-09-11T13:22:01,"(21.38784613, -157.74892768)"
FRTRK2002,move to,LOC_남측제1방어선,2026-09-11T13:22:01,"(21.38776598, -157.74891590)"
FRTRK1002,move to,LOC_남측제1방어선,2026-09-11T13:22:01,"(21.38801045, -157.74897188)"
FRTRK2004,move to,LOC_남측제1방어선,2026-09-11T13:22:01,"(21.38763634, -157.74891525)"
FRTRK1005,move to,LOC_남측제1방어선,2026-09-11T13:22:01,"(21.38769966, -157.74888962)"
FRTRK2003,move to,LOC_남측제1방어선,2026-09-11T13:22:01,"(21.38757700, -157.74892077)"
FRTRK1004,move to,LOC_남측제1방어선,2026-09-11T13:22:01,"(21.38748973, -157.74886632)"
FRT69007,move to,LOC_중앙킬존남측,2026-09-11T13:22:01,"(21.38583130, -157.73704713)"
FRT80001,move to,LOC_중앙킬존남측,2026-09-11T13:22:01,"(21.38332994, -157.74883935)"
FRT69002,move to,LOC_중앙킬존남측,2026-09-11T13:22:01,"(21.38542636, -157.73707513)"
FRT69001,move to,LOC_중앙킬존남측,2026-09-11T13:22:01,"(21.38534558, -157.73708086)"
FRAHS001,move to,LOC_아군박격포진지,2026-09-11T13:22:01,"(21.39233119, -157.73997062)"
FRT69006,move to,LOC_중앙킬존남측,2026-09-11T13:22:01,"(21.38575009, -157.73705281)"
FRT69003,move to,LOC_중앙킬존남측,2026-09-11T13:22:01,"(21.38550727, -157.73706933)"
FRT69005,move to,LOC_중앙킬존남측,2026-09-11T13:22:01,"(21.38566899, -157.73705844)"
FRT69004,move to,LOC_중앙킬존남측,2026-09-11T13:22:01,"(21.38558821, -157.73706364)"
FRLAV001,move to,LOC_중앙킬존남측,2026-09-11T13:22:01,"(21.39019671, -157.74131724)"
FRT69008,move to,LOC_중앙킬존남측,2026-09-11T13:22:01,"(21.38591261, -157.73704143)"
FRT69009,move to,LOC_중앙킬존남측,2026-09-11T13:22:01,"(21.38599403, -157.73703571)"
FRLAV003,move to,LOC_중앙킬존남측,2026-09-11T13:22:01,"(21.39026965, -157.74148557)"
FRLAV005,move to,LOC_중앙킬존남측,2026-09-11T13:22:01,"(21.39033030, -157.74166010)"
FRT69010,move to,LOC_중앙킬존남측,2026-09-11T13:22:01,"(21.38607547, -157.73703011)"
FRM109003,move to,LOC_아군박격포진지,2026-09-11T13:22:01,"(21.39271887, -157.74095030)"
FRM109001,move to,LOC_아군박격포진지,2026-09-11T13:22:01,"(21.39264209, -157.74102340)"
ENM35004,move to,LOC_적북측접근로,2026-09-11T13:22:01,"(21.37309692, -157.73456690)"
ENM35002,move to,LOC_적북측접근로,2026-09-11T13:22:01,"(21.37307411, -157.73466449)"
ENM35001,move to,LOC_적북측접근로,2026-09-11T13:22:01,"(21.37300202, -157.73464645)"
ENT72007,move to,LOC_중앙계곡,2026-09-11T13:22:01,"(21.37342577, -157.74139250)"
ENT72003,move to,LOC_중앙계곡,2026-09-11T13:22:01,"(21.37360713, -157.74137616)"
ENCAESAR002,move to,LOC_적후방보급집결지,2026-09-11T13:22:01,"(21.37129303, -157.73580817)"
ENM1A2001,move to,LOC_중앙계곡,2026-09-11T13:22:01,"(21.37495897, -157.74267840)"
ENT72005,move to,LOC_중앙계곡,2026-09-11T13:22:01,"(21.37351880, -157.74138416)"
ENT72001,move to,LOC_중앙계곡,2026-09-11T13:22:01,"(21.37370354, -157.74136761)"
ENCAESAR004,move to,LOC_북측예비방어선,2026-09-11T13:22:01,"(21.37101865, -157.73836372)"
ENT72009,move to,LOC_중앙계곡,2026-09-11T13:22:01,"(21.37333762, -157.74140052)"
ENCAESAR003,move to,LOC_적후방보급집결지,2026-09-11T13:22:01,"(21.37124303, -157.73588036)"
FRTRK1003,move to,LOC_남측제1방어선,2026-09-11T13:22:02,"(21.38791012, -157.74881434)"
FRTRK1001,move to,LOC_남측제1방어선,2026-09-11T13:22:02,"(21.38807127, -157.74884411)"
FRTRK2001,move to,LOC_남측제1방어선,2026-09-11T13:22:02,"(21.38783342, -157.74882495)"
FRTRK2002,move to,LOC_남측제1방어선,2026-09-11T13:22:02,"(21.38775365, -157.74880937)"
FRTRK1002,move to,LOC_남측제1방어선,2026-09-11T13:22:02,"(21.38798270, -157.74877335)"
FRTRK2004,move to,LOC_남측제1방어선,2026-09-11T13:22:02,"(21.38761598, -157.74871674)"
FRTRK1005,move to,LOC_남측제1방어선,2026-09-11T13:22:02,"(21.38768452, -157.74875108)"
FRTRK2003,move to,LOC_남측제1방어선,2026-09-11T13:22:02,"(21.38755782, -157.74872197)"
FRTRK1004,move to,LOC_남측제1방어선,2026-09-11T13:22:02,"(21.38747220, -157.74866730)"
FRT69007,move to,LOC_중앙킬존남측,2026-09-11T13:22:02,"(21.38573896, -157.73722049)"
FRT80001,move to,LOC_중앙킬존남측,2026-09-11T13:22:02,"(21.38319185, -157.74870473)"
FRT69002,move to,LOC_중앙킬존남측,2026-09-11T13:22:02,"(21.38533963, -157.73725182)"
FRT69001,move to,LOC_중앙킬존남측,2026-09-11T13:22:02,"(21.38526047, -157.73725726)"
FRAHS001,move to,LOC_아군박격포진지,2026-09-11T13:22:02,"(21.39225253, -157.73978959)"
FRT69006,move to,LOC_중앙킬존남측,2026-09-11T13:22:02,"(21.38565903, -157.73722650)"
FRT69003,move to,LOC_중앙킬존남측,2026-09-11T13:22:02,"(21.38541921, -157.73724572)"
FRT69005,move to,LOC_중앙킬존남측,2026-09-11T13:22:02,"(21.38557935, -157.73723219)"
FRT69004,move to,LOC_중앙킬존남측,2026-09-11T13:22:02,"(21.38549981, -157.73723781)"
FRLAV001,move to,LOC_중앙킬존남측,2026-09-11T13:22:02,"(21.39019836, -157.74131634)"
FRT69008,move to,LOC_중앙킬존남측,2026-09-11T13:22:02,"(21.38581915, -157.73721419)"
FRT69009,move to,LOC_중앙킬존남측,2026-09-11T13:22:02,"(21.38589948, -157.73720783)"
FRLAV003,move to,LOC_중앙킬존남측,2026-09-11T13:22:02,"(21.39027133, -157.74148469)"
FRLAV005,move to,LOC_중앙킬존남측,2026-09-11T13:22:02,"(21.39033202, -157.74165924)"
FRT69010,move to,LOC_중앙킬존남측,2026-09-11T13:22:02,"(21.38597985, -157.73720158)"
ENM35004,move to,LOC_적북측접근로,2026-09-11T13:22:02,"(21.37304931, -157.73476023)"
ENM35002,move to,LOC_적북측접근로,2026-09-11T13:22:02,"(21.37302645, -157.73485790)"
ENM35001,move to,LOC_적북측접근로,2026-09-11T13:22:02,"(21.37295630, -157.73484047)"
ENT72007,move to,LOC_중앙계곡,2026-09-11T13:22:02,"(21.37360938, -157.74137957)"
ENT72003,move to,LOC_중앙계곡,2026-09-11T13:22:02,"(21.37379482, -157.74136306)"
ENCAESAR002,move to,LOC_적후방보급집결지,2026-09-11T13:22:02,"(21.37140846, -157.73565112)"
ENM1A2001,move to,LOC_중앙계곡,2026-09-11T13:22:02,"(21.37513354, -157.74260833)"
ENT72005,move to,LOC_중앙계곡,2026-09-11T13:22:02,"(21.37370142, -157.74137136)"
ENT72001,move to,LOC_중앙계곡,2026-09-11T13:22:02,"(21.37389028, -157.74135464)"
ENCAESAR004,move to,LOC_북측예비방어선,2026-09-11T13:22:02,"(21.37110624, -157.73853979)"
ENT72009,move to,LOC_중앙계곡,2026-09-11T13:22:02,"(21.37352303, -157.74138740)"
ENCAESAR003,move to,LOC_적후방보급집결지,2026-09-11T13:22:02,"(21.37135638, -157.73572592)"
ENBTR60001,move to,LOC_중앙계곡,2026-09-11T13:22:02,"(21.37057202, -157.74081610)"
ENBTR80004,move to,LOC_중앙계곡,2026-09-11T13:22:02,"(21.37038602, -157.74027816)"
ENBTR60003,move to,LOC_중앙계곡,2026-09-11T13:22:02,"(21.37069096, -157.74069135)"
ENBTR80001,move to,LOC_중앙계곡,2026-09-11T13:22:02,"(21.37043646, -157.74032700)"
ENBTR80006,move to,LOC_중앙계곡,2026-09-11T13:22:02,"(21.37049052, -157.74015331)"
ENT72011,move to,LOC_중앙계곡,2026-09-11T13:22:02,"(21.37343778, -157.74139516)"
ENBTR80003,move to,LOC_중앙계곡,2026-09-11T13:22:02,"(21.37055686, -157.74020340)"
ENBTR60002,move to,LOC_중앙계곡,2026-09-11T13:22:02,"(21.37063544, -157.74075374)"
ENBTR80005,move to,LOC_중앙계곡,2026-09-11T13:22:02,"(21.37043723, -157.74021559)"
ENMIM001,move to,LOC_적북측접근로,2026-09-11T13:22:02,"(21.37073393, -157.73851297)"
ENCAESAR001,move to,LOC_적북측접근로,2026-09-11T13:22:02,"(21.37057452, -157.73878147)"
ENBTR80002,move to,LOC_중앙계곡,2026-09-11T13:22:02,"(21.37049238, -157.74026474)"
FRTRK1003,move to,LOC_남측제1방어선,2026-09-11T13:22:03,"(21.38791012, -157.74881434)"
FRTRK1001,move to,LOC_남측제1방어선,2026-09-11T13:22:03,"(21.38807127, -157.74884411)"
FRTRK2001,move to,LOC_남측제1방어선,2026-09-11T13:22:03,"(21.38783342, -157.74882495)"
FRTRK2002,move to,LOC_남측제1방어선,2026-09-11T13:22:03,"(21.38775365, -157.74880937)"
FRTRK1002,move to,LOC_남측제1방어선,2026-09-11T13:22:03,"(21.38798270, -157.74877335)"
FRTRK2004,move to,LOC_남측제1방어선,2026-09-11T13:22:03,"(21.38761598, -157.74871674)"
FRTRK1005,move to,LOC_남측제1방어선,2026-09-11T13:22:03,"(21.38768452, -157.74875108)"
FRTRK2003,move to,LOC_남측제1방어선,2026-09-11T13:22:03,"(21.38755782, -157.74872197)"
FRTRK1004,move to,LOC_남측제1방어선,2026-09-11T13:22:03,"(21.38747220, -157.74866730)"
FRT69007,move to,LOC_중앙킬존남측,2026-09-11T13:22:03,"(21.38573896, -157.73722049)"
FRT80001,move to,LOC_중앙킬존남측,2026-09-11T13:22:03,"(21.38319185, -157.74870473)"
FRT69002,move to,LOC_중앙킬존남측,2026-09-11T13:22:03,"(21.38533963, -157.73725182)"
FRT69001,move to,LOC_중앙킬존남측,2026-09-11T13:22:03,"(21.38526047, -157.73725726)"
FRAHS001,move to,LOC_아군박격포진지,2026-09-11T13:22:03,"(21.39225253, -157.73978959)"
FRT69006,move to,LOC_중앙킬존남측,2026-09-11T13:22:03,"(21.38565903, -157.73722650)"
FRT69003,move to,LOC_중앙킬존남측,2026-09-11T13:22:03,"(21.38541921, -157.73724572)"
FRT69005,move to,LOC_중앙킬존남측,2026-09-11T13:22:03,"(21.38557935, -157.73723219)"
FRT69004,move to,LOC_중앙킬존남측,2026-09-11T13:22:03,"(21.38549981, -157.73723781)"
FRLAV001,move to,LOC_중앙킬존남측,2026-09-11T13:22:03,"(21.39019836, -157.74131634)"
FRT69008,move to,LOC_중앙킬존남측,2026-09-11T13:22:03,"(21.38581915, -157.73721419)"
FRT69009,move to,LOC_중앙킬존남측,2026-09-11T13:22:03,"(21.38589948, -157.73720783)"
FRLAV003,move to,LOC_중앙킬존남측,2026-09-11T13:22:03,"(21.39027133, -157.74148469)"
FRLAV005,move to,LOC_중앙킬존남측,2026-09-11T13:22:03,"(21.39033202, -157.74165924)"
FRT69010,move to,LOC_중앙킬존남측,2026-09-11T13:22:03,"(21.38597985, -157.73720158)"
ENM35004,move to,LOC_적북측접근로,2026-09-11T13:22:03,"(21.37304931, -157.73476023)"
ENM35002,move to,LOC_적북측접근로,2026-09-11T13:22:03,"(21.37302645, -157.73485790)"
ENM35001,move to,LOC_적북측접근로,2026-09-11T13:22:03,"(21.37295630, -157.73484047)"
ENT72007,move to,LOC_중앙계곡,2026-09-11T13:22:03,"(21.37360938, -157.74137957)"
ENT72003,move to,LOC_중앙계곡,2026-09-11T13:22:03,"(21.37379482, -157.74136306)"
ENCAESAR002,move to,LOC_적후방보급집결지,2026-09-11T13:22:03,"(21.37140846, -157.73565112)"
ENM1A2001,move to,LOC_중앙계곡,2026-09-11T13:22:03,"(21.37513354, -157.74260833)"
ENT72005,move to,LOC_중앙계곡,2026-09-11T13:22:03,"(21.37370142, -157.74137136)"
ENT72001,move to,LOC_중앙계곡,2026-09-11T13:22:03,"(21.37389028, -157.74135464)"
ENCAESAR004,move to,LOC_북측예비방어선,2026-09-11T13:22:03,"(21.37110624, -157.73853979)"
ENT72009,move to,LOC_중앙계곡,2026-09-11T13:22:03,"(21.37352303, -157.74138740)"
ENCAESAR003,move to,LOC_적후방보급집결지,2026-09-11T13:22:03,"(21.37135638, -157.73572592)"
ENBTR60001,move to,LOC_중앙계곡,2026-09-11T13:22:03,"(21.37057202, -157.74081610)"
ENBTR80004,move to,LOC_중앙계곡,2026-09-11T13:22:03,"(21.37038602, -157.74027816)"
ENBTR60003,move to,LOC_중앙계곡,2026-09-11T13:22:03,"(21.37069096, -157.74069135)"
ENBTR80001,move to,LOC_중앙계곡,2026-09-11T13:22:03,"(21.37043646, -157.74032700)"
ENBTR80006,move to,LOC_중앙계곡,2026-09-11T13:22:03,"(21.37049052, -157.74015331)"
ENT72011,move to,LOC_중앙계곡,2026-09-11T13:22:03,"(21.37343778, -157.74139516)"
ENBTR80003,move to,LOC_중앙계곡,2026-09-11T13:22:03,"(21.37055686, -157.74020340)"
ENBTR60002,move to,LOC_중앙계곡,2026-09-11T13:22:03,"(21.37063544, -157.74075374)"
ENBTR80005,move to,LOC_중앙계곡,2026-09-11T13:22:03,"(21.37043723, -157.74021559)"
ENMIM001,move to,LOC_적북측접근로,2026-09-11T13:22:03,"(21.37073393, -157.73851297)"
ENCAESAR001,move to,LOC_적북측접근로,2026-09-11T13:22:03,"(21.37057452, -157.73878147)"
ENBTR80002,move to,LOC_중앙계곡,2026-09-11T13:22:03,"(21.37049238, -157.74026474)"
FRTRK1003,move to,LOC_남측제1방어선,2026-09-11T13:22:04,"(21.38791012, -157.74881434)"
FRTRK1001,move to,LOC_남측제1방어선,2026-09-11T13:22:04,"(21.38807127, -157.74884411)"
FRTRK2001,move to,LOC_남측제1방어선,2026-09-11T13:22:04,"(21.38783342, -157.74882495)"
FRTRK2002,move to,LOC_남측제1방어선,2026-09-11T13:22:04,"(21.38775365, -157.74880937)"
FRTRK1002,move to,LOC_남측제1방어선,2026-09-11T13:22:04,"(21.38798270, -157.74877335)"
FRTRK2004,move to,LOC_남측제1방어선,2026-09-11T13:22:04,"(21.38761598, -157.74871674)"
FRTRK1005,move to,LOC_남측제1방어선,2026-09-11T13:22:04,"(21.38768452, -157.74875108)"
FRTRK2003,move to,LOC_남측제1방어선,2026-09-11T13:22:04,"(21.38755782, -157.74872197)"
FRTRK1004,move to,LOC_남측제1방어선,2026-09-11T13:22:04,"(21.38747220, -157.74866730)"
FRT69007,move to,LOC_중앙킬존남측,2026-09-11T13:22:04,"(21.38573896, -157.73722049)"
FRT80001,move to,LOC_중앙킬존남측,2026-09-11T13:22:04,"(21.38319185, -157.74870473)"
FRT69002,move to,LOC_중앙킬존남측,2026-09-11T13:22:04,"(21.38533963, -157.73725182)"
FRT69001,move to,LOC_중앙킬존남측,2026-09-11T13:22:04,"(21.38526047, -157.73725726)"
FRAHS001,move to,LOC_아군박격포진지,2026-09-11T13:22:04,"(21.39225253, -157.73978959)"
FRT69006,move to,LOC_중앙킬존남측,2026-09-11T13:22:04,"(21.38565903, -157.73722650)"
FRT69003,move to,LOC_중앙킬존남측,2026-09-11T13:22:04,"(21.38541921, -157.73724572)"
FRT69005,move to,LOC_중앙킬존남측,2026-09-11T13:22:04,"(21.38557935, -157.73723219)"
FRT69004,move to,LOC_중앙킬존남측,2026-09-11T13:22:04,"(21.38549981, -157.73723781)"
FRLAV001,move to,LOC_중앙킬존남측,2026-09-11T13:22:04,"(21.39019836, -157.74131634)"
FRT69008,move to,LOC_중앙킬존남측,2026-09-11T13:22:04,"(21.38581915, -157.73721419)"
FRT69009,move to,LOC_중앙킬존남측,2026-09-11T13:22:04,"(21.38589948, -157.73720783)"
FRLAV003,move to,LOC_중앙킬존남측,2026-09-11T13:22:04,"(21.39027133, -157.74148469)"
FRLAV005,move to,LOC_중앙킬존남측,2026-09-11T13:22:04,"(21.39033202, -157.74165924)"
FRT69010,move to,LOC_중앙킬존남측,2026-09-11T13:22:04,"(21.38597985, -157.73720158)"
ENM35004,move to,LOC_적북측접근로,2026-09-11T13:22:04,"(21.37304931, -157.73476023)"
ENM35002,move to,LOC_적북측접근로,2026-09-11T13:22:04,"(21.37302645, -157.73485790)"
ENM35001,move to,LOC_적북측접근로,2026-09-11T13:22:04,"(21.37295630, -157.73484047)"
ENT72007,move to,LOC_중앙계곡,2026-09-11T13:22:04,"(21.37360938, -157.74137957)"
ENT72003,move to,LOC_중앙계곡,2026-09-11T13:22:04,"(21.37379482, -157.74136306)"
ENCAESAR002,move to,LOC_적후방보급집결지,2026-09-11T13:22:04,"(21.37140846, -157.73565112)"
ENM1A2001,move to,LOC_중앙계곡,2026-09-11T13:22:04,"(21.37513354, -157.74260833)"
ENT72005,move to,LOC_중앙계곡,2026-09-11T13:22:04,"(21.37370142, -157.74137136)"
ENT72001,move to,LOC_중앙계곡,2026-09-11T13:22:04,"(21.37389028, -157.74135464)"
ENCAESAR004,move to,LOC_북측예비방어선,2026-09-11T13:22:04,"(21.37110624, -157.73853979)"
ENT72009,move to,LOC_중앙계곡,2026-09-11T13:22:04,"(21.37352303, -157.74138740)"
ENCAESAR003,move to,LOC_적후방보급집결지,2026-09-11T13:22:04,"(21.37135638, -157.73572592)"
ENBTR60001,move to,LOC_중앙계곡,2026-09-11T13:22:04,"(21.37057202, -157.74081610)"
ENBTR80004,move to,LOC_중앙계곡,2026-09-11T13:22:04,"(21.37038602, -157.74027816)"
ENBTR60003,move to,LOC_중앙계곡,2026-09-11T13:22:04,"(21.37069096, -157.74069135)"
ENBTR80001,move to,LOC_중앙계곡,2026-09-11T13:22:04,"(21.37043646, -157.74032700)"
ENBTR80006,move to,LOC_중앙계곡,2026-09-11T13:22:04,"(21.37049052, -157.74015331)"
ENT72011,move to,LOC_중앙계곡,2026-09-11T13:22:04,"(21.37343778, -157.74139516)"
ENBTR80003,move to,LOC_중앙계곡,2026-09-11T13:22:04,"(21.37055686, -157.74020340)"
ENBTR60002,move to,LOC_중앙계곡,2026-09-11T13:22:04,"(21.37063544, -157.74075374)"
ENBTR80005,move to,LOC_중앙계곡,2026-09-11T13:22:04,"(21.37043723, -157.74021559)"
ENMIM001,move to,LOC_적북측접근로,2026-09-11T13:22:04,"(21.37073393, -157.73851297)"
ENCAESAR001,move to,LOC_적북측접근로,2026-09-11T13:22:04,"(21.37057452, -157.73878147)"
ENBTR80002,move to,LOC_중앙계곡,2026-09-11T13:22:04,"(21.37049238, -157.74026474)"
FRTRK1003,move to,LOC_남측제1방어선,2026-09-11T13:22:05,"(21.38789740, -157.74871778)"
FRTRK1001,move to,LOC_남측제1방어선,2026-09-11T13:22:05,"(21.38803981, -157.74863131)"
FRTRK2001,move to,LOC_남측제1방어선,2026-09-11T13:22:05,"(21.38782445, -157.74875244)"
FRTRK2002,move to,LOC_남측제1방어선,2026-09-11T13:22:05,"(21.38774023, -157.74869336)"
FRTRK1002,move to,LOC_남측제1방어선,2026-09-11T13:22:05,"(21.38795312, -157.74856171)"
FRTRK2004,move to,LOC_남측제1방어선,2026-09-11T13:22:05,"(21.38759423, -157.74850471)"
FRTRK1005,move to,LOC_남측제1방어선,2026-09-11T13:22:05,"(21.38767057, -157.74862338)"
FRTRK2003,move to,LOC_남측제1방어선,2026-09-11T13:22:05,"(21.38753739, -157.74851021)"
FRTRK1004,move to,LOC_남측제1방어선,2026-09-11T13:22:05,"(21.38745351, -157.74845513)"
FRT69007,move to,LOC_중앙킬존남측,2026-09-11T13:22:05,"(21.38563945, -157.73740732)"
FRT80001,move to,LOC_중앙킬존남측,2026-09-11T13:22:05,"(21.38304302, -157.74855965)"
FRT69002,move to,LOC_중앙킬존남측,2026-09-11T13:22:05,"(21.38524606, -157.73744243)"
FRT69001,move to,LOC_중앙킬존남측,2026-09-11T13:22:05,"(21.38516822, -157.73744843)"
FRT69006,move to,LOC_중앙킬존남측,2026-09-11T13:22:05,"(21.38556099, -157.73741349)"
FRT69003,move to,LOC_중앙킬존남측,2026-09-11T13:22:05,"(21.38532434, -157.73743575)"
FRT69005,move to,LOC_중앙킬존남측,2026-09-11T13:22:05,"(21.38548132, -157.73742219)"
FRT69004,move to,LOC_중앙킬존남측,2026-09-11T13:22:05,"(21.38540345, -157.73742765)"
FRLAV001,move to,LOC_중앙킬존남측,2026-09-11T13:22:05,"(21.39020014, -157.74131537)"
FRT69008,move to,LOC_중앙킬존남측,2026-09-11T13:22:05,"(21.38571854, -157.73740018)"
FRT69009,move to,LOC_중앙킬존남측,2026-09-11T13:22:05,"(21.38579770, -157.73739311)"
FRLAV003,move to,LOC_중앙킬존남측,2026-09-11T13:22:05,"(21.39027315, -157.74148374)"
FRLAV005,move to,LOC_중앙킬존남측,2026-09-11T13:22:05,"(21.39033386, -157.74165832)"
FRT69010,move to,LOC_중앙킬존남측,2026-09-11T13:22:05,"(21.38587689, -157.73738620)"
ENM35004,move to,LOC_적북측접근로,2026-09-11T13:22:05,"(21.37299794, -157.73496883)"
ENM35002,move to,LOC_적북측접근로,2026-09-11T13:22:05,"(21.37297510, -157.73506626)"
ENM35001,move to,LOC_적북측접근로,2026-09-11T13:22:05,"(21.37290707, -157.73504935)"
ENT72007,move to,LOC_중앙계곡,2026-09-11T13:22:05,"(21.37381117, -157.74136536)"
ENT72003,move to,LOC_중앙계곡,2026-09-11T13:22:05,"(21.37399555, -157.74134906)"
ENCAESAR002,move to,LOC_적후방보급집결지,2026-09-11T13:22:05,"(21.37153412, -157.73548015)"
ENM1A2001,move to,LOC_중앙계곡,2026-09-11T13:22:05,"(21.37532139, -157.74253293)"
ENT72005,move to,LOC_중앙계곡,2026-09-11T13:22:05,"(21.37390180, -157.74135731)"
ENT72001,move to,LOC_중앙계곡,2026-09-11T13:22:05,"(21.37409156, -157.74134066)"
ENCAESAR004,move to,LOC_북측예비방어선,2026-09-11T13:22:05,"(21.37120058, -157.73872944)"
ENT72009,move to,LOC_중앙계곡,2026-09-11T13:22:05,"(21.37372228, -157.74137331)"
ENCAESAR003,move to,LOC_적후방보급집결지,2026-09-11T13:22:05,"(21.37148138, -157.73555559)"
ENBTR60001,move to,LOC_중앙계곡,2026-09-11T13:22:05,"(21.37077367, -157.74082013)"
ENBTR60003,move to,LOC_중앙계곡,2026-09-11T13:22:05,"(21.37089213, -157.74069839)"
ENBTR80001,move to,LOC_중앙계곡,2026-09-11T13:22:05,"(21.37064065, -157.74034245)"
ENT72011,move to,LOC_중앙계곡,2026-09-11T13:22:05,"(21.37363477, -157.74138117)"
ENBTR80003,move to,LOC_중앙계곡,2026-09-11T13:22:05,"(21.37075915, -157.74022182)"
ENBTR60002,move to,LOC_중앙계곡,2026-09-11T13:22:05,"(21.37083676, -157.74075926)"
ENMIM001,move to,LOC_적북측접근로,2026-09-11T13:22:05,"(21.37077416, -157.73873064)"
ENCAESAR001,move to,LOC_적북측접근로,2026-09-11T13:22:05,"(21.37062738, -157.73898839)"
ENBTR80002,move to,LOC_중앙계곡,2026-09-11T13:22:05,"(21.37069670, -157.74028176)"
ENBTR80007,move to,LOC_중앙계곡,2026-09-11T13:22:05,"(21.37051714, -157.74024500)"
FRTRK1003,move to,LOC_남측제1방어선,2026-09-11T13:22:05,"(21.38789740, -157.74871778)"
FRTRK1001,move to,LOC_남측제1방어선,2026-09-11T13:22:05,"(21.38803981, -157.74863131)"
FRTRK2001,move to,LOC_남측제1방어선,2026-09-11T13:22:05,"(21.38782445, -157.74875244)"
FRTRK2002,move to,LOC_남측제1방어선,2026-09-11T13:22:05,"(21.38774023, -157.74869336)"
FRTRK1002,move to,LOC_남측제1방어선,2026-09-11T13:22:05,"(21.38795312, -157.74856171)"
FRTRK2004,move to,LOC_남측제1방어선,2026-09-11T13:22:05,"(21.38759423, -157.74850471)"
FRTRK1005,move to,LOC_남측제1방어선,2026-09-11T13:22:05,"(21.38767057, -157.74862338)"
FRTRK2003,move to,LOC_남측제1방어선,2026-09-11T13:22:05,"(21.38753739, -157.74851021)"
FRTRK1004,move to,LOC_남측제1방어선,2026-09-11T13:22:05,"(21.38745351, -157.74845513)"
FRT69007,move to,LOC_중앙킬존남측,2026-09-11T13:22:05,"(21.38563945, -157.73740732)"
FRT80001,move to,LOC_중앙킬존남측,2026-09-11T13:22:05,"(21.38304302, -157.74855965)"
FRT69002,move to,LOC_중앙킬존남측,2026-09-11T13:22:05,"(21.38524606, -157.73744243)"
FRT69001,move to,LOC_중앙킬존남측,2026-09-11T13:22:05,"(21.38516822, -157.73744843)"
FRT69006,move to,LOC_중앙킬존남측,2026-09-11T13:22:05,"(21.38556099, -157.73741349)"
FRT69003,move to,LOC_중앙킬존남측,2026-09-11T13:22:05,"(21.38532434, -157.73743575)"
FRT69005,move to,LOC_중앙킬존남측,2026-09-11T13:22:05,"(21.38548132, -157.73742219)"
FRT69004,move to,LOC_중앙킬존남측,2026-09-11T13:22:05,"(21.38540345, -157.73742765)"
FRLAV001,move to,LOC_중앙킬존남측,2026-09-11T13:22:05,"(21.39020014, -157.74131537)"
FRT69008,move to,LOC_중앙킬존남측,2026-09-11T13:22:05,"(21.38571854, -157.73740018)"
FRT69009,move to,LOC_중앙킬존남측,2026-09-11T13:22:05,"(21.38579770, -157.73739311)"
FRLAV003,move to,LOC_중앙킬존남측,2026-09-11T13:22:05,"(21.39027315, -157.74148374)"
FRLAV005,move to,LOC_중앙킬존남측,2026-09-11T13:22:05,"(21.39033386, -157.74165832)"
FRT69010,move to,LOC_중앙킬존남측,2026-09-11T13:22:05,"(21.38587689, -157.73738620)"
ENM35004,move to,LOC_적북측접근로,2026-09-11T13:22:05,"(21.37299794, -157.73496883)"
ENM35002,move to,LOC_적북측접근로,2026-09-11T13:22:05,"(21.37297510, -157.73506626)"
ENM35001,move to,LOC_적북측접근로,2026-09-11T13:22:05,"(21.37290707, -157.73504935)"
ENT72007,move to,LOC_중앙계곡,2026-09-11T13:22:05,"(21.37381117, -157.74136536)"
ENT72003,move to,LOC_중앙계곡,2026-09-11T13:22:05,"(21.37399555, -157.74134906)"
ENCAESAR002,move to,LOC_적후방보급집결지,2026-09-11T13:22:05,"(21.37153412, -157.73548015)"
ENM1A2001,move to,LOC_중앙계곡,2026-09-11T13:22:05,"(21.37532139, -157.74253293)"
ENT72005,move to,LOC_중앙계곡,2026-09-11T13:22:05,"(21.37390180, -157.74135731)"
ENT72001,move to,LOC_중앙계곡,2026-09-11T13:22:05,"(21.37409156, -157.74134066)"
ENCAESAR004,move to,LOC_북측예비방어선,2026-09-11T13:22:05,"(21.37120058, -157.73872944)"
ENT72009,move to,LOC_중앙계곡,2026-09-11T13:22:05,"(21.37372228, -157.74137331)"
ENCAESAR003,move to,LOC_적후방보급집결지,2026-09-11T13:22:05,"(21.37148138, -157.73555559)"
ENBTR60001,move to,LOC_중앙계곡,2026-09-11T13:22:05,"(21.37077367, -157.74082013)"
ENBTR60003,move to,LOC_중앙계곡,2026-09-11T13:22:05,"(21.37089213, -157.74069839)"
ENBTR80001,move to,LOC_중앙계곡,2026-09-11T13:22:05,"(21.37064065, -157.74034245)"
ENT72011,move to,LOC_중앙계곡,2026-09-11T13:22:05,"(21.37363477, -157.74138117)"
ENBTR80003,move to,LOC_중앙계곡,2026-09-11T13:22:05,"(21.37075915, -157.74022182)"
ENBTR60002,move to,LOC_중앙계곡,2026-09-11T13:22:05,"(21.37083676, -157.74075926)"
ENMIM001,move to,LOC_적북측접근로,2026-09-11T13:22:05,"(21.37077416, -157.73873064)"
ENCAESAR001,move to,LOC_적북측접근로,2026-09-11T13:22:05,"(21.37062738, -157.73898839)"
ENBTR80002,move to,LOC_중앙계곡,2026-09-11T13:22:05,"(21.37069670, -157.74028176)"
ENBTR80007,move to,LOC_중앙계곡,2026-09-11T13:22:05,"(21.37051714, -157.74024500)"
FRTRK1003,move to,LOC_남측제1방어선,2026-09-11T13:22:06,"(21.38788093, -157.74859277)"
FRTRK1001,move to,LOC_남측제1방어선,2026-09-11T13:22:06,"(21.38801320, -157.74845128)"
FRTRK2001,move to,LOC_남측제1방어선,2026-09-11T13:22:06,"(21.38781433, -157.74867058)"
FRTRK2002,move to,LOC_남측제1방어선,2026-09-11T13:22:06,"(21.38773305, -157.74863131)"
FRTRK1002,move to,LOC_남측제1방어선,2026-09-11T13:22:06,"(21.38792794, -157.74838152)"
FRTRK2004,move to,LOC_남측제1방어선,2026-09-11T13:22:06,"(21.38757553, -157.74832232)"
FRTRK1005,move to,LOC_남측제1방어선,2026-09-11T13:22:06,"(21.38765893, -157.74851684)"
FRTRK2003,move to,LOC_남측제1방어선,2026-09-11T13:22:06,"(21.38751970, -157.74832680)"
FRTRK1004,move to,LOC_남측제1방어선,2026-09-11T13:22:06,"(21.38743728, -157.74827100)"
FRT69007,move to,LOC_중앙킬존남측,2026-09-11T13:22:06,"(21.38555452, -157.73756678)"
FRT80001,move to,LOC_중앙킬존남측,2026-09-11T13:22:06,"(21.38291644, -157.74843626)"
FRT69002,move to,LOC_중앙킬존남측,2026-09-11T13:22:06,"(21.38516642, -157.73760469)"
FRT69001,move to,LOC_중앙킬존남측,2026-09-11T13:22:06,"(21.38508962, -157.73761133)"
FRT69006,move to,LOC_중앙킬존남측,2026-09-11T13:22:06,"(21.38547643, -157.73757478)"
FRT69003,move to,LOC_중앙킬존남측,2026-09-11T13:22:06,"(21.38524367, -157.73759734)"
FRT69005,move to,LOC_중앙킬존남측,2026-09-11T13:22:06,"(21.38539868, -157.73758238)"
FRT69004,move to,LOC_중앙킬존남측,2026-09-11T13:22:06,"(21.38532164, -157.73758882)"
FRT69008,move to,LOC_중앙킬존남측,2026-09-11T13:22:06,"(21.38563261, -157.73755901)"
FRT69009,move to,LOC_중앙킬존남측,2026-09-11T13:22:06,"(21.38571088, -157.73755115)"
FRT69010,move to,LOC_중앙킬존남측,2026-09-11T13:22:06,"(21.38578926, -157.73754332)"
ENM35004,move to,LOC_적북측접근로,2026-09-11T13:22:06,"(21.37295428, -157.73514611)"
ENM35002,move to,LOC_적북측접근로,2026-09-11T13:22:06,"(21.37293147, -157.73524331)"
ENM35001,move to,LOC_적북측접근로,2026-09-11T13:22:06,"(21.37286523, -157.73522693)"
ENT72007,move to,LOC_중앙계곡,2026-09-11T13:22:06,"(21.37398217, -157.74135332)"
ENT72003,move to,LOC_중앙계곡,2026-09-11T13:22:06,"(21.37416678, -157.74133711)"
ENCAESAR002,move to,LOC_적후방보급집결지,2026-09-11T13:22:06,"(21.37164052, -157.73533538)"
ENM1A2001,move to,LOC_중앙계곡,2026-09-11T13:22:06,"(21.37547935, -157.74246953)"
ENT72005,move to,LOC_중앙계곡,2026-09-11T13:22:06,"(21.37407320, -157.74134529)"
ENT72001,move to,LOC_중앙계곡,2026-09-11T13:22:06,"(21.37426505, -157.74132861)"
ENCAESAR004,move to,LOC_북측예비방어선,2026-09-11T13:22:06,"(21.37128106, -157.73889123)"
ENT72009,move to,LOC_중앙계곡,2026-09-11T13:22:06,"(21.37389270, -157.74136125)"
ENCAESAR003,move to,LOC_적후방보급집결지,2026-09-11T13:22:06,"(21.37158808, -157.73541021)"
ENBTR60001,move to,LOC_중앙계곡,2026-09-11T13:22:06,"(21.37094541, -157.74082356)"
ENBTR60003,move to,LOC_중앙계곡,2026-09-11T13:22:06,"(21.37106357, -157.74070438)"
ENBTR80001,move to,LOC_중앙계곡,2026-09-11T13:22:06,"(21.37081135, -157.74035536)"
ENT72011,move to,LOC_중앙계곡,2026-09-11T13:22:06,"(21.37380706, -157.74136893)"
ENBTR80003,move to,LOC_중앙계곡,2026-09-11T13:22:06,"(21.37093003, -157.74023738)"
ENBTR60002,move to,LOC_중앙계곡,2026-09-11T13:22:06,"(21.37100840, -157.74076397)"
ENMIM001,move to,LOC_적북측접근로,2026-09-11T13:22:06,"(21.37080707, -157.73890874)"
ENCAESAR001,move to,LOC_적북측접근로,2026-09-11T13:22:06,"(21.37067340, -157.73916856)"
ENBTR80002,move to,LOC_중앙계곡,2026-09-11T13:22:06,"(21.37086654, -157.74029591)"
ENGAZ004,move to,LOC_적북측접근로,2026-09-11T13:22:06,"(21.37285114, -157.73498051)"
FRTRK1003,move to,LOC_남측제1방어선,2026-09-11T13:22:07,"(21.38788093, -157.74859277)"
FRTRK1001,move to,LOC_남측제1방어선,2026-09-11T13:22:07,"(21.38801320, -157.74845128)"
FRTRK2001,move to,LOC_남측제1방어선,2026-09-11T13:22:07,"(21.38781433, -157.74867058)"
FRTRK2002,move to,LOC_남측제1방어선,2026-09-11T13:22:07,"(21.38773305, -157.74863131)"
FRTRK1002,move to,LOC_남측제1방어선,2026-09-11T13:22:07,"(21.38792794, -157.74838152)"
FRTRK2004,move to,LOC_남측제1방어선,2026-09-11T13:22:07,"(21.38757553, -157.74832232)"
FRTRK1005,move to,LOC_남측제1방어선,2026-09-11T13:22:07,"(21.38765893, -157.74851684)"
FRTRK2003,move to,LOC_남측제1방어선,2026-09-11T13:22:07,"(21.38751970, -157.74832680)"
FRTRK1004,move to,LOC_남측제1방어선,2026-09-11T13:22:07,"(21.38743728, -157.74827100)"
FRT69007,move to,LOC_중앙킬존남측,2026-09-11T13:22:07,"(21.38555452, -157.73756678)"
FRT80001,move to,LOC_중앙킬존남측,2026-09-11T13:22:07,"(21.38291644, -157.74843626)"
FRT69002,move to,LOC_중앙킬존남측,2026-09-11T13:22:07,"(21.38516642, -157.73760469)"
FRT69001,move to,LOC_중앙킬존남측,2026-09-11T13:22:07,"(21.38508962, -157.73761133)"
FRT69006,move to,LOC_중앙킬존남측,2026-09-11T13:22:07,"(21.38547643, -157.73757478)"
FRT69003,move to,LOC_중앙킬존남측,2026-09-11T13:22:07,"(21.38524367, -157.73759734)"
FRT69005,move to,LOC_중앙킬존남측,2026-09-11T13:22:07,"(21.38539868, -157.73758238)"
FRT69004,move to,LOC_중앙킬존남측,2026-09-11T13:22:07,"(21.38532164, -157.73758882)"
FRT69008,move to,LOC_중앙킬존남측,2026-09-11T13:22:07,"(21.38563261, -157.73755901)"
FRT69009,move to,LOC_중앙킬존남측,2026-09-11T13:22:07,"(21.38571088, -157.73755115)"
FRT69010,move to,LOC_중앙킬존남측,2026-09-11T13:22:07,"(21.38578926, -157.73754332)"
ENM35004,move to,LOC_적북측접근로,2026-09-11T13:22:07,"(21.37295428, -157.73514611)"
ENM35002,move to,LOC_적북측접근로,2026-09-11T13:22:07,"(21.37293147, -157.73524331)"
ENM35001,move to,LOC_적북측접근로,2026-09-11T13:22:07,"(21.37286523, -157.73522693)"
ENT72007,move to,LOC_중앙계곡,2026-09-11T13:22:07,"(21.37398217, -157.74135332)"
ENT72003,move to,LOC_중앙계곡,2026-09-11T13:22:07,"(21.37416678, -157.74133711)"
ENCAESAR002,move to,LOC_적후방보급집결지,2026-09-11T13:22:07,"(21.37164052, -157.73533538)"
ENM1A2001,move to,LOC_중앙계곡,2026-09-11T13:22:07,"(21.37547935, -157.74246953)"
ENT72005,move to,LOC_중앙계곡,2026-09-11T13:22:07,"(21.37407320, -157.74134529)"
ENT72001,move to,LOC_중앙계곡,2026-09-11T13:22:07,"(21.37426505, -157.74132861)"
ENCAESAR004,move to,LOC_북측예비방어선,2026-09-11T13:22:07,"(21.37128106, -157.73889123)"
ENT72009,move to,LOC_중앙계곡,2026-09-11T13:22:07,"(21.37389270, -157.74136125)"
ENCAESAR003,move to,LOC_적후방보급집결지,2026-09-11T13:22:07,"(21.37158808, -157.73541021)"
ENBTR60001,move to,LOC_중앙계곡,2026-09-11T13:22:07,"(21.37094541, -157.74082356)"
ENBTR60003,move to,LOC_중앙계곡,2026-09-11T13:22:07,"(21.37106357, -157.74070438)"
ENBTR80001,move to,LOC_중앙계곡,2026-09-11T13:22:07,"(21.37081135, -157.74035536)"
ENT72011,move to,LOC_중앙계곡,2026-09-11T13:22:07,"(21.37380706, -157.74136893)"
ENBTR80003,move to,LOC_중앙계곡,2026-09-11T13:22:07,"(21.37093003, -157.74023738)"
ENBTR60002,move to,LOC_중앙계곡,2026-09-11T13:22:07,"(21.37100840, -157.74076397)"
ENMIM001,move to,LOC_적북측접근로,2026-09-11T13:22:07,"(21.37080707, -157.73890874)"
ENCAESAR001,move to,LOC_적북측접근로,2026-09-11T13:22:07,"(21.37067340, -157.73916856)"
ENBTR80002,move to,LOC_중앙계곡,2026-09-11T13:22:07,"(21.37086654, -157.74029591)"
ENGAZ004,move to,LOC_적북측접근로,2026-09-11T13:22:07,"(21.37285114, -157.73498051)"
FRTRK1003,move to,LOC_남측제1방어선,2026-09-11T13:22:08,"(21.38788093, -157.74859277)"
FRTRK1001,move to,LOC_남측제1방어선,2026-09-11T13:22:08,"(21.38801320, -157.74845128)"
FRTRK2001,move to,LOC_남측제1방어선,2026-09-11T13:22:08,"(21.38781433, -157.74867058)"
FRTRK2002,move to,LOC_남측제1방어선,2026-09-11T13:22:08,"(21.38773305, -157.74863131)"
FRTRK1002,move to,LOC_남측제1방어선,2026-09-11T13:22:08,"(21.38792794, -157.74838152)"
FRTRK2004,move to,LOC_남측제1방어선,2026-09-11T13:22:08,"(21.38757553, -157.74832232)"
FRTRK1005,move to,LOC_남측제1방어선,2026-09-11T13:22:08,"(21.38765893, -157.74851684)"
FRTRK2003,move to,LOC_남측제1방어선,2026-09-11T13:22:08,"(21.38751970, -157.74832680)"
FRTRK1004,move to,LOC_남측제1방어선,2026-09-11T13:22:08,"(21.38743728, -157.74827100)"
FRT69007,move to,LOC_중앙킬존남측,2026-09-11T13:22:08,"(21.38555452, -157.73756678)"
FRT80001,move to,LOC_중앙킬존남측,2026-09-11T13:22:08,"(21.38291644, -157.74843626)"
FRT69002,move to,LOC_중앙킬존남측,2026-09-11T13:22:08,"(21.38516642, -157.73760469)"
FRT69001,move to,LOC_중앙킬존남측,2026-09-11T13:22:08,"(21.38508962, -157.73761133)"
FRT69006,move to,LOC_중앙킬존남측,2026-09-11T13:22:08,"(21.38547643, -157.73757478)"
FRT69003,move to,LOC_중앙킬존남측,2026-09-11T13:22:08,"(21.38524367, -157.73759734)"
FRT69005,move to,LOC_중앙킬존남측,2026-09-11T13:22:08,"(21.38539868, -157.73758238)"
FRT69004,move to,LOC_중앙킬존남측,2026-09-11T13:22:08,"(21.38532164, -157.73758882)"
FRT69008,move to,LOC_중앙킬존남측,2026-09-11T13:22:08,"(21.38563261, -157.73755901)"
FRT69009,move to,LOC_중앙킬존남측,2026-09-11T13:22:08,"(21.38571088, -157.73755115)"
FRT69010,move to,LOC_중앙킬존남측,2026-09-11T13:22:08,"(21.38578926, -157.73754332)"
ENM35004,move to,LOC_적북측접근로,2026-09-11T13:22:08,"(21.37295428, -157.73514611)"
ENM35002,move to,LOC_적북측접근로,2026-09-11T13:22:08,"(21.37293147, -157.73524331)"
ENM35001,move to,LOC_적북측접근로,2026-09-11T13:22:08,"(21.37286523, -157.73522693)"
ENT72007,move to,LOC_중앙계곡,2026-09-11T13:22:08,"(21.37398217, -157.74135332)"
ENT72003,move to,LOC_중앙계곡,2026-09-11T13:22:08,"(21.37416678, -157.74133711)"
ENCAESAR002,move to,LOC_적후방보급집결지,2026-09-11T13:22:08,"(21.37164052, -157.73533538)"
ENM1A2001,move to,LOC_중앙계곡,2026-09-11T13:22:08,"(21.37547935, -157.74246953)"
ENT72005,move to,LOC_중앙계곡,2026-09-11T13:22:08,"(21.37407320, -157.74134529)"
ENT72001,move to,LOC_중앙계곡,2026-09-11T13:22:08,"(21.37426505, -157.74132861)"
ENCAESAR004,move to,LOC_북측예비방어선,2026-09-11T13:22:08,"(21.37128106, -157.73889123)"
ENT72009,move to,LOC_중앙계곡,2026-09-11T13:22:08,"(21.37389270, -157.74136125)"
ENCAESAR003,move to,LOC_적후방보급집결지,2026-09-11T13:22:08,"(21.37158808, -157.73541021)"
ENBTR60001,move to,LOC_중앙계곡,2026-09-11T13:22:08,"(21.37094541, -157.74082356)"
ENBTR60003,move to,LOC_중앙계곡,2026-09-11T13:22:08,"(21.37106357, -157.74070438)"
ENBTR80001,move to,LOC_중앙계곡,2026-09-11T13:22:08,"(21.37081135, -157.74035536)"
ENT72011,move to,LOC_중앙계곡,2026-09-11T13:22:08,"(21.37380706, -157.74136893)"
ENBTR80003,move to,LOC_중앙계곡,2026-09-11T13:22:08,"(21.37093003, -157.74023738)"
ENBTR60002,move to,LOC_중앙계곡,2026-09-11T13:22:08,"(21.37100840, -157.74076397)"
ENMIM001,move to,LOC_적북측접근로,2026-09-11T13:22:08,"(21.37080707, -157.73890874)"
ENCAESAR001,move to,LOC_적북측접근로,2026-09-11T13:22:08,"(21.37067340, -157.73916856)"
ENBTR80002,move to,LOC_중앙계곡,2026-09-11T13:22:08,"(21.37086654, -157.74029591)"
ENGAZ004,move to,LOC_적북측접근로,2026-09-11T13:22:08,"(21.37285114, -157.73498051)"
FRTRK1003,move to,LOC_남측제1방어선,2026-09-11T13:22:09,"(21.38785725, -157.74841310)"
FRTRK1001,move to,LOC_남측제1방어선,2026-09-11T13:22:09,"(21.38798339, -157.74824962)"
FRTRK2001,move to,LOC_남측제1방어선,2026-09-11T13:22:09,"(21.38779886, -157.74854559)"
FRTRK2002,move to,LOC_남측제1방어선,2026-09-11T13:22:09,"(21.38772500, -157.74856175)"
FRTRK1002,move to,LOC_남측제1방어선,2026-09-11T13:22:09,"(21.38789987, -157.74818073)"
FRTRK2004,move to,LOC_남측제1방어선,2026-09-11T13:22:09,"(21.38756267, -157.74819694)"
FRTRK1005,move to,LOC_남측제1방어선,2026-09-11T13:22:09,"(21.38764182, -157.74836029)"
FRTRK2003,move to,LOC_남측제1방어선,2026-09-11T13:22:09,"(21.38750005, -157.74812316)"
FRTRK1004,move to,LOC_남측제1방어선,2026-09-11T13:22:09,"(21.38741930, -157.74806688)"
FRT69007,move to,LOC_중앙킬존남측,2026-09-11T13:22:09,"(21.38545974, -157.73774472)"
FRT80001,move to,LOC_중앙킬존남측,2026-09-11T13:22:09,"(21.38277455, -157.74829795)"
FRT69002,move to,LOC_중앙킬존남측,2026-09-11T13:22:09,"(21.38507739, -157.73778606)"
FRT69001,move to,LOC_중앙킬존남측,2026-09-11T13:22:09,"(21.38500179, -157.73779336)"
FRT69006,move to,LOC_중앙킬존남측,2026-09-11T13:22:09,"(21.38538259, -157.73775376)"
FRT69003,move to,LOC_중앙킬존남측,2026-09-11T13:22:09,"(21.38515342, -157.73777812)"
FRT69005,move to,LOC_중앙킬존남측,2026-09-11T13:22:09,"(21.38530603, -157.73776196)"
FRT69004,move to,LOC_중앙킬존남측,2026-09-11T13:22:09,"(21.38523016, -157.73776905)"
FRT69008,move to,LOC_중앙킬존남측,2026-09-11T13:22:09,"(21.38553675, -157.73773621)"
FRT69009,move to,LOC_중앙킬존남측,2026-09-11T13:22:09,"(21.38561384, -157.73772779)"
FRT69010,move to,LOC_중앙킬존남측,2026-09-11T13:22:09,"(21.38569104, -157.73771945)"
ENM35004,move to,LOC_적북측접근로,2026-09-11T13:22:09,"(21.37290555, -157.73534401)"
ENM35002,move to,LOC_적북측접근로,2026-09-11T13:22:09,"(21.37288271, -157.73544118)"
ENM35001,move to,LOC_적북측접근로,2026-09-11T13:22:09,"(21.37281847, -157.73542536)"
ENT72007,move to,LOC_중앙계곡,2026-09-11T13:22:09,"(21.37417378, -157.74133983)"
ENT72003,move to,LOC_중앙계곡,2026-09-11T13:22:09,"(21.37436168, -157.74132351)"
ENCAESAR002,move to,LOC_적후방보급집결지,2026-09-11T13:22:09,"(21.37175857, -157.73517477)"
ENM1A2001,move to,LOC_중앙계곡,2026-09-11T13:22:09,"(21.37565774, -157.74239793)"
ENT72005,move to,LOC_중앙계곡,2026-09-11T13:22:09,"(21.37426679, -157.74133172)"
ENT72001,move to,LOC_중앙계곡,2026-09-11T13:22:09,"(21.37445750, -157.74131525)"
ENCAESAR004,move to,LOC_북측예비방어선,2026-09-11T13:22:09,"(21.37137203, -157.73907411)"
ENT72009,move to,LOC_중앙계곡,2026-09-11T13:22:09,"(21.37408435, -157.74134770)"
ENCAESAR003,move to,LOC_적후방보급집결지,2026-09-11T13:22:09,"(21.37170678, -157.73524847)"
ENBTR60001,move to,LOC_중앙계곡,2026-09-11T13:22:09,"(21.37113763, -157.74082740)"
ENBTR60003,move to,LOC_중앙계곡,2026-09-11T13:22:09,"(21.37125566, -157.74071110)"
ENBTR80001,move to,LOC_중앙계곡,2026-09-11T13:22:09,"(21.37100227, -157.74036981)"
ENT72011,move to,LOC_중앙계곡,2026-09-11T13:22:09,"(21.37399819, -157.74135535)"
ENBTR80003,move to,LOC_중앙계곡,2026-09-11T13:22:09,"(21.37112089, -157.74025477)"
ENBTR60002,move to,LOC_중앙계곡,2026-09-11T13:22:09,"(21.37120050, -157.74076924)"
ENMIM001,move to,LOC_적북측접근로,2026-09-11T13:22:09,"(21.37084439, -157.73911068)"
ENCAESAR001,move to,LOC_적북측접근로,2026-09-11T13:22:09,"(21.37072377, -157.73936573)"
ENBTR80002,move to,LOC_중앙계곡,2026-09-11T13:22:09,"(21.37105728, -157.74031181)"
FRTRK1003,move to,LOC_남측제1방어선,2026-09-11T13:22:10,"(21.38785725, -157.74841310)"
FRTRK1001,move to,LOC_남측제1방어선,2026-09-11T13:22:10,"(21.38798339, -157.74824962)"
FRTRK2001,move to,LOC_남측제1방어선,2026-09-11T13:22:10,"(21.38779886, -157.74854559)"
FRTRK2002,move to,LOC_남측제1방어선,2026-09-11T13:22:10,"(21.38772500, -157.74856175)"
FRTRK1002,move to,LOC_남측제1방어선,2026-09-11T13:22:10,"(21.38789987, -157.74818073)"
FRTRK2004,move to,LOC_남측제1방어선,2026-09-11T13:22:10,"(21.38756267, -157.74819694)"
FRTRK1005,move to,LOC_남측제1방어선,2026-09-11T13:22:10,"(21.38764182, -157.74836029)"
FRTRK2003,move to,LOC_남측제1방어선,2026-09-11T13:22:10,"(21.38750005, -157.74812316)"
FRTRK1004,move to,LOC_남측제1방어선,2026-09-11T13:22:10,"(21.38741930, -157.74806688)"
FRT69007,move to,LOC_중앙킬존남측,2026-09-11T13:22:10,"(21.38545974, -157.73774472)"
FRT80001,move to,LOC_중앙킬존남측,2026-09-11T13:22:10,"(21.38277455, -157.74829795)"
FRT69002,move to,LOC_중앙킬존남측,2026-09-11T13:22:10,"(21.38507739, -157.73778606)"
FRT69001,move to,LOC_중앙킬존남측,2026-09-11T13:22:10,"(21.38500179, -157.73779336)"
FRT69006,move to,LOC_중앙킬존남측,2026-09-11T13:22:10,"(21.38538259, -157.73775376)"
FRT69003,move to,LOC_중앙킬존남측,2026-09-11T13:22:10,"(21.38515342, -157.73777812)"
FRT69005,move to,LOC_중앙킬존남측,2026-09-11T13:22:10,"(21.38530603, -157.73776196)"
FRT69004,move to,LOC_중앙킬존남측,2026-09-11T13:22:10,"(21.38523016, -157.73776905)"
FRT69008,move to,LOC_중앙킬존남측,2026-09-11T13:22:10,"(21.38553675, -157.73773621)"
FRT69009,move to,LOC_중앙킬존남측,2026-09-11T13:22:10,"(21.38561384, -157.73772779)"
FRT69010,move to,LOC_중앙킬존남측,2026-09-11T13:22:10,"(21.38569104, -157.73771945)"
ENM35004,move to,LOC_적북측접근로,2026-09-11T13:22:10,"(21.37290555, -157.73534401)"
ENM35002,move to,LOC_적북측접근로,2026-09-11T13:22:10,"(21.37288271, -157.73544118)"
ENM35001,move to,LOC_적북측접근로,2026-09-11T13:22:10,"(21.37281847, -157.73542536)"
ENT72007,move to,LOC_중앙계곡,2026-09-11T13:22:10,"(21.37417378, -157.74133983)"
ENT72003,move to,LOC_중앙계곡,2026-09-11T13:22:10,"(21.37436168, -157.74132351)"
ENCAESAR002,move to,LOC_적후방보급집결지,2026-09-11T13:22:10,"(21.37175857, -157.73517477)"
ENM1A2001,move to,LOC_중앙계곡,2026-09-11T13:22:10,"(21.37565774, -157.74239793)"
ENT72005,move to,LOC_중앙계곡,2026-09-11T13:22:10,"(21.37426679, -157.74133172)"
ENT72001,move to,LOC_중앙계곡,2026-09-11T13:22:10,"(21.37445750, -157.74131525)"
ENCAESAR004,move to,LOC_북측예비방어선,2026-09-11T13:22:10,"(21.37137203, -157.73907411)"
ENT72009,move to,LOC_중앙계곡,2026-09-11T13:22:10,"(21.37408435, -157.74134770)"
ENCAESAR003,move to,LOC_적후방보급집결지,2026-09-11T13:22:10,"(21.37170678, -157.73524847)"
ENBTR60001,move to,LOC_중앙계곡,2026-09-11T13:22:10,"(21.37113763, -157.74082740)"
ENBTR60003,move to,LOC_중앙계곡,2026-09-11T13:22:10,"(21.37125566, -157.74071110)"
ENBTR80001,move to,LOC_중앙계곡,2026-09-11T13:22:10,"(21.37100227, -157.74036981)"
ENT72011,move to,LOC_중앙계곡,2026-09-11T13:22:10,"(21.37399819, -157.74135535)"
ENBTR80003,move to,LOC_중앙계곡,2026-09-11T13:22:10,"(21.37112089, -157.74025477)"
ENBTR60002,move to,LOC_중앙계곡,2026-09-11T13:22:10,"(21.37120050, -157.74076924)"
ENMIM001,move to,LOC_적북측접근로,2026-09-11T13:22:10,"(21.37084439, -157.73911068)"
ENCAESAR001,move to,LOC_적북측접근로,2026-09-11T13:22:10,"(21.37072377, -157.73936573)"
ENBTR80002,move to,LOC_중앙계곡,2026-09-11T13:22:10,"(21.37105728, -157.74031181)"
FRTRK1003,move to,LOC_남측제1방어선,2026-09-11T13:22:10,"(21.38783172, -157.74821930)"
FRTRK1001,move to,LOC_남측제1방어선,2026-09-11T13:22:10,"(21.38796098, -157.74809799)"
FRTRK2001,move to,LOC_남측제1방어선,2026-09-11T13:22:10,"(21.38778661, -157.74844659)"
FRTRK2002,move to,LOC_남측제1방어선,2026-09-11T13:22:10,"(21.38771227, -157.74845174)"
FRTRK1002,move to,LOC_남측제1방어선,2026-09-11T13:22:10,"(21.38788100, -157.74804566)"
FRTRK2004,move to,LOC_남측제1방어선,2026-09-11T13:22:10,"(21.38755387, -157.74811112)"
FRTRK1005,move to,LOC_남측제1방어선,2026-09-11T13:22:10,"(21.38762941, -157.74824674)"
FRTRK2003,move to,LOC_남측제1방어선,2026-09-11T13:22:10,"(21.38748117, -157.74792748)"
FRTRK1004,move to,LOC_남측제1방어선,2026-09-11T13:22:10,"(21.38740417, -157.74789510)"
FRT69007,move to,LOC_중앙킬존남측,2026-09-11T13:22:10,"(21.38536798, -157.73791699)"
FRT80001,move to,LOC_중앙킬존남측,2026-09-11T13:22:10,"(21.38263822, -157.74816506)"
FRT69002,move to,LOC_중앙킬존남측,2026-09-11T13:22:10,"(21.38499119, -157.73796166)"
FRT69001,move to,LOC_중앙킬존남측,2026-09-11T13:22:10,"(21.38491677, -157.73796956)"
FRT69006,move to,LOC_중앙킬존남측,2026-09-11T13:22:10,"(21.38529193, -157.73792669)"
FRT69003,move to,LOC_중앙킬존남측,2026-09-11T13:22:10,"(21.38506610, -157.73795303)"
FRT69005,move to,LOC_중앙킬존남측,2026-09-11T13:22:10,"(21.38521648, -157.73793552)"
FRT69004,move to,LOC_중앙킬존남측,2026-09-11T13:22:10,"(21.38514172, -157.73794329)"
FRT69008,move to,LOC_중앙킬존남측,2026-09-11T13:22:10,"(21.38544389, -157.73790785)"
FRT69009,move to,LOC_중앙킬존남측,2026-09-11T13:22:10,"(21.38551998, -157.73789867)"
FRT69010,move to,LOC_중앙킬존남측,2026-09-11T13:22:10,"(21.38559619, -157.73788952)"
ENM35004,move to,LOC_적북측접근로,2026-09-11T13:22:10,"(21.37285839, -157.73553551)"
ENM35002,move to,LOC_적북측접근로,2026-09-11T13:22:10,"(21.37283550, -157.73563276)"
ENM35001,move to,LOC_적북측접근로,2026-09-11T13:22:10,"(21.37277322, -157.73561740)"
ENT72007,move to,LOC_중앙계곡,2026-09-11T13:22:10,"(21.37436251, -157.74132653)"
ENT72003,move to,LOC_중앙계곡,2026-09-11T13:22:10,"(21.37454667, -157.74131060)"
ENCAESAR002,move to,LOC_적후방보급집결지,2026-09-11T13:22:10,"(21.37187353, -157.73501835)"
ENM1A2001,move to,LOC_중앙계곡,2026-09-11T13:22:10,"(21.37583160, -157.74232815)"
ENT72005,move to,LOC_중앙계곡,2026-09-11T13:22:10,"(21.37445253, -157.74131870)"
ENT72001,move to,LOC_중앙계곡,2026-09-11T13:22:10,"(21.37464227, -157.74130242)"
ENCAESAR004,move to,LOC_북측예비방어선,2026-09-11T13:22:10,"(21.37145889, -157.73924873)"
ENT72009,move to,LOC_중앙계곡,2026-09-11T13:22:10,"(21.37427185, -157.74133443)"
ENCAESAR003,move to,LOC_적후방보급집결지,2026-09-11T13:22:10,"(21.37182173, -157.73509184)"
ENBTR60001,move to,LOC_중앙계곡,2026-09-11T13:22:10,"(21.37132433, -157.74083113)"
ENBTR60003,move to,LOC_중앙계곡,2026-09-11T13:22:10,"(21.37144149, -157.74071760)"
ENBTR80001,move to,LOC_중앙계곡,2026-09-11T13:22:10,"(21.37118743, -157.74038382)"
ENT72011,move to,LOC_중앙계곡,2026-09-11T13:22:10,"(21.37418353, -157.74134219)"
ENBTR80003,move to,LOC_중앙계곡,2026-09-11T13:22:10,"(21.37130582, -157.74027161)"
ENBTR60002,move to,LOC_중앙계곡,2026-09-11T13:22:10,"(21.37138681, -157.74077435)"
ENMIM001,move to,LOC_적북측접근로,2026-09-11T13:22:10,"(21.37088044, -157.73930576)"
ENCAESAR001,move to,LOC_적북측접근로,2026-09-11T13:22:10,"(21.37077290, -157.73955805)"
ENBTR80002,move to,LOC_중앙계곡,2026-09-11T13:22:10,"(21.37124225, -157.74032722)"
FRTRK1003,move to,LOC_남측제1방어선,2026-09-11T13:22:11,"(21.38783172, -157.74821930)"
FRTRK1001,move to,LOC_남측제1방어선,2026-09-11T13:22:11,"(21.38796098, -157.74809799)"
FRTRK2001,move to,LOC_남측제1방어선,2026-09-11T13:22:11,"(21.38778661, -157.74844659)"
FRTRK2002,move to,LOC_남측제1방어선,2026-09-11T13:22:11,"(21.38771227, -157.74845174)"
FRTRK1002,move to,LOC_남측제1방어선,2026-09-11T13:22:11,"(21.38788100, -157.74804566)"
FRTRK2004,move to,LOC_남측제1방어선,2026-09-11T13:22:11,"(21.38755387, -157.74811112)"
FRTRK1005,move to,LOC_남측제1방어선,2026-09-11T13:22:11,"(21.38762941, -157.74824674)"
FRTRK2003,move to,LOC_남측제1방어선,2026-09-11T13:22:11,"(21.38748117, -157.74792748)"
FRTRK1004,move to,LOC_남측제1방어선,2026-09-11T13:22:11,"(21.38740417, -157.74789510)"
FRT69007,move to,LOC_중앙킬존남측,2026-09-11T13:22:11,"(21.38536798, -157.73791699)"
FRT80001,move to,LOC_중앙킬존남측,2026-09-11T13:22:11,"(21.38263822, -157.74816506)"
FRT69002,move to,LOC_중앙킬존남측,2026-09-11T13:22:11,"(21.38499119, -157.73796166)"
FRT69001,move to,LOC_중앙킬존남측,2026-09-11T13:22:11,"(21.38491677, -157.73796956)"
FRT69006,move to,LOC_중앙킬존남측,2026-09-11T13:22:11,"(21.38529193, -157.73792669)"
FRT69003,move to,LOC_중앙킬존남측,2026-09-11T13:22:11,"(21.38506610, -157.73795303)"
FRT69005,move to,LOC_중앙킬존남측,2026-09-11T13:22:11,"(21.38521648, -157.73793552)"
FRT69004,move to,LOC_중앙킬존남측,2026-09-11T13:22:11,"(21.38514172, -157.73794329)"
FRT69008,move to,LOC_중앙킬존남측,2026-09-11T13:22:11,"(21.38544389, -157.73790785)"
FRT69009,move to,LOC_중앙킬존남측,2026-09-11T13:22:11,"(21.38551998, -157.73789867)"
FRT69010,move to,LOC_중앙킬존남측,2026-09-11T13:22:11,"(21.38559619, -157.73788952)"
ENM35004,move to,LOC_적북측접근로,2026-09-11T13:22:11,"(21.37285839, -157.73553551)"
ENM35002,move to,LOC_적북측접근로,2026-09-11T13:22:11,"(21.37283550, -157.73563276)"
ENM35001,move to,LOC_적북측접근로,2026-09-11T13:22:11,"(21.37277322, -157.73561740)"
ENT72007,move to,LOC_중앙계곡,2026-09-11T13:22:11,"(21.37436251, -157.74132653)"
ENT72003,move to,LOC_중앙계곡,2026-09-11T13:22:11,"(21.37454667, -157.74131060)"
ENCAESAR002,move to,LOC_적후방보급집결지,2026-09-11T13:22:11,"(21.37187353, -157.73501835)"
ENM1A2001,move to,LOC_중앙계곡,2026-09-11T13:22:11,"(21.37583160, -157.74232815)"
ENT72005,move to,LOC_중앙계곡,2026-09-11T13:22:11,"(21.37445253, -157.74131870)"
ENT72001,move to,LOC_중앙계곡,2026-09-11T13:22:11,"(21.37464227, -157.74130242)"
ENCAESAR004,move to,LOC_북측예비방어선,2026-09-11T13:22:11,"(21.37145889, -157.73924873)"
ENT72009,move to,LOC_중앙계곡,2026-09-11T13:22:11,"(21.37427185, -157.74133443)"
ENCAESAR003,move to,LOC_적후방보급집결지,2026-09-11T13:22:11,"(21.37182173, -157.73509184)"
ENBTR60001,move to,LOC_중앙계곡,2026-09-11T13:22:11,"(21.37132433, -157.74083113)"
ENBTR60003,move to,LOC_중앙계곡,2026-09-11T13:22:11,"(21.37144149, -157.74071760)"
ENBTR80001,move to,LOC_중앙계곡,2026-09-11T13:22:11,"(21.37118743, -157.74038382)"
ENT72011,move to,LOC_중앙계곡,2026-09-11T13:22:11,"(21.37418353, -157.74134219)"
ENBTR80003,move to,LOC_중앙계곡,2026-09-11T13:22:11,"(21.37130582, -157.74027161)"
ENBTR60002,move to,LOC_중앙계곡,2026-09-11T13:22:11,"(21.37138681, -157.74077435)"
ENMIM001,move to,LOC_적북측접근로,2026-09-11T13:22:11,"(21.37088044, -157.73930576)"
ENCAESAR001,move to,LOC_적북측접근로,2026-09-11T13:22:11,"(21.37077290, -157.73955805)"
ENBTR80002,move to,LOC_중앙계곡,2026-09-11T13:22:11,"(21.37124225, -157.74032722)"
FRTRK1003,move to,LOC_남측제1방어선,2026-09-11T13:22:12,"(21.38781379, -157.74808326)"
FRTRK2001,move to,LOC_남측제1방어선,2026-09-11T13:22:12,"(21.38777216, -157.74832976)"
FRTRK2002,move to,LOC_남측제1방어선,2026-09-11T13:22:12,"(21.38769577, -157.74830915)"
FRTRK2004,move to,LOC_남측제1방어선,2026-09-11T13:22:12,"(21.38754046, -157.74798034)"
FRTRK1005,move to,LOC_남측제1방어선,2026-09-11T13:22:12,"(21.38761664, -157.74812987)"
FRTRK2003,move to,LOC_남측제1방어선,2026-09-11T13:22:12,"(21.38747167, -157.74782900)"
FRTRK1004,move to,LOC_남측제1방어선,2026-09-11T13:22:12,"(21.38739196, -157.74775654)"
FRT69007,move to,LOC_중앙킬존남측,2026-09-11T13:22:12,"(21.38527443, -157.73809264)"
FRT80001,move to,LOC_중앙킬존남측,2026-09-11T13:22:12,"(21.38249935, -157.74802968)"
FRT69002,move to,LOC_중앙킬존남측,2026-09-11T13:22:12,"(21.38490378, -157.73813972)"
FRT69001,move to,LOC_중앙킬존남측,2026-09-11T13:22:12,"(21.38483059, -157.73814816)"
FRT69006,move to,LOC_중앙킬존남측,2026-09-11T13:22:12,"(21.38519947, -157.73810304)"
FRT69003,move to,LOC_중앙킬존남측,2026-09-11T13:22:12,"(21.38497709, -157.73813134)"
FRT69005,move to,LOC_중앙킬존남측,2026-09-11T13:22:12,"(21.38512514, -157.73811257)"
FRT69004,move to,LOC_중앙킬존남측,2026-09-11T13:22:12,"(21.38505152, -157.73812099)"
FRT69008,move to,LOC_중앙킬존남측,2026-09-11T13:22:12,"(21.38534925, -157.73808280)"
FRT69009,move to,LOC_중앙킬존남측,2026-09-11T13:22:12,"(21.38542424, -157.73807294)"
FRT69010,move to,LOC_중앙킬존남측,2026-09-11T13:22:12,"(21.38549940, -157.73806308)"
ENM35004,move to,LOC_적북측접근로,2026-09-11T13:22:12,"(21.37281023, -157.73573108)"
ENM35002,move to,LOC_적북측접근로,2026-09-11T13:22:12,"(21.37278727, -157.73582844)"
ENM35001,move to,LOC_적북측접근로,2026-09-11T13:22:12,"(21.37272695, -157.73581373)"
ENT72007,move to,LOC_중앙계곡,2026-09-11T13:22:12,"(21.37455104, -157.74131326)"
ENT72003,move to,LOC_중앙계곡,2026-09-11T13:22:12,"(21.37473479, -157.74129747)"
ENCAESAR002,move to,LOC_적후방보급집결지,2026-09-11T13:22:12,"(21.37199090, -157.73485866)"
ENM1A2001,move to,LOC_중앙계곡,2026-09-11T13:22:12,"(21.37601024, -157.74225645)"
ENT72005,move to,LOC_중앙계곡,2026-09-11T13:22:12,"(21.37464080, -157.74130550)"
ENT72001,move to,LOC_중앙계곡,2026-09-11T13:22:12,"(21.37482871, -157.74128947)"
ENCAESAR004,move to,LOC_북측예비방어선,2026-09-11T13:22:12,"(21.37154683, -157.73942551)"
ENT72009,move to,LOC_중앙계곡,2026-09-11T13:22:12,"(21.37446144, -157.74132102)"
ENCAESAR003,move to,LOC_적후방보급집결지,2026-09-11T13:22:12,"(21.37193856, -157.73493266)"
ENBTR60001,move to,LOC_중앙계곡,2026-09-11T13:22:12,"(21.37151565, -157.74083495)"
ENBTR60003,move to,LOC_중앙계곡,2026-09-11T13:22:12,"(21.37163325, -157.74072430)"
ENBTR80001,move to,LOC_중앙계곡,2026-09-11T13:22:12,"(21.37137713, -157.74039817)"
ENT72011,move to,LOC_중앙계곡,2026-09-11T13:22:12,"(21.37437618, -157.74132850)"
ENBTR80003,move to,LOC_중앙계곡,2026-09-11T13:22:12,"(21.37149459, -157.74028880)"
ENBTR60002,move to,LOC_중앙계곡,2026-09-11T13:22:12,"(21.37157916, -157.74077963)"
ENMIM001,move to,LOC_적북측접근로,2026-09-11T13:22:12,"(21.37091715, -157.73950440)"
ENBTR80002,move to,LOC_중앙계곡,2026-09-11T13:22:12,"(21.37143160, -157.74034300)"
ENGAZ004,move to,LOC_적북측접근로,2026-09-11T13:22:12,"(21.37271861, -157.73556962)"
ENM35003,move to,LOC_적북측접근로,2026-09-11T13:22:12,"(21.37274913, -157.73571814)"
FRTRK1003,move to,LOC_남측제1방어선,2026-09-11T13:22:13,"(21.38781379, -157.74808326)"
FRTRK2001,move to,LOC_남측제1방어선,2026-09-11T13:22:13,"(21.38777216, -157.74832976)"
FRTRK2002,move to,LOC_남측제1방어선,2026-09-11T13:22:13,"(21.38769577, -157.74830915)"
FRTRK2004,move to,LOC_남측제1방어선,2026-09-11T13:22:13,"(21.38754046, -157.74798034)"
FRTRK1005,move to,LOC_남측제1방어선,2026-09-11T13:22:13,"(21.38761664, -157.74812987)"
FRTRK2003,move to,LOC_남측제1방어선,2026-09-11T13:22:13,"(21.38747167, -157.74782900)"
FRTRK1004,move to,LOC_남측제1방어선,2026-09-11T13:22:13,"(21.38739196, -157.74775654)"
FRT69007,move to,LOC_중앙킬존남측,2026-09-11T13:22:13,"(21.38527443, -157.73809264)"
FRT80001,move to,LOC_중앙킬존남측,2026-09-11T13:22:13,"(21.38249935, -157.74802968)"
FRT69002,move to,LOC_중앙킬존남측,2026-09-11T13:22:13,"(21.38490378, -157.73813972)"
FRT69001,move to,LOC_중앙킬존남측,2026-09-11T13:22:13,"(21.38483059, -157.73814816)"
FRT69006,move to,LOC_중앙킬존남측,2026-09-11T13:22:13,"(21.38519947, -157.73810304)"
FRT69003,move to,LOC_중앙킬존남측,2026-09-11T13:22:13,"(21.38497709, -157.73813134)"
FRT69005,move to,LOC_중앙킬존남측,2026-09-11T13:22:13,"(21.38512514, -157.73811257)"
FRT69004,move to,LOC_중앙킬존남측,2026-09-11T13:22:13,"(21.38505152, -157.73812099)"
FRT69008,move to,LOC_중앙킬존남측,2026-09-11T13:22:13,"(21.38534925, -157.73808280)"
FRT69009,move to,LOC_중앙킬존남측,2026-09-11T13:22:13,"(21.38542424, -157.73807294)"
FRT69010,move to,LOC_중앙킬존남측,2026-09-11T13:22:13,"(21.38549940, -157.73806308)"
ENM35004,move to,LOC_적북측접근로,2026-09-11T13:22:13,"(21.37281023, -157.73573108)"
ENM35002,move to,LOC_적북측접근로,2026-09-11T13:22:13,"(21.37278727, -157.73582844)"
ENM35001,move to,LOC_적북측접근로,2026-09-11T13:22:13,"(21.37272695, -157.73581373)"
ENT72007,move to,LOC_중앙계곡,2026-09-11T13:22:13,"(21.37455104, -157.74131326)"
ENT72003,move to,LOC_중앙계곡,2026-09-11T13:22:13,"(21.37473479, -157.74129747)"
ENCAESAR002,move to,LOC_적후방보급집결지,2026-09-11T13:22:13,"(21.37199090, -157.73485866)"
ENM1A2001,move to,LOC_중앙계곡,2026-09-11T13:22:13,"(21.37601024, -157.74225645)"
ENT72005,move to,LOC_중앙계곡,2026-09-11T13:22:13,"(21.37464080, -157.74130550)"
ENT72001,move to,LOC_중앙계곡,2026-09-11T13:22:13,"(21.37482871, -157.74128947)"
ENCAESAR004,move to,LOC_북측예비방어선,2026-09-11T13:22:13,"(21.37154683, -157.73942551)"
ENT72009,move to,LOC_중앙계곡,2026-09-11T13:22:13,"(21.37446144, -157.74132102)"
ENCAESAR003,move to,LOC_적후방보급집결지,2026-09-11T13:22:13,"(21.37193856, -157.73493266)"
ENBTR60001,move to,LOC_중앙계곡,2026-09-11T13:22:13,"(21.37151565, -157.74083495)"
ENBTR60003,move to,LOC_중앙계곡,2026-09-11T13:22:13,"(21.37163325, -157.74072430)"
ENBTR80001,move to,LOC_중앙계곡,2026-09-11T13:22:13,"(21.37137713, -157.74039817)"
ENT72011,move to,LOC_중앙계곡,2026-09-11T13:22:13,"(21.37437618, -157.74132850)"
ENBTR80003,move to,LOC_중앙계곡,2026-09-11T13:22:13,"(21.37149459, -157.74028880)"
ENBTR60002,move to,LOC_중앙계곡,2026-09-11T13:22:13,"(21.37157916, -157.74077963)"
ENMIM001,move to,LOC_적북측접근로,2026-09-11T13:22:13,"(21.37091715, -157.73950440)"
ENBTR80002,move to,LOC_중앙계곡,2026-09-11T13:22:13,"(21.37143160, -157.74034300)"
ENGAZ004,move to,LOC_적북측접근로,2026-09-11T13:22:13,"(21.37271861, -157.73556962)"
ENM35003,move to,LOC_적북측접근로,2026-09-11T13:22:13,"(21.37274913, -157.73571814)"
FRTRK1003,move to,LOC_남측제1방어선,2026-09-11T13:22:14,"(21.38781379, -157.74808326)"
FRTRK2001,move to,LOC_남측제1방어선,2026-09-11T13:22:14,"(21.38777216, -157.74832976)"
FRTRK2002,move to,LOC_남측제1방어선,2026-09-11T13:22:14,"(21.38769577, -157.74830915)"
FRTRK2004,move to,LOC_남측제1방어선,2026-09-11T13:22:14,"(21.38754046, -157.74798034)"
FRTRK1005,move to,LOC_남측제1방어선,2026-09-11T13:22:14,"(21.38761664, -157.74812987)"
FRTRK2003,move to,LOC_남측제1방어선,2026-09-11T13:22:14,"(21.38747167, -157.74782900)"
FRTRK1004,move to,LOC_남측제1방어선,2026-09-11T13:22:14,"(21.38739196, -157.74775654)"
FRT69007,move to,LOC_중앙킬존남측,2026-09-11T13:22:14,"(21.38527443, -157.73809264)"
FRT80001,move to,LOC_중앙킬존남측,2026-09-11T13:22:14,"(21.38249935, -157.74802968)"
FRT69002,move to,LOC_중앙킬존남측,2026-09-11T13:22:14,"(21.38490378, -157.73813972)"
FRT69001,move to,LOC_중앙킬존남측,2026-09-11T13:22:14,"(21.38483059, -157.73814816)"
FRT69006,move to,LOC_중앙킬존남측,2026-09-11T13:22:14,"(21.38519947, -157.73810304)"
FRT69003,move to,LOC_중앙킬존남측,2026-09-11T13:22:14,"(21.38497709, -157.73813134)"
FRT69005,move to,LOC_중앙킬존남측,2026-09-11T13:22:14,"(21.38512514, -157.73811257)"
FRT69004,move to,LOC_중앙킬존남측,2026-09-11T13:22:14,"(21.38505152, -157.73812099)"
FRT69008,move to,LOC_중앙킬존남측,2026-09-11T13:22:14,"(21.38534925, -157.73808280)"
FRT69009,move to,LOC_중앙킬존남측,2026-09-11T13:22:14,"(21.38542424, -157.73807294)"
FRT69010,move to,LOC_중앙킬존남측,2026-09-11T13:22:14,"(21.38549940, -157.73806308)"
ENM35004,move to,LOC_적북측접근로,2026-09-11T13:22:14,"(21.37281023, -157.73573108)"
ENM35002,move to,LOC_적북측접근로,2026-09-11T13:22:14,"(21.37278727, -157.73582844)"
ENM35001,move to,LOC_적북측접근로,2026-09-11T13:22:14,"(21.37272695, -157.73581373)"
ENT72007,move to,LOC_중앙계곡,2026-09-11T13:22:14,"(21.37455104, -157.74131326)"
ENT72003,move to,LOC_중앙계곡,2026-09-11T13:22:14,"(21.37473479, -157.74129747)"
ENCAESAR002,move to,LOC_적후방보급집결지,2026-09-11T13:22:14,"(21.37199090, -157.73485866)"
ENM1A2001,move to,LOC_중앙계곡,2026-09-11T13:22:14,"(21.37601024, -157.74225645)"
ENT72005,move to,LOC_중앙계곡,2026-09-11T13:22:14,"(21.37464080, -157.74130550)"
ENT72001,move to,LOC_중앙계곡,2026-09-11T13:22:14,"(21.37482871, -157.74128947)"
ENCAESAR004,move to,LOC_북측예비방어선,2026-09-11T13:22:14,"(21.37154683, -157.73942551)"
ENT72009,move to,LOC_중앙계곡,2026-09-11T13:22:14,"(21.37446144, -157.74132102)"
ENCAESAR003,move to,LOC_적후방보급집결지,2026-09-11T13:22:14,"(21.37193856, -157.73493266)"
ENBTR60001,move to,LOC_중앙계곡,2026-09-11T13:22:14,"(21.37151565, -157.74083495)"
ENBTR60003,move to,LOC_중앙계곡,2026-09-11T13:22:14,"(21.37163325, -157.74072430)"
ENBTR80001,move to,LOC_중앙계곡,2026-09-11T13:22:14,"(21.37137713, -157.74039817)"
ENT72011,move to,LOC_중앙계곡,2026-09-11T13:22:14,"(21.37437618, -157.74132850)"
ENBTR80003,move to,LOC_중앙계곡,2026-09-11T13:22:14,"(21.37149459, -157.74028880)"
ENBTR60002,move to,LOC_중앙계곡,2026-09-11T13:22:14,"(21.37157916, -157.74077963)"
ENMIM001,move to,LOC_적북측접근로,2026-09-11T13:22:14,"(21.37091715, -157.73950440)"
ENBTR80002,move to,LOC_중앙계곡,2026-09-11T13:22:14,"(21.37143160, -157.74034300)"
ENGAZ004,move to,LOC_적북측접근로,2026-09-11T13:22:14,"(21.37271861, -157.73556962)"
ENM35003,move to,LOC_적북측접근로,2026-09-11T13:22:14,"(21.37274913, -157.73571814)"
FRTRK2002,move to,LOC_남측제1방어선,2026-09-11T13:22:15,"(21.38768450, -157.74821181)"
FRTRK2004,move to,LOC_남측제1방어선,2026-09-11T13:22:15,"(21.38752312, -157.74781130)"
FRTRK1005,move to,LOC_남측제1방어선,2026-09-11T13:22:15,"(21.38760142, -157.74799055)"
FRTRK2003,move to,LOC_남측제1방어선,2026-09-11T13:22:15,"(21.38746081, -157.74771636)"
FRTRK1004,move to,LOC_남측제1방어선,2026-09-11T13:22:15,"(21.38737444, -157.74755764)"
FRT80001,move to,LOC_중앙킬존남측,2026-09-11T13:22:15,"(21.38236570, -157.74789940)"
ENM35004,move to,LOC_적북측접근로,2026-09-11T13:22:15,"(21.37276437, -157.73591729)"
ENM35002,move to,LOC_적북측접근로,2026-09-11T13:22:15,"(21.37274136, -157.73601473)"
ENT72007,move to,LOC_중앙계곡,2026-09-11T13:22:15,"(21.37473004, -157.74130065)"
ENT72003,move to,LOC_중앙계곡,2026-09-11T13:22:15,"(21.37491241, -157.74128507)"
ENCAESAR002,move to,LOC_적후방보급집결지,2026-09-11T13:22:15,"(21.37210201, -157.73470750)"
ENM1A2001,move to,LOC_중앙계곡,2026-09-11T13:22:15,"(21.37618337, -157.74218696)"
ENT72005,move to,LOC_중앙계곡,2026-09-11T13:22:15,"(21.37481850, -157.74129304)"
ENT72001,move to,LOC_중앙계곡,2026-09-11T13:22:15,"(21.37500909, -157.74127694)"
ENCAESAR004,move to,LOC_북측예비방어선,2026-09-11T13:22:15,"(21.37163079, -157.73959430)"
ENT72009,move to,LOC_중앙계곡,2026-09-11T13:22:15,"(21.37464095, -157.74130832)"
ENCAESAR003,move to,LOC_적후방보급집결지,2026-09-11T13:22:15,"(21.37204985, -157.73478102)"
ENBTR60001,move to,LOC_중앙계곡,2026-09-11T13:22:15,"(21.37169568, -157.74083855)"
ENBTR60003,move to,LOC_중앙계곡,2026-09-11T13:22:15,"(21.37181296, -157.74073059)"
ENBTR80001,move to,LOC_중앙계곡,2026-09-11T13:22:15,"(21.37155744, -157.74041182)"
ENT72011,move to,LOC_중앙계곡,2026-09-11T13:22:15,"(21.37455562, -157.74131575)"
ENBTR80003,move to,LOC_중앙계곡,2026-09-11T13:22:15,"(21.37167402, -157.74030514)"
ENBTR60002,move to,LOC_중앙계곡,2026-09-11T13:22:15,"(21.37175580, -157.74078447)"
ENBTR80002,move to,LOC_중앙계곡,2026-09-11T13:22:15,"(21.37161152, -157.74035799)"
ENGAZ004,move to,LOC_적북측접근로,2026-09-11T13:22:15,"(21.37267645, -157.73575700)"
ENCAESAR001,move to,LOC_적북측접근로,2026-09-11T13:22:15,"(21.37086862, -157.73993276)"
FRTRK2002,move to,LOC_남측제1방어선,2026-09-11T13:22:16,"(21.38768450, -157.74821181)"
FRTRK2004,move to,LOC_남측제1방어선,2026-09-11T13:22:16,"(21.38752312, -157.74781130)"
FRTRK1005,move to,LOC_남측제1방어선,2026-09-11T13:22:16,"(21.38760142, -157.74799055)"
FRTRK2003,move to,LOC_남측제1방어선,2026-09-11T13:22:16,"(21.38746081, -157.74771636)"
FRTRK1004,move to,LOC_남측제1방어선,2026-09-11T13:22:16,"(21.38737444, -157.74755764)"
FRT80001,move to,LOC_중앙킬존남측,2026-09-11T13:22:16,"(21.38236570, -157.74789940)"
ENM35004,move to,LOC_적북측접근로,2026-09-11T13:22:16,"(21.37276437, -157.73591729)"
ENM35002,move to,LOC_적북측접근로,2026-09-11T13:22:16,"(21.37274136, -157.73601473)"
ENT72007,move to,LOC_중앙계곡,2026-09-11T13:22:16,"(21.37473004, -157.74130065)"
ENT72003,move to,LOC_중앙계곡,2026-09-11T13:22:16,"(21.37491241, -157.74128507)"
ENCAESAR002,move to,LOC_적후방보급집결지,2026-09-11T13:22:16,"(21.37210201, -157.73470750)"
ENM1A2001,move to,LOC_중앙계곡,2026-09-11T13:22:16,"(21.37618337, -157.74218696)"
ENT72005,move to,LOC_중앙계곡,2026-09-11T13:22:16,"(21.37481850, -157.74129304)"
ENT72001,move to,LOC_중앙계곡,2026-09-11T13:22:16,"(21.37500909, -157.74127694)"
ENCAESAR004,move to,LOC_북측예비방어선,2026-09-11T13:22:16,"(21.37163079, -157.73959430)"
ENT72009,move to,LOC_중앙계곡,2026-09-11T13:22:16,"(21.37464095, -157.74130832)"
ENCAESAR003,move to,LOC_적후방보급집결지,2026-09-11T13:22:16,"(21.37204985, -157.73478102)"
ENBTR60001,move to,LOC_중앙계곡,2026-09-11T13:22:16,"(21.37169568, -157.74083855)"
ENBTR60003,move to,LOC_중앙계곡,2026-09-11T13:22:16,"(21.37181296, -157.74073059)"
ENBTR80001,move to,LOC_중앙계곡,2026-09-11T13:22:16,"(21.37155744, -157.74041182)"
ENT72011,move to,LOC_중앙계곡,2026-09-11T13:22:16,"(21.37455562, -157.74131575)"
ENBTR80003,move to,LOC_중앙계곡,2026-09-11T13:22:16,"(21.37167402, -157.74030514)"
ENBTR60002,move to,LOC_중앙계곡,2026-09-11T13:22:16,"(21.37175580, -157.74078447)"
ENBTR80002,move to,LOC_중앙계곡,2026-09-11T13:22:16,"(21.37161152, -157.74035799)"
ENGAZ004,move to,LOC_적북측접근로,2026-09-11T13:22:16,"(21.37267645, -157.73575700)"
ENCAESAR001,move to,LOC_적북측접근로,2026-09-11T13:22:16,"(21.37086862, -157.73993276)"
FRT80001,move to,LOC_중앙킬존남측,2026-09-11T13:22:17,"(21.38223011, -157.74776724)"
ENM35004,move to,LOC_적북측접근로,2026-09-11T13:22:17,"(21.37271774, -157.73610663)"
ENM35002,move to,LOC_적북측접근로,2026-09-11T13:22:17,"(21.37269473, -157.73620396)"
ENT72007,move to,LOC_중앙계곡,2026-09-11T13:22:17,"(21.37491068, -157.74128793)"
ENT72003,move to,LOC_중앙계곡,2026-09-11T13:22:17,"(21.37509543, -157.74127230)"
ENCAESAR002,move to,LOC_적후방보급집결지,2026-09-11T13:22:17,"(21.37221513, -157.73455358)"
ENM1A2001,move to,LOC_중앙계곡,2026-09-11T13:22:17,"(21.37635518, -157.74211800)"
ENT72005,move to,LOC_중앙계곡,2026-09-11T13:22:17,"(21.37500144, -157.74128022)"
ENT72001,move to,LOC_중앙계곡,2026-09-11T13:22:17,"(21.37519163, -157.74126426)"
ENCAESAR004,move to,LOC_북측예비방어선,2026-09-11T13:22:17,"(21.37171637, -157.73976633)"
ENT72009,move to,LOC_중앙계곡,2026-09-11T13:22:17,"(21.37482139, -157.74129556)"
ENCAESAR003,move to,LOC_적후방보급집결지,2026-09-11T13:22:17,"(21.37216286, -157.73462704)"
ENBTR60001,move to,LOC_중앙계곡,2026-09-11T13:22:17,"(21.37187922, -157.74084222)"
ENBTR60003,move to,LOC_중앙계곡,2026-09-11T13:22:17,"(21.37199595, -157.74073699)"
ENBTR80001,move to,LOC_중앙계곡,2026-09-11T13:22:17,"(21.37174011, -157.74042564)"
ENT72011,move to,LOC_중앙계곡,2026-09-11T13:22:17,"(21.37473695, -157.74130287)"
ENBTR80003,move to,LOC_중앙계곡,2026-09-11T13:22:17,"(21.37185633, -157.74032174)"
ENBTR60002,move to,LOC_중앙계곡,2026-09-11T13:22:17,"(21.37193961, -157.74078951)"
ENBTR80002,move to,LOC_중앙계곡,2026-09-11T13:22:17,"(21.37179408, -157.74037320)"
ENGAZ004,move to,LOC_적북측접근로,2026-09-11T13:22:17,"(21.37263366, -157.73594719)"
ENMIM001,move to,LOC_적북측접근로,2026-09-11T13:22:17,"(21.37098637, -157.73987902)"
FRT80001,move to,LOC_중앙킬존남측,2026-09-11T13:22:18,"(21.38223011, -157.74776724)"
ENM35004,move to,LOC_적북측접근로,2026-09-11T13:22:18,"(21.37271774, -157.73610663)"
ENM35002,move to,LOC_적북측접근로,2026-09-11T13:22:18,"(21.37269473, -157.73620396)"
ENT72007,move to,LOC_중앙계곡,2026-09-11T13:22:18,"(21.37491068, -157.74128793)"
ENT72003,move to,LOC_중앙계곡,2026-09-11T13:22:18,"(21.37509543, -157.74127230)"
ENCAESAR002,move to,LOC_적후방보급집결지,2026-09-11T13:22:18,"(21.37221513, -157.73455358)"
ENM1A2001,move to,LOC_중앙계곡,2026-09-11T13:22:18,"(21.37635518, -157.74211800)"
ENT72005,move to,LOC_중앙계곡,2026-09-11T13:22:18,"(21.37500144, -157.74128022)"
ENT72001,move to,LOC_중앙계곡,2026-09-11T13:22:18,"(21.37519163, -157.74126426)"
ENCAESAR004,move to,LOC_북측예비방어선,2026-09-11T13:22:18,"(21.37171637, -157.73976633)"
ENT72009,move to,LOC_중앙계곡,2026-09-11T13:22:18,"(21.37482139, -157.74129556)"
ENCAESAR003,move to,LOC_적후방보급집결지,2026-09-11T13:22:18,"(21.37216286, -157.73462704)"
ENBTR60001,move to,LOC_중앙계곡,2026-09-11T13:22:18,"(21.37187922, -157.74084222)"
ENBTR60003,move to,LOC_중앙계곡,2026-09-11T13:22:18,"(21.37199595, -157.74073699)"
ENBTR80001,move to,LOC_중앙계곡,2026-09-11T13:22:18,"(21.37174011, -157.74042564)"
ENT72011,move to,LOC_중앙계곡,2026-09-11T13:22:18,"(21.37473695, -157.74130287)"
ENBTR80003,move to,LOC_중앙계곡,2026-09-11T13:22:18,"(21.37185633, -157.74032174)"
ENBTR60002,move to,LOC_중앙계곡,2026-09-11T13:22:18,"(21.37193961, -157.74078951)"
ENBTR80002,move to,LOC_중앙계곡,2026-09-11T13:22:18,"(21.37179408, -157.74037320)"
ENGAZ004,move to,LOC_적북측접근로,2026-09-11T13:22:18,"(21.37263366, -157.73594719)"
ENMIM001,move to,LOC_적북측접근로,2026-09-11T13:22:18,"(21.37098637, -157.73987902)"
FRT80001,move to,LOC_중앙킬존남측,2026-09-11T13:22:19,"(21.38209531, -157.74763583)"
ENM35004,move to,LOC_적북측접근로,2026-09-11T13:22:19,"(21.37267114, -157.73629586)"
ENM35002,move to,LOC_적북측접근로,2026-09-11T13:22:19,"(21.37264807, -157.73639328)"
ENT72007,move to,LOC_중앙계곡,2026-09-11T13:22:19,"(21.37509330, -157.74127507)"
ENT72003,move to,LOC_중앙계곡,2026-09-11T13:22:19,"(21.37527754, -157.74125959)"
ENCAESAR002,move to,LOC_적후방보급집결지,2026-09-11T13:22:19,"(21.37232808, -157.73439991)"
ENM1A2001,move to,LOC_중앙계곡,2026-09-11T13:22:19,"(21.37652599, -157.74204944)"
ENT72005,move to,LOC_중앙계곡,2026-09-11T13:22:19,"(21.37518314, -157.74126748)"
ENT72001,move to,LOC_중앙계곡,2026-09-11T13:22:19,"(21.37537381, -157.74125161)"
ENCAESAR004,move to,LOC_북측예비방어선,2026-09-11T13:22:19,"(21.37180137, -157.73993720)"
ENT72009,move to,LOC_중앙계곡,2026-09-11T13:22:19,"(21.37500421, -157.74128263)"
ENCAESAR003,move to,LOC_적후방보급집결지,2026-09-11T13:22:19,"(21.37227578, -157.73447317)"
ENBTR60001,move to,LOC_중앙계곡,2026-09-11T13:22:19,"(21.37206216, -157.74084587)"
ENBTR60003,move to,LOC_중앙계곡,2026-09-11T13:22:19,"(21.37217982, -157.74074342)"
ENBTR80001,move to,LOC_중앙계곡,2026-09-11T13:22:19,"(21.37192253, -157.74043944)"
ENT72011,move to,LOC_중앙계곡,2026-09-11T13:22:19,"(21.37491796, -157.74129001)"
ENBTR80003,move to,LOC_중앙계곡,2026-09-11T13:22:19,"(21.37203919, -157.74033839)"
ENBTR60002,move to,LOC_중앙계곡,2026-09-11T13:22:19,"(21.37212455, -157.74079459)"
ENBTR80002,move to,LOC_중앙계곡,2026-09-11T13:22:19,"(21.37197662, -157.74038841)"
ENGAZ004,move to,LOC_적북측접근로,2026-09-11T13:22:19,"(21.37259086, -157.73613746)"
ENGAZ003,move to,LOC_적북측접근로,2026-09-11T13:22:19,"(21.37255091, -157.73604778)"
ENCAESAR001,move to,LOC_적북측접근로,2026-09-11T13:22:19,"(21.37096224, -157.74029926)"
FRT80001,move to,LOC_중앙킬존남측,2026-09-11T13:22:19,"(21.38209531, -157.74763583)"
ENM35004,move to,LOC_적북측접근로,2026-09-11T13:22:19,"(21.37267114, -157.73629586)"
ENM35002,move to,LOC_적북측접근로,2026-09-11T13:22:19,"(21.37264807, -157.73639328)"
ENT72007,move to,LOC_중앙계곡,2026-09-11T13:22:19,"(21.37509330, -157.74127507)"
ENT72003,move to,LOC_중앙계곡,2026-09-11T13:22:19,"(21.37527754, -157.74125959)"
ENCAESAR002,move to,LOC_적후방보급집결지,2026-09-11T13:22:19,"(21.37232808, -157.73439991)"
ENM1A2001,move to,LOC_중앙계곡,2026-09-11T13:22:19,"(21.37652599, -157.74204944)"
ENT72005,move to,LOC_중앙계곡,2026-09-11T13:22:19,"(21.37518314, -157.74126748)"
ENT72001,move to,LOC_중앙계곡,2026-09-11T13:22:19,"(21.37537381, -157.74125161)"
ENCAESAR004,move to,LOC_북측예비방어선,2026-09-11T13:22:19,"(21.37180137, -157.73993720)"
ENT72009,move to,LOC_중앙계곡,2026-09-11T13:22:19,"(21.37500421, -157.74128263)"
ENCAESAR003,move to,LOC_적후방보급집결지,2026-09-11T13:22:19,"(21.37227578, -157.73447317)"
ENBTR60001,move to,LOC_중앙계곡,2026-09-11T13:22:19,"(21.37206216, -157.74084587)"
ENBTR60003,move to,LOC_중앙계곡,2026-09-11T13:22:19,"(21.37217982, -157.74074342)"
ENBTR80001,move to,LOC_중앙계곡,2026-09-11T13:22:19,"(21.37192253, -157.74043944)"
ENT72011,move to,LOC_중앙계곡,2026-09-11T13:22:19,"(21.37491796, -157.74129001)"
ENBTR80003,move to,LOC_중앙계곡,2026-09-11T13:22:19,"(21.37203919, -157.74033839)"
ENBTR60002,move to,LOC_중앙계곡,2026-09-11T13:22:19,"(21.37212455, -157.74079459)"
ENBTR80002,move to,LOC_중앙계곡,2026-09-11T13:22:19,"(21.37197662, -157.74038841)"
ENGAZ004,move to,LOC_적북측접근로,2026-09-11T13:22:19,"(21.37259086, -157.73613746)"
ENGAZ003,move to,LOC_적북측접근로,2026-09-11T13:22:19,"(21.37255091, -157.73604778)"
ENCAESAR001,move to,LOC_적북측접근로,2026-09-11T13:22:19,"(21.37096224, -157.74029926)"
FRT80001,move to,LOC_중앙킬존남측,2026-09-11T13:22:20,"(21.38195755, -157.74750154)"
ENM35004,move to,LOC_적북측접근로,2026-09-11T13:22:20,"(21.37262358, -157.73648901)"
ENM35002,move to,LOC_적북측접근로,2026-09-11T13:22:20,"(21.37260043, -157.73658660)"
ENT72007,move to,LOC_중앙계곡,2026-09-11T13:22:20,"(21.37527938, -157.74126196)"
ENT72003,move to,LOC_중앙계곡,2026-09-11T13:22:20,"(21.37546360, -157.74124661)"
ENCAESAR002,move to,LOC_적후방보급집결지,2026-09-11T13:22:20,"(21.37244323, -157.73424324)"
ENM1A2001,move to,LOC_중앙계곡,2026-09-11T13:22:20,"(21.37669980, -157.74197968)"
ENT72005,move to,LOC_중앙계곡,2026-09-11T13:22:20,"(21.37536953, -157.74125441)"
ENT72001,move to,LOC_중앙계곡,2026-09-11T13:22:20,"(21.37556014, -157.74123867)"
ENT72009,move to,LOC_중앙계곡,2026-09-11T13:22:20,"(21.37519018, -157.74126947)"
ENCAESAR003,move to,LOC_적후방보급집결지,2026-09-11T13:22:20,"(21.37239090, -157.73431632)"
ENBTR60001,move to,LOC_중앙계곡,2026-09-11T13:22:20,"(21.37224896, -157.74084960)"
ENBTR60003,move to,LOC_중앙계곡,2026-09-11T13:22:20,"(21.37236669, -157.74074995)"
ENBTR80001,move to,LOC_중앙계곡,2026-09-11T13:22:20,"(21.37210904, -157.74045355)"
ENT72011,move to,LOC_중앙계곡,2026-09-11T13:22:20,"(21.37510425, -157.74127678)"
ENBTR80003,move to,LOC_중앙계곡,2026-09-11T13:22:20,"(21.37222564, -157.74035537)"
ENBTR60002,move to,LOC_중앙계곡,2026-09-11T13:22:20,"(21.37231143, -157.74079971)"
ENBTR80002,move to,LOC_중앙계곡,2026-09-11T13:22:20,"(21.37216317, -157.74040395)"
ENGAZ004,move to,LOC_적북측접근로,2026-09-11T13:22:20,"(21.37254715, -157.73633173)"
ENGAZ003,move to,LOC_적북측접근로,2026-09-11T13:22:20,"(21.37250915, -157.73624252)"
ENCAESAR001,move to,LOC_적북측접근로,2026-09-11T13:22:20,"(21.37100708, -157.74047479)"
ENMIM001,move to,LOC_적북측접근로,2026-09-11T13:22:20,"(21.37105750, -157.74026389)"
FRT80001,move to,LOC_중앙킬존남측,2026-09-11T13:22:21,"(21.38195755, -157.74750154)"
ENM35004,move to,LOC_적북측접근로,2026-09-11T13:22:21,"(21.37262358, -157.73648901)"
ENM35002,move to,LOC_적북측접근로,2026-09-11T13:22:21,"(21.37260043, -157.73658660)"
ENT72007,move to,LOC_중앙계곡,2026-09-11T13:22:21,"(21.37527938, -157.74126196)"
ENT72003,move to,LOC_중앙계곡,2026-09-11T13:22:21,"(21.37546360, -157.74124661)"
ENCAESAR002,move to,LOC_적후방보급집결지,2026-09-11T13:22:21,"(21.37244323, -157.73424324)"
ENM1A2001,move to,LOC_중앙계곡,2026-09-11T13:22:21,"(21.37669980, -157.74197968)"
ENT72005,move to,LOC_중앙계곡,2026-09-11T13:22:21,"(21.37536953, -157.74125441)"
ENT72001,move to,LOC_중앙계곡,2026-09-11T13:22:21,"(21.37556014, -157.74123867)"
ENT72009,move to,LOC_중앙계곡,2026-09-11T13:22:21,"(21.37519018, -157.74126947)"
ENCAESAR003,move to,LOC_적후방보급집결지,2026-09-11T13:22:21,"(21.37239090, -157.73431632)"
ENBTR60001,move to,LOC_중앙계곡,2026-09-11T13:22:21,"(21.37224896, -157.74084960)"
ENBTR60003,move to,LOC_중앙계곡,2026-09-11T13:22:21,"(21.37236669, -157.74074995)"
ENBTR80001,move to,LOC_중앙계곡,2026-09-11T13:22:21,"(21.37210904, -157.74045355)"
ENT72011,move to,LOC_중앙계곡,2026-09-11T13:22:21,"(21.37510425, -157.74127678)"
ENBTR80003,move to,LOC_중앙계곡,2026-09-11T13:22:21,"(21.37222564, -157.74035537)"
ENBTR60002,move to,LOC_중앙계곡,2026-09-11T13:22:21,"(21.37231143, -157.74079971)"
ENBTR80002,move to,LOC_중앙계곡,2026-09-11T13:22:21,"(21.37216317, -157.74040395)"
ENGAZ004,move to,LOC_적북측접근로,2026-09-11T13:22:21,"(21.37254715, -157.73633173)"
ENGAZ003,move to,LOC_적북측접근로,2026-09-11T13:22:21,"(21.37250915, -157.73624252)"
ENCAESAR001,move to,LOC_적북측접근로,2026-09-11T13:22:21,"(21.37100708, -157.74047479)"
ENMIM001,move to,LOC_적북측접근로,2026-09-11T13:22:21,"(21.37105750, -157.74026389)"
FRT80001,move to,LOC_중앙킬존남측,2026-09-11T13:22:22,"(21.38195755, -157.74750154)"
ENM35004,move to,LOC_적북측접근로,2026-09-11T13:22:22,"(21.37262358, -157.73648901)"
ENM35002,move to,LOC_적북측접근로,2026-09-11T13:22:22,"(21.37260043, -157.73658660)"
ENT72007,move to,LOC_중앙계곡,2026-09-11T13:22:22,"(21.37527938, -157.74126196)"
ENT72003,move to,LOC_중앙계곡,2026-09-11T13:22:22,"(21.37546360, -157.74124661)"
ENCAESAR002,move to,LOC_적후방보급집결지,2026-09-11T13:22:22,"(21.37244323, -157.73424324)"
ENM1A2001,move to,LOC_중앙계곡,2026-09-11T13:22:22,"(21.37669980, -157.74197968)"
ENT72005,move to,LOC_중앙계곡,2026-09-11T13:22:22,"(21.37536953, -157.74125441)"
ENT72001,move to,LOC_중앙계곡,2026-09-11T13:22:22,"(21.37556014, -157.74123867)"
ENT72009,move to,LOC_중앙계곡,2026-09-11T13:22:22,"(21.37519018, -157.74126947)"
ENCAESAR003,move to,LOC_적후방보급집결지,2026-09-11T13:22:22,"(21.37239090, -157.73431632)"
ENBTR60001,move to,LOC_중앙계곡,2026-09-11T13:22:22,"(21.37224896, -157.74084960)"
ENBTR60003,move to,LOC_중앙계곡,2026-09-11T13:22:22,"(21.37236669, -157.74074995)"
ENBTR80001,move to,LOC_중앙계곡,2026-09-11T13:22:22,"(21.37210904, -157.74045355)"
ENT72011,move to,LOC_중앙계곡,2026-09-11T13:22:22,"(21.37510425, -157.74127678)"
ENBTR80003,move to,LOC_중앙계곡,2026-09-11T13:22:22,"(21.37222564, -157.74035537)"
ENBTR60002,move to,LOC_중앙계곡,2026-09-11T13:22:22,"(21.37231143, -157.74079971)"
ENBTR80002,move to,LOC_중앙계곡,2026-09-11T13:22:22,"(21.37216317, -157.74040395)"
ENGAZ004,move to,LOC_적북측접근로,2026-09-11T13:22:22,"(21.37254715, -157.73633173)"
ENGAZ003,move to,LOC_적북측접근로,2026-09-11T13:22:22,"(21.37250915, -157.73624252)"
ENCAESAR001,move to,LOC_적북측접근로,2026-09-11T13:22:22,"(21.37100708, -157.74047479)"
ENMIM001,move to,LOC_적북측접근로,2026-09-11T13:22:22,"(21.37105750, -157.74026389)"
FRT80001,move to,LOC_중앙킬존남측,2026-09-11T13:22:23,"(21.38182311, -157.74737049)"
ENM35004,move to,LOC_적북측접근로,2026-09-11T13:22:23,"(21.37257727, -157.73667703)"
ENM35002,move to,LOC_적북측접근로,2026-09-11T13:22:23,"(21.37255393, -157.73677530)"
ENT72007,move to,LOC_중앙계곡,2026-09-11T13:22:23,"(21.37546052, -157.74124920)"
ENT72003,move to,LOC_중앙계곡,2026-09-11T13:22:23,"(21.37564499, -157.74123395)"
ENCAESAR002,move to,LOC_적후방보급집결지,2026-09-11T13:22:23,"(21.37255556, -157.73409040)"
ENM1A2001,move to,LOC_중앙계곡,2026-09-11T13:22:23,"(21.37686884, -157.74191183)"
ENT72005,move to,LOC_중앙계곡,2026-09-11T13:22:23,"(21.37555110, -157.74124168)"
ENT72001,move to,LOC_중앙계곡,2026-09-11T13:22:23,"(21.37574182, -157.74122605)"
ENT72009,move to,LOC_중앙계곡,2026-09-11T13:22:23,"(21.37537184, -157.74125662)"
ENCAESAR003,move to,LOC_적후방보급집결지,2026-09-11T13:22:23,"(21.37250292, -157.73416368)"
ENBTR60001,move to,LOC_중앙계곡,2026-09-11T13:22:23,"(21.37243083, -157.74085324)"
ENBTR60003,move to,LOC_중앙계곡,2026-09-11T13:22:23,"(21.37254837, -157.74075631)"
ENBTR80001,move to,LOC_중앙계곡,2026-09-11T13:22:23,"(21.37229060, -157.74046729)"
ENT72011,move to,LOC_중앙계곡,2026-09-11T13:22:23,"(21.37528537, -157.74126391)"
ENBTR80003,move to,LOC_중앙계곡,2026-09-11T13:22:23,"(21.37240702, -157.74037189)"
ENBTR60002,move to,LOC_중앙계곡,2026-09-11T13:22:23,"(21.37249315, -157.74080470)"
ENBTR80002,move to,LOC_중앙계곡,2026-09-11T13:22:23,"(21.37234485, -157.74041909)"
ENGAZ004,move to,LOC_적북측접근로,2026-09-11T13:22:23,"(21.37250461, -157.73652082)"
ENGAZ003,move to,LOC_적북측접근로,2026-09-11T13:22:23,"(21.37246849, -157.73643217)"
ENCAESAR001,move to,LOC_적북측접근로,2026-09-11T13:22:23,"(21.37105462, -157.74066090)"
ENMIM001,move to,LOC_적북측접근로,2026-09-11T13:22:23,"(21.37108933, -157.74043615)"
FRT80001,move to,LOC_중앙킬존남측,2026-09-11T13:22:23,"(21.38182311, -157.74737049)"
ENM35004,move to,LOC_적북측접근로,2026-09-11T13:22:23,"(21.37257727, -157.73667703)"
ENM35002,move to,LOC_적북측접근로,2026-09-11T13:22:23,"(21.37255393, -157.73677530)"
ENT72007,move to,LOC_중앙계곡,2026-09-11T13:22:23,"(21.37546052, -157.74124920)"
ENT72003,move to,LOC_중앙계곡,2026-09-11T13:22:23,"(21.37564499, -157.74123395)"
ENCAESAR002,move to,LOC_적후방보급집결지,2026-09-11T13:22:23,"(21.37255556, -157.73409040)"
ENM1A2001,move to,LOC_중앙계곡,2026-09-11T13:22:23,"(21.37686884, -157.74191183)"
ENT72005,move to,LOC_중앙계곡,2026-09-11T13:22:23,"(21.37555110, -157.74124168)"
ENT72001,move to,LOC_중앙계곡,2026-09-11T13:22:23,"(21.37574182, -157.74122605)"
ENT72009,move to,LOC_중앙계곡,2026-09-11T13:22:23,"(21.37537184, -157.74125662)"
ENCAESAR003,move to,LOC_적후방보급집결지,2026-09-11T13:22:23,"(21.37250292, -157.73416368)"
ENBTR60001,move to,LOC_중앙계곡,2026-09-11T13:22:23,"(21.37243083, -157.74085324)"
ENBTR60003,move to,LOC_중앙계곡,2026-09-11T13:22:23,"(21.37254837, -157.74075631)"
ENBTR80001,move to,LOC_중앙계곡,2026-09-11T13:22:23,"(21.37229060, -157.74046729)"
ENT72011,move to,LOC_중앙계곡,2026-09-11T13:22:23,"(21.37528537, -157.74126391)"
ENBTR80003,move to,LOC_중앙계곡,2026-09-11T13:22:23,"(21.37240702, -157.74037189)"
ENBTR60002,move to,LOC_중앙계곡,2026-09-11T13:22:23,"(21.37249315, -157.74080470)"
ENBTR80002,move to,LOC_중앙계곡,2026-09-11T13:22:23,"(21.37234485, -157.74041909)"
ENGAZ004,move to,LOC_적북측접근로,2026-09-11T13:22:23,"(21.37250461, -157.73652082)"
ENGAZ003,move to,LOC_적북측접근로,2026-09-11T13:22:23,"(21.37246849, -157.73643217)"
ENCAESAR001,move to,LOC_적북측접근로,2026-09-11T13:22:23,"(21.37105462, -157.74066090)"
ENMIM001,move to,LOC_적북측접근로,2026-09-11T13:22:23,"(21.37108933, -157.74043615)"
FRT80001,move to,LOC_중앙킬존남측,2026-09-11T13:22:24,"(21.38168672, -157.74723754)"
ENM35004,move to,LOC_적북측접근로,2026-09-11T13:22:24,"(21.37252960, -157.73687061)"
ENM35002,move to,LOC_적북측접근로,2026-09-11T13:22:24,"(21.37250638, -157.73696825)"
ENT72007,move to,LOC_중앙계곡,2026-09-11T13:22:24,"(21.37564500, -157.74123621)"
ENT72003,move to,LOC_중앙계곡,2026-09-11T13:22:24,"(21.37582986, -157.74122105)"
ENM1A2001,move to,LOC_중앙계곡,2026-09-11T13:22:24,"(21.37704217, -157.74184226)"
ENT72005,move to,LOC_중앙계곡,2026-09-11T13:22:24,"(21.37573562, -157.74122874)"
ENT72001,move to,LOC_중앙계곡,2026-09-11T13:22:24,"(21.37592668, -157.74121321)"
ENT72009,move to,LOC_중앙계곡,2026-09-11T13:22:24,"(21.37555614, -157.74124359)"
ENBTR60001,move to,LOC_중앙계곡,2026-09-11T13:22:24,"(21.37261563, -157.74085693)"
ENBTR60003,move to,LOC_중앙계곡,2026-09-11T13:22:24,"(21.37273319, -157.74076277)"
ENBTR80001,move to,LOC_중앙계곡,2026-09-11T13:22:24,"(21.37247570, -157.74048129)"
ENT72011,move to,LOC_중앙계곡,2026-09-11T13:22:24,"(21.37546970, -157.74125082)"
ENBTR80003,move to,LOC_중앙계곡,2026-09-11T13:22:24,"(21.37259254, -157.74038879)"
ENBTR60002,move to,LOC_중앙계곡,2026-09-11T13:22:24,"(21.37267789, -157.74080977)"
ENBTR80002,move to,LOC_중앙계곡,2026-09-11T13:22:24,"(21.37252986, -157.74043451)"
ENGAZ004,move to,LOC_적북측접근로,2026-09-11T13:22:24,"(21.37246125, -157.73671356)"
ENGAZ003,move to,LOC_적북측접근로,2026-09-11T13:22:24,"(21.37242714, -157.73662503)"
ENCAESAR001,move to,LOC_적북측접근로,2026-09-11T13:22:24,"(21.37110367, -157.74085291)"
ENMIM001,move to,LOC_적북측접근로,2026-09-11T13:22:24,"(21.37112466, -157.74062734)"
ENCAESAR004,move to,LOC_북측예비방어선,2026-09-11T13:22:24,"(21.37206017, -157.74045746)"
FRT80001,move to,LOC_중앙킬존남측,2026-09-11T13:22:25,"(21.38168672, -157.74723754)"
ENM35004,move to,LOC_적북측접근로,2026-09-11T13:22:25,"(21.37252960, -157.73687061)"
ENM35002,move to,LOC_적북측접근로,2026-09-11T13:22:25,"(21.37250638, -157.73696825)"
ENT72007,move to,LOC_중앙계곡,2026-09-11T13:22:25,"(21.37564500, -157.74123621)"
ENT72003,move to,LOC_중앙계곡,2026-09-11T13:22:25,"(21.37582986, -157.74122105)"
ENM1A2001,move to,LOC_중앙계곡,2026-09-11T13:22:25,"(21.37704217, -157.74184226)"
ENT72005,move to,LOC_중앙계곡,2026-09-11T13:22:25,"(21.37573562, -157.74122874)"
ENT72001,move to,LOC_중앙계곡,2026-09-11T13:22:25,"(21.37592668, -157.74121321)"
ENT72009,move to,LOC_중앙계곡,2026-09-11T13:22:25,"(21.37555614, -157.74124359)"
ENBTR60001,move to,LOC_중앙계곡,2026-09-11T13:22:25,"(21.37261563, -157.74085693)"
ENBTR60003,move to,LOC_중앙계곡,2026-09-11T13:22:25,"(21.37273319, -157.74076277)"
ENBTR80001,move to,LOC_중앙계곡,2026-09-11T13:22:25,"(21.37247570, -157.74048129)"
ENT72011,move to,LOC_중앙계곡,2026-09-11T13:22:25,"(21.37546970, -157.74125082)"
ENBTR80003,move to,LOC_중앙계곡,2026-09-11T13:22:25,"(21.37259254, -157.74038879)"
ENBTR60002,move to,LOC_중앙계곡,2026-09-11T13:22:25,"(21.37267789, -157.74080977)"
ENBTR80002,move to,LOC_중앙계곡,2026-09-11T13:22:25,"(21.37252986, -157.74043451)"
ENGAZ004,move to,LOC_적북측접근로,2026-09-11T13:22:25,"(21.37246125, -157.73671356)"
ENGAZ003,move to,LOC_적북측접근로,2026-09-11T13:22:25,"(21.37242714, -157.73662503)"
ENCAESAR001,move to,LOC_적북측접근로,2026-09-11T13:22:25,"(21.37110367, -157.74085291)"
ENMIM001,move to,LOC_적북측접근로,2026-09-11T13:22:25,"(21.37112466, -157.74062734)"
ENCAESAR004,move to,LOC_북측예비방어선,2026-09-11T13:22:25,"(21.37206017, -157.74045746)"
FRT80001,move to,LOC_중앙킬존남측,2026-09-11T13:22:26,"(21.38168672, -157.74723754)"
ENM35004,move to,LOC_적북측접근로,2026-09-11T13:22:26,"(21.37252960, -157.73687061)"
ENM35002,move to,LOC_적북측접근로,2026-09-11T13:22:26,"(21.37250638, -157.73696825)"
ENT72007,move to,LOC_중앙계곡,2026-09-11T13:22:26,"(21.37564500, -157.74123621)"
ENT72003,move to,LOC_중앙계곡,2026-09-11T13:22:26,"(21.37582986, -157.74122105)"
ENM1A2001,move to,LOC_중앙계곡,2026-09-11T13:22:26,"(21.37704217, -157.74184226)"
ENT72005,move to,LOC_중앙계곡,2026-09-11T13:22:26,"(21.37573562, -157.74122874)"
ENT72001,move to,LOC_중앙계곡,2026-09-11T13:22:26,"(21.37592668, -157.74121321)"
ENT72009,move to,LOC_중앙계곡,2026-09-11T13:22:26,"(21.37555614, -157.74124359)"
ENBTR60001,move to,LOC_중앙계곡,2026-09-11T13:22:26,"(21.37261563, -157.74085693)"
ENBTR60003,move to,LOC_중앙계곡,2026-09-11T13:22:26,"(21.37273319, -157.74076277)"
ENBTR80001,move to,LOC_중앙계곡,2026-09-11T13:22:26,"(21.37247570, -157.74048129)"
ENT72011,move to,LOC_중앙계곡,2026-09-11T13:22:26,"(21.37546970, -157.74125082)"
ENBTR80003,move to,LOC_중앙계곡,2026-09-11T13:22:26,"(21.37259254, -157.74038879)"
ENBTR60002,move to,LOC_중앙계곡,2026-09-11T13:22:26,"(21.37267789, -157.74080977)"
ENBTR80002,move to,LOC_중앙계곡,2026-09-11T13:22:26,"(21.37252986, -157.74043451)"
ENGAZ004,move to,LOC_적북측접근로,2026-09-11T13:22:26,"(21.37246125, -157.73671356)"
ENGAZ003,move to,LOC_적북측접근로,2026-09-11T13:22:26,"(21.37242714, -157.73662503)"
ENCAESAR001,move to,LOC_적북측접근로,2026-09-11T13:22:26,"(21.37110367, -157.74085291)"
ENMIM001,move to,LOC_적북측접근로,2026-09-11T13:22:26,"(21.37112466, -157.74062734)"
ENCAESAR004,move to,LOC_북측예비방어선,2026-09-11T13:22:26,"(21.37206017, -157.74045746)"
FRT80001,move to,LOC_중앙킬존남측,2026-09-11T13:22:27,"(21.38154360, -157.74709803)"
ENT72007,move to,LOC_중앙계곡,2026-09-11T13:22:27,"(21.37583808, -157.74122261)"
ENT72003,move to,LOC_중앙계곡,2026-09-11T13:22:27,"(21.37602275, -157.74120759)"
ENM1A2001,move to,LOC_중앙계곡,2026-09-11T13:22:27,"(21.37722301, -157.74176967)"
ENT72005,move to,LOC_중앙계곡,2026-09-11T13:22:27,"(21.37592881, -157.74121520)"
ENT72001,move to,LOC_중앙계곡,2026-09-11T13:22:27,"(21.37611982, -157.74119980)"
ENT72009,move to,LOC_중앙계곡,2026-09-11T13:22:27,"(21.37574896, -157.74122995)"
ENBTR60001,move to,LOC_중앙계곡,2026-09-11T13:22:27,"(21.37280838, -157.74086078)"
ENBTR60003,move to,LOC_중앙계곡,2026-09-11T13:22:27,"(21.37292509, -157.74076948)"
ENBTR80001,move to,LOC_중앙계곡,2026-09-11T13:22:27,"(21.37266866, -157.74049589)"
ENT72011,move to,LOC_중앙계곡,2026-09-11T13:22:27,"(21.37566251, -157.74123712)"
ENBTR80003,move to,LOC_중앙계곡,2026-09-11T13:22:27,"(21.37278436, -157.74040626)"
ENBTR60002,move to,LOC_중앙계곡,2026-09-11T13:22:27,"(21.37287053, -157.74081505)"
ENBTR80002,move to,LOC_중앙계곡,2026-09-11T13:22:27,"(21.37272267, -157.74045058)"
ENCAESAR001,move to,LOC_적북측접근로,2026-09-11T13:22:27,"(21.37115492, -157.74105355)"
ENMIM001,move to,LOC_적북측접근로,2026-09-11T13:22:27,"(21.37116226, -157.74083078)"
ENCAESAR004,move to,LOC_북측예비방어선,2026-09-11T13:22:27,"(21.37215126, -157.74064060)"
FRT80001,move to,LOC_중앙킬존남측,2026-09-11T13:22:28,"(21.38154360, -157.74709803)"
ENT72007,move to,LOC_중앙계곡,2026-09-11T13:22:28,"(21.37583808, -157.74122261)"
ENT72003,move to,LOC_중앙계곡,2026-09-11T13:22:28,"(21.37602275, -157.74120759)"
ENM1A2001,move to,LOC_중앙계곡,2026-09-11T13:22:28,"(21.37722301, -157.74176967)"
ENT72005,move to,LOC_중앙계곡,2026-09-11T13:22:28,"(21.37592881, -157.74121520)"
ENT72001,move to,LOC_중앙계곡,2026-09-11T13:22:28,"(21.37611982, -157.74119980)"
ENT72009,move to,LOC_중앙계곡,2026-09-11T13:22:28,"(21.37574896, -157.74122995)"
ENBTR60001,move to,LOC_중앙계곡,2026-09-11T13:22:28,"(21.37280838, -157.74086078)"
ENBTR60003,move to,LOC_중앙계곡,2026-09-11T13:22:28,"(21.37292509, -157.74076948)"
ENBTR80001,move to,LOC_중앙계곡,2026-09-11T13:22:28,"(21.37266866, -157.74049589)"
ENT72011,move to,LOC_중앙계곡,2026-09-11T13:22:28,"(21.37566251, -157.74123712)"
ENBTR80003,move to,LOC_중앙계곡,2026-09-11T13:22:28,"(21.37278436, -157.74040626)"
ENBTR60002,move to,LOC_중앙계곡,2026-09-11T13:22:28,"(21.37287053, -157.74081505)"
ENBTR80002,move to,LOC_중앙계곡,2026-09-11T13:22:28,"(21.37272267, -157.74045058)"
ENCAESAR001,move to,LOC_적북측접근로,2026-09-11T13:22:28,"(21.37115492, -157.74105355)"
ENMIM001,move to,LOC_적북측접근로,2026-09-11T13:22:28,"(21.37116226, -157.74083078)"
ENCAESAR004,move to,LOC_북측예비방어선,2026-09-11T13:22:28,"(21.37215126, -157.74064060)"
FRT80001,move to,LOC_중앙킬존남측,2026-09-11T13:22:29,"(21.38140451, -157.74696244)"
ENBTR60001,move to,LOC_중앙계곡,2026-09-11T13:22:29,"(21.37299259, -157.74086446)"
ENBTR60003,move to,LOC_중앙계곡,2026-09-11T13:22:29,"(21.37310966, -157.74077593)"
ENBTR80001,move to,LOC_중앙계곡,2026-09-11T13:22:29,"(21.37285562, -157.74051004)"
ENBTR80003,move to,LOC_중앙계곡,2026-09-11T13:22:29,"(21.37297086, -157.74042324)"
ENBTR60002,move to,LOC_중앙계곡,2026-09-11T13:22:29,"(21.37305394, -157.74082008)"
ENBTR80002,move to,LOC_중앙계곡,2026-09-11T13:22:29,"(21.37290894, -157.74046610)"
ENCAESAR001,move to,LOC_적북측접근로,2026-09-11T13:22:29,"(21.37120322, -157.74124264)"
ENMIM001,move to,LOC_적북측접근로,2026-09-11T13:22:29,"(21.37119903, -157.74102978)"
ENCAESAR004,move to,LOC_북측예비방어선,2026-09-11T13:22:29,"(21.37223977, -157.74081852)"
FRT80005,move to,LOC_중앙킬존남측,2026-09-11T13:22:29,"(21.38113906, -157.74670388)"
FRT80006,move to,LOC_중앙킬존남측,2026-09-11T13:22:29,"(21.38107217, -157.74663872)"
FRT80007,move to,LOC_중앙킬존남측,2026-09-11T13:22:29,"(21.38100469, -157.74657306)"
FRT80003,move to,LOC_중앙킬존남측,2026-09-11T13:22:29,"(21.38127249, -157.74683419)"
FRT80004,move to,LOC_중앙킬존남측,2026-09-11T13:22:29,"(21.38120432, -157.74676748)"
FRT80001,move to,LOC_중앙킬존남측,2026-09-11T13:22:30,"(21.38140451, -157.74696244)"
ENBTR60001,move to,LOC_중앙계곡,2026-09-11T13:22:30,"(21.37299259, -157.74086446)"
ENBTR60003,move to,LOC_중앙계곡,2026-09-11T13:22:30,"(21.37310966, -157.74077593)"
ENBTR80001,move to,LOC_중앙계곡,2026-09-11T13:22:30,"(21.37285562, -157.74051004)"
ENBTR80003,move to,LOC_중앙계곡,2026-09-11T13:22:30,"(21.37297086, -157.74042324)"
ENBTR60002,move to,LOC_중앙계곡,2026-09-11T13:22:30,"(21.37305394, -157.74082008)"
ENBTR80002,move to,LOC_중앙계곡,2026-09-11T13:22:30,"(21.37290894, -157.74046610)"
ENCAESAR001,move to,LOC_적북측접근로,2026-09-11T13:22:30,"(21.37120322, -157.74124264)"
ENMIM001,move to,LOC_적북측접근로,2026-09-11T13:22:30,"(21.37119903, -157.74102978)"
ENCAESAR004,move to,LOC_북측예비방어선,2026-09-11T13:22:30,"(21.37223977, -157.74081852)"
FRT80005,move to,LOC_중앙킬존남측,2026-09-11T13:22:30,"(21.38113906, -157.74670388)"
FRT80006,move to,LOC_중앙킬존남측,2026-09-11T13:22:30,"(21.38107217, -157.74663872)"
FRT80007,move to,LOC_중앙킬존남측,2026-09-11T13:22:30,"(21.38100469, -157.74657306)"
FRT80003,move to,LOC_중앙킬존남측,2026-09-11T13:22:30,"(21.38127249, -157.74683419)"
FRT80004,move to,LOC_중앙킬존남측,2026-09-11T13:22:30,"(21.38120432, -157.74676748)"
FRT80001,move to,LOC_중앙킬존남측,2026-09-11T13:22:31,"(21.38126847, -157.74682983)"
ENCAESAR001,move to,LOC_적북측접근로,2026-09-11T13:22:31,"(21.37125247, -157.74143543)"
ENMIM001,move to,LOC_적북측접근로,2026-09-11T13:22:31,"(21.37123437, -157.74122101)"
FRT80005,move to,LOC_중앙킬존남측,2026-09-11T13:22:31,"(21.38100193, -157.74657012)"
FRT80003,move to,LOC_중앙킬존남측,2026-09-11T13:22:31,"(21.38113591, -157.74670091)"
FRT80004,move to,LOC_중앙킬존남측,2026-09-11T13:22:31,"(21.38106788, -157.74663442)"
FRT80002,move to,LOC_중앙킬존남측,2026-09-11T13:22:31,"(21.38120227, -157.74676546)"
FRT80001,move to,LOC_중앙킬존남측,2026-09-11T13:22:32,"(21.38126847, -157.74682983)"
ENCAESAR001,move to,LOC_적북측접근로,2026-09-11T13:22:32,"(21.37125247, -157.74143543)"
ENMIM001,move to,LOC_적북측접근로,2026-09-11T13:22:32,"(21.37123437, -157.74122101)"
FRT80005,move to,LOC_중앙킬존남측,2026-09-11T13:22:32,"(21.38100193, -157.74657012)"
FRT80003,move to,LOC_중앙킬존남측,2026-09-11T13:22:32,"(21.38113591, -157.74670091)"
FRT80004,move to,LOC_중앙킬존남측,2026-09-11T13:22:32,"(21.38106788, -157.74663442)"
FRT80002,move to,LOC_중앙킬존남측,2026-09-11T13:22:32,"(21.38120227, -157.74676546)"
FRT80001,move to,LOC_중앙킬존남측,2026-09-11T13:22:32,"(21.38126847, -157.74682983)"
ENCAESAR001,move to,LOC_적북측접근로,2026-09-11T13:22:32,"(21.37125247, -157.74143543)"
ENMIM001,move to,LOC_적북측접근로,2026-09-11T13:22:32,"(21.37123437, -157.74122101)"
FRT80005,move to,LOC_중앙킬존남측,2026-09-11T13:22:32,"(21.38100193, -157.74657012)"
FRT80003,move to,LOC_중앙킬존남측,2026-09-11T13:22:32,"(21.38113591, -157.74670091)"
FRT80004,move to,LOC_중앙킬존남측,2026-09-11T13:22:32,"(21.38106788, -157.74663442)"
FRT80002,move to,LOC_중앙킬존남측,2026-09-11T13:22:32,"(21.38120227, -157.74676546)"
FRT80001,move to,LOC_중앙킬존남측,2026-09-11T13:22:33,"(21.38114101, -157.74670559)"
FRT80003,move to,LOC_중앙킬존남측,2026-09-11T13:22:33,"(21.38100775, -157.74657586)"
FRT80002,move to,LOC_중앙킬존남측,2026-09-11T13:22:33,"(21.38107430, -157.74664066)"
FRT80006,move to,LOC_중앙킬존남측,2026-09-11T13:22:33,"(21.38089427, -157.74646515)"
FRT80001,move to,LOC_중앙킬존남측,2026-09-11T13:22:34,"(21.38114101, -157.74670559)"
FRT80003,move to,LOC_중앙킬존남측,2026-09-11T13:22:34,"(21.38100775, -157.74657586)"
FRT80002,move to,LOC_중앙킬존남측,2026-09-11T13:22:34,"(21.38107430, -157.74664066)"
FRT80006,move to,LOC_중앙킬존남측,2026-09-11T13:22:34,"(21.38089427, -157.74646515)"
FRT80001,move to,LOC_중앙킬존남측,2026-09-11T13:22:35,"(21.38098925, -157.74655765)"
FRT80003,move to,LOC_중앙킬존남측,2026-09-11T13:22:35,"(21.38092026, -157.74649051)"
FRT80001,move to,LOC_중앙킬존남측,2026-09-11T13:22:36,"(21.38098925, -157.74655765)"
FRT80003,move to,LOC_중앙킬존남측,2026-09-11T13:22:36,"(21.38092026, -157.74649051)"
FRT80008,move to,LOC_목표A남측,2026-09-11T13:23:05,"(21.38163161, -157.74886466)"
FRT80008,move to,LOC_목표A남측,2026-09-11T13:23:05,"(21.38163161, -157.74886466)"
FRT80008,move to,LOC_목표A남측,2026-09-11T13:23:07,"(21.38171052, -157.74904889)"
FRT80006,move to,LOC_목표A남측,2026-09-11T13:23:07,"(21.38161872, -157.74885772)"
FRT80008,move to,LOC_목표A남측,2026-09-11T13:23:08,"(21.38171052, -157.74904889)"
FRT80006,move to,LOC_목표A남측,2026-09-11T13:23:08,"(21.38161872, -157.74885772)"
FRT80008,move to,LOC_목표A남측,2026-09-11T13:23:09,"(21.38178873, -157.74923147)"
FRT80006,move to,LOC_목표A남측,2026-09-11T13:23:09,"(21.38169678, -157.74903844)"
FRT80004,move to,LOC_목표A남측,2026-09-11T13:23:09,"(21.38163869, -157.74889373)"
FRT80008,move to,LOC_목표A남측,2026-09-11T13:23:10,"(21.38178873, -157.74923147)"
FRT80006,move to,LOC_목표A남측,2026-09-11T13:23:10,"(21.38169678, -157.74903844)"
FRT80004,move to,LOC_목표A남측,2026-09-11T13:23:10,"(21.38163869, -157.74889373)"
FRT80008,move to,LOC_목표A남측,2026-09-11T13:23:11,"(21.38186847, -157.74941761)"
FRT80006,move to,LOC_목표A남측,2026-09-11T13:23:11,"(21.38177727, -157.74922480)"
FRT80004,move to,LOC_목표A남측,2026-09-11T13:23:11,"(21.38171874, -157.74907975)"
FRT80002,move to,LOC_목표A남측,2026-09-11T13:23:11,"(21.38154381, -157.74867817)"
FRT80008,move to,LOC_목표A남측,2026-09-11T13:23:12,"(21.38186847, -157.74941761)"
FRT80006,move to,LOC_목표A남측,2026-09-11T13:23:12,"(21.38177727, -157.74922480)"
FRT80004,move to,LOC_목표A남측,2026-09-11T13:23:12,"(21.38171874, -157.74907975)"
FRT80002,move to,LOC_목표A남측,2026-09-11T13:23:12,"(21.38154381, -157.74867817)"
FRT80008,move to,LOC_목표A남측,2026-09-11T13:23:13,"(21.38194604, -157.74959871)"
FRT80006,move to,LOC_목표A남측,2026-09-11T13:23:13,"(21.38185487, -157.74940446)"
FRT80004,move to,LOC_목표A남측,2026-09-11T13:23:13,"(21.38179670, -157.74926094)"
FRT80002,move to,LOC_목표A남측,2026-09-11T13:23:13,"(21.38161953, -157.74885385)"
FRT80008,move to,LOC_목표A남측,2026-09-11T13:23:14,"(21.38201993, -157.74977122)"
FRT80006,move to,LOC_목표A남측,2026-09-11T13:23:14,"(21.38192959, -157.74957745)"
FRT80004,move to,LOC_목표A남측,2026-09-11T13:23:14,"(21.38187039, -157.74943219)"
FRT80002,move to,LOC_목표A남측,2026-09-11T13:23:14,"(21.38169261, -157.74902338)"
FRT80008,move to,LOC_목표A남측,2026-09-11T13:23:15,"(21.38201993, -157.74977122)"
FRT80006,move to,LOC_목표A남측,2026-09-11T13:23:15,"(21.38192959, -157.74957745)"
FRT80004,move to,LOC_목표A남측,2026-09-11T13:23:15,"(21.38187039, -157.74943219)"
FRT80002,move to,LOC_목표A남측,2026-09-11T13:23:15,"(21.38169261, -157.74902338)"
FRT80008,move to,LOC_목표A남측,2026-09-11T13:23:16,"(21.38210168, -157.74996208)"
FRT80006,move to,LOC_목표A남측,2026-09-11T13:23:16,"(21.38201099, -157.74976591)"
FRT80004,move to,LOC_목표A남측,2026-09-11T13:23:16,"(21.38195174, -157.74962124)"
FRT80002,move to,LOC_목표A남측,2026-09-11T13:23:16,"(21.38177347, -157.74921099)"
FRT80008,move to,LOC_목표A남측,2026-09-11T13:23:17,"(21.38210168, -157.74996208)"
FRT80006,move to,LOC_목표A남측,2026-09-11T13:23:17,"(21.38201099, -157.74976591)"
FRT80004,move to,LOC_목표A남측,2026-09-11T13:23:17,"(21.38195174, -157.74962124)"
FRT80002,move to,LOC_목표A남측,2026-09-11T13:23:17,"(21.38177347, -157.74921099)"
FRT80008,move to,LOC_목표A남측,2026-09-11T13:23:18,"(21.38217567, -157.75013479)"
FRT80006,move to,LOC_목표A남측,2026-09-11T13:23:18,"(21.38208772, -157.74994355)"
FRT80004,move to,LOC_목표A남측,2026-09-11T13:23:18,"(21.38202765, -157.74979764)"
FRT80002,move to,LOC_목표A남측,2026-09-11T13:23:18,"(21.38184924, -157.74938678)"
FRT80008,move to,LOC_목표A남측,2026-09-11T13:23:20,"(21.38217567, -157.75013479)"
FRT80006,move to,LOC_목표A남측,2026-09-11T13:23:20,"(21.38208772, -157.74994355)"
FRT80004,move to,LOC_목표A남측,2026-09-11T13:23:20,"(21.38202765, -157.74979764)"
FRT80002,move to,LOC_목표A남측,2026-09-11T13:23:20,"(21.38184924, -157.74938678)"
FRT80008,move to,LOC_목표A남측,2026-09-11T13:23:21,"(21.38224797, -157.75030359)"
FRT80006,move to,LOC_목표A남측,2026-09-11T13:23:21,"(21.38215979, -157.75011042)"
FRT80004,move to,LOC_목표A남측,2026-09-11T13:23:21,"(21.38210106, -157.74996825)"
FRT80002,move to,LOC_목표A남측,2026-09-11T13:23:21,"(21.38192294, -157.74955776)"
FRT80008,move to,LOC_목표A남측,2026-09-11T13:23:22,"(21.38232963, -157.75049422)"
FRT80006,move to,LOC_목표A남측,2026-09-11T13:23:22,"(21.38224061, -157.75029753)"
FRT80004,move to,LOC_목표A남측,2026-09-11T13:23:22,"(21.38218092, -157.75015384)"
FRT80002,move to,LOC_목표A남측,2026-09-11T13:23:22,"(21.38200584, -157.74975010)"
FRT80008,move to,LOC_목표A남측,2026-09-11T13:23:24,"(21.38232963, -157.75049422)"
FRT80006,move to,LOC_목표A남측,2026-09-11T13:23:24,"(21.38224061, -157.75029753)"
FRT80004,move to,LOC_목표A남측,2026-09-11T13:23:24,"(21.38218092, -157.75015384)"
FRT80002,move to,LOC_목표A남측,2026-09-11T13:23:24,"(21.38200584, -157.74975010)"
FRT80008,move to,LOC_목표A남측,2026-09-11T13:23:25,"(21.38240633, -157.75067329)"
FRT80006,move to,LOC_목표A남측,2026-09-11T13:23:25,"(21.38231790, -157.75047648)"
FRT80004,move to,LOC_목표A남측,2026-09-11T13:23:25,"(21.38225738, -157.75033152)"
FRT80002,move to,LOC_목표A남측,2026-09-11T13:23:25,"(21.38208381, -157.74993099)"
FRM109002,move to,LOC_아군후방지휘소,2026-09-11T13:23:25,"(21.39147909, -157.74751341)"
FRT80008,move to,LOC_목표A남측,2026-09-11T13:23:27,"(21.38248433, -157.75085539)"
FRT80006,move to,LOC_목표A남측,2026-09-11T13:23:27,"(21.38239625, -157.75065787)"
FRT80004,move to,LOC_목표A남측,2026-09-11T13:23:27,"(21.38233558, -157.75051324)"
FRT80002,move to,LOC_목표A남측,2026-09-11T13:23:27,"(21.38216248, -157.75011350)"
FRM109002,move to,LOC_아군후방지휘소,2026-09-11T13:23:27,"(21.39140802, -157.74770061)"
FRT80008,move to,LOC_목표A남측,2026-09-11T13:23:28,"(21.38255899, -157.75102968)"
FRT80006,move to,LOC_목표A남측,2026-09-11T13:23:28,"(21.38247174, -157.75083267)"
FRT80004,move to,LOC_목표A남측,2026-09-11T13:23:28,"(21.38241062, -157.75068763)"
FRT80002,move to,LOC_목표A남측,2026-09-11T13:23:28,"(21.38223444, -157.75028046)"
FRM109002,move to,LOC_아군후방지휘소,2026-09-11T13:23:28,"(21.39134033, -157.74787891)"
FRT80008,move to,LOC_목표A남측,2026-09-11T13:23:29,"(21.38255899, -157.75102968)"
FRT80006,move to,LOC_목표A남측,2026-09-11T13:23:29,"(21.38247174, -157.75083267)"
FRT80004,move to,LOC_목표A남측,2026-09-11T13:23:29,"(21.38241062, -157.75068763)"
FRT80002,move to,LOC_목표A남측,2026-09-11T13:23:29,"(21.38223444, -157.75028046)"
FRM109002,move to,LOC_아군후방지휘소,2026-09-11T13:23:29,"(21.39134033, -157.74787891)"
FRT80008,move to,LOC_목표A남측,2026-09-11T13:23:30,"(21.38263622, -157.75120999)"
FRT80006,move to,LOC_목표A남측,2026-09-11T13:23:30,"(21.38254948, -157.75101265)"
FRT80004,move to,LOC_목표A남측,2026-09-11T13:23:30,"(21.38248817, -157.75086785)"
FRT80002,move to,LOC_목표A남측,2026-09-11T13:23:30,"(21.38231241, -157.75046134)"
FRM109002,move to,LOC_아군후방지휘소,2026-09-11T13:23:30,"(21.39127038, -157.74806315)"
FRAHS002,move to,LOC_아군후방지휘소,2026-09-11T13:23:30,"(21.39217802, -157.74446481)"
FRT80008,move to,LOC_목표A남측,2026-09-11T13:23:32,"(21.38263622, -157.75120999)"
FRT80006,move to,LOC_목표A남측,2026-09-11T13:23:32,"(21.38254948, -157.75101265)"
FRT80004,move to,LOC_목표A남측,2026-09-11T13:23:32,"(21.38248817, -157.75086785)"
FRT80002,move to,LOC_목표A남측,2026-09-11T13:23:32,"(21.38231241, -157.75046134)"
FRM109002,move to,LOC_아군후방지휘소,2026-09-11T13:23:32,"(21.39127038, -157.74806315)"
FRAHS002,move to,LOC_아군후방지휘소,2026-09-11T13:23:32,"(21.39217802, -157.74446481)"
FRT80008,move to,LOC_목표A남측,2026-09-11T13:23:33,"(21.38271851, -157.75140209)"
FRT80006,move to,LOC_목표A남측,2026-09-11T13:23:33,"(21.38263229, -157.75120438)"
FRT80004,move to,LOC_목표A남측,2026-09-11T13:23:33,"(21.38257079, -157.75105984)"
FRT80002,move to,LOC_목표A남측,2026-09-11T13:23:33,"(21.38239511, -157.75065322)"
FRM109002,move to,LOC_아군후방지휘소,2026-09-11T13:23:33,"(21.39119593, -157.74825924)"
FRAHS002,move to,LOC_아군후방지휘소,2026-09-11T13:23:33,"(21.39217802, -157.74446482)"
FRT80008,move to,LOC_목표A남측,2026-09-11T13:23:34,"(21.38276045, -157.75150000)"
FRT80006,move to,LOC_목표A남측,2026-09-11T13:23:34,"(21.38269749, -157.75135533)"
FRT80004,move to,LOC_목표A남측,2026-09-11T13:23:34,"(21.38263580, -157.75121092)"
FRT80002,move to,LOC_목표A남측,2026-09-11T13:23:34,"(21.38246027, -157.75080439)"
FRM109002,move to,LOC_아군후방지휘소,2026-09-11T13:23:34,"(21.39113802, -157.74841179)"
FRAHS002,move to,LOC_아군후방지휘소,2026-09-11T13:23:34,"(21.39217801, -157.74446482)"
FRTRK2004,move to,LOC_남측제1방어선,2026-09-11T13:23:34,"(21.38723028, -157.74495595)"
FRTRK1003,move to,LOC_남측제1방어선,2026-09-11T13:23:34,"(21.38737907, -157.74478402)"
FRTRK2001,move to,LOC_남측제1방어선,2026-09-11T13:23:34,"(21.38738528, -157.74520255)"
FRTRK2002,move to,LOC_남측제1방어선,2026-09-11T13:23:34,"(21.38732351, -157.74509232)"
FRTRK2003,move to,LOC_남측제1방어선,2026-09-11T13:23:34,"(21.38718794, -157.74488793)"
FRT80008,move to,LOC_목표A남측,2026-09-11T13:23:35,"(21.38276045, -157.75150000)"
FRT80006,move to,LOC_목표A남측,2026-09-11T13:23:35,"(21.38269749, -157.75135533)"
FRT80004,move to,LOC_목표A남측,2026-09-11T13:23:35,"(21.38263580, -157.75121092)"
FRT80002,move to,LOC_목표A남측,2026-09-11T13:23:35,"(21.38246027, -157.75080439)"
FRM109002,move to,LOC_아군후방지휘소,2026-09-11T13:23:35,"(21.39113802, -157.74841179)"
FRAHS002,move to,LOC_아군후방지휘소,2026-09-11T13:23:35,"(21.39217801, -157.74446482)"
FRTRK2004,move to,LOC_남측제1방어선,2026-09-11T13:23:35,"(21.38723028, -157.74495595)"
FRTRK1003,move to,LOC_남측제1방어선,2026-09-11T13:23:35,"(21.38737907, -157.74478402)"
FRTRK2001,move to,LOC_남측제1방어선,2026-09-11T13:23:35,"(21.38738528, -157.74520255)"
FRTRK2002,move to,LOC_남측제1방어선,2026-09-11T13:23:35,"(21.38732351, -157.74509232)"
FRTRK2003,move to,LOC_남측제1방어선,2026-09-11T13:23:35,"(21.38718794, -157.74488793)"
FRT80006,move to,LOC_목표A남측,2026-09-11T13:23:37,"(21.38276072, -157.75150172)"
FRT80004,move to,LOC_목표A남측,2026-09-11T13:23:37,"(21.38271417, -157.75139306)"
FRT80002,move to,LOC_목표A남측,2026-09-11T13:23:37,"(21.38253877, -157.75098651)"
FRM109002,move to,LOC_아군후방지휘소,2026-09-11T13:23:37,"(21.39106719, -157.74859835)"
FRAHS002,move to,LOC_아군후방지휘소,2026-09-11T13:23:37,"(21.39217801, -157.74446483)"
FRTRK2004,move to,LOC_남측제1방어선,2026-09-11T13:23:37,"(21.38722488, -157.74490326)"
FRTRK1003,move to,LOC_남측제1방어선,2026-09-11T13:23:37,"(21.38737281, -157.74473650)"
FRTRK2001,move to,LOC_남측제1방어선,2026-09-11T13:23:37,"(21.38737814, -157.74514489)"
FRTRK2002,move to,LOC_남측제1방어선,2026-09-11T13:23:37,"(21.38731655, -157.74503213)"
FRTRK2003,move to,LOC_남측제1방어선,2026-09-11T13:23:37,"(21.38718319, -157.74483876)"
FRTRK1001,move to,LOC_남측제1방어선,2026-09-11T13:23:37,"(21.38744564, -157.74461159)"
FRM113003,move to,LOC_중앙킬존남측,2026-09-11T13:23:37,"(21.39057170, -157.74220076)"
FRLAV006,move to,LOC_중앙킬존남측,2026-09-11T13:23:37,"(21.39039889, -157.74172842)"
FRM113007,move to,LOC_중앙킬존남측,2026-09-11T13:23:37,"(21.39068527, -157.74255576)"
FRM113002,move to,LOC_중앙킬존남측,2026-09-11T13:23:37,"(21.39052511, -157.74211966)"
FRLAV008,move to,LOC_중앙킬존남측,2026-09-11T13:23:37,"(21.39046632, -157.74189980)"
FRM113006,move to,LOC_중앙킬존남측,2026-09-11T13:23:37,"(21.39067402, -157.74246036)"
FRTRK1005,move to,LOC_남측제1방어선,2026-09-11T13:23:37,"(21.38725817, -157.74484946)"
FRM113005,move to,LOC_중앙킬존남측,2026-09-11T13:23:37,"(21.39065654, -157.74236703)"
FRM113001,move to,LOC_중앙킬존남측,2026-09-11T13:23:37,"(21.39048475, -157.74203595)"
FRTRK1002,move to,LOC_남측제1방어선,2026-09-11T13:23:37,"(21.38740504, -157.74464014)"
FRM113004,move to,LOC_중앙킬존남측,2026-09-11T13:23:37,"(21.39061106, -157.74228513)"
FRLAV007,move to,LOC_중앙킬존남측,2026-09-11T13:23:37,"(21.39044487, -157.74180828)"
FRM109004,move to,LOC_중앙킬존남측,2026-09-11T13:23:37,"(21.39105436, -157.74321852)"
FRTRK1004,move to,LOC_남측제1방어선,2026-09-11T13:23:37,"(21.38712716, -157.74475085)"
FRT80006,move to,LOC_목표A남측,2026-09-11T13:23:38,"(21.38276072, -157.75150172)"
FRT80004,move to,LOC_목표A남측,2026-09-11T13:23:38,"(21.38271417, -157.75139306)"
FRT80002,move to,LOC_목표A남측,2026-09-11T13:23:38,"(21.38253877, -157.75098651)"
FRM109002,move to,LOC_아군후방지휘소,2026-09-11T13:23:38,"(21.39106719, -157.74859835)"
FRAHS002,move to,LOC_아군후방지휘소,2026-09-11T13:23:38,"(21.39217801, -157.74446483)"
FRTRK2004,move to,LOC_남측제1방어선,2026-09-11T13:23:38,"(21.38722488, -157.74490326)"
FRTRK1003,move to,LOC_남측제1방어선,2026-09-11T13:23:38,"(21.38737281, -157.74473650)"
FRTRK2001,move to,LOC_남측제1방어선,2026-09-11T13:23:38,"(21.38737814, -157.74514489)"
FRTRK2002,move to,LOC_남측제1방어선,2026-09-11T13:23:38,"(21.38731655, -157.74503213)"
FRTRK2003,move to,LOC_남측제1방어선,2026-09-11T13:23:38,"(21.38718319, -157.74483876)"
FRTRK1001,move to,LOC_남측제1방어선,2026-09-11T13:23:38,"(21.38744564, -157.74461159)"
FRM113003,move to,LOC_중앙킬존남측,2026-09-11T13:23:38,"(21.39057170, -157.74220076)"
FRLAV006,move to,LOC_중앙킬존남측,2026-09-11T13:23:38,"(21.39039889, -157.74172842)"
FRM113007,move to,LOC_중앙킬존남측,2026-09-11T13:23:38,"(21.39068527, -157.74255576)"
FRM113002,move to,LOC_중앙킬존남측,2026-09-11T13:23:38,"(21.39052511, -157.74211966)"
FRLAV008,move to,LOC_중앙킬존남측,2026-09-11T13:23:38,"(21.39046632, -157.74189980)"
FRM113006,move to,LOC_중앙킬존남측,2026-09-11T13:23:38,"(21.39067402, -157.74246036)"
FRTRK1005,move to,LOC_남측제1방어선,2026-09-11T13:23:38,"(21.38725817, -157.74484946)"
FRM113005,move to,LOC_중앙킬존남측,2026-09-11T13:23:38,"(21.39065654, -157.74236703)"
FRM113001,move to,LOC_중앙킬존남측,2026-09-11T13:23:38,"(21.39048475, -157.74203595)"
FRTRK1002,move to,LOC_남측제1방어선,2026-09-11T13:23:38,"(21.38740504, -157.74464014)"
FRM113004,move to,LOC_중앙킬존남측,2026-09-11T13:23:38,"(21.39061106, -157.74228513)"
FRLAV007,move to,LOC_중앙킬존남측,2026-09-11T13:23:38,"(21.39044487, -157.74180828)"
FRM109004,move to,LOC_중앙킬존남측,2026-09-11T13:23:38,"(21.39105436, -157.74321852)"
FRTRK1004,move to,LOC_남측제1방어선,2026-09-11T13:23:38,"(21.38712716, -157.74475085)"
FRT80004,move to,LOC_목표A남측,2026-09-11T13:23:39,"(21.38275934, -157.75149803)"
FRT80002,move to,LOC_목표A남측,2026-09-11T13:23:39,"(21.38261767, -157.75116957)"
FRM109002,move to,LOC_아군후방지휘소,2026-09-11T13:23:39,"(21.39099653, -157.74878448)"
FRAHS002,move to,LOC_아군후방지휘소,2026-09-11T13:23:39,"(21.39217801, -157.74446484)"
FRTRK2004,move to,LOC_남측제1방어선,2026-09-11T13:23:39,"(21.38721960, -157.74485182)"
FRTRK1003,move to,LOC_남측제1방어선,2026-09-11T13:23:39,"(21.38736660, -157.74468938)"
FRTRK2001,move to,LOC_남측제1방어선,2026-09-11T13:23:39,"(21.38737073, -157.74508500)"
FRTRK2002,move to,LOC_남측제1방어선,2026-09-11T13:23:39,"(21.38731011, -157.74497649)"
FRTRK2003,move to,LOC_남측제1방어선,2026-09-11T13:23:39,"(21.38717876, -157.74479285)"
FRTRK1001,move to,LOC_남측제1방어선,2026-09-11T13:23:39,"(21.38744040, -157.74457609)"
FRM113003,move to,LOC_중앙킬존남측,2026-09-11T13:23:39,"(21.39057342, -157.74220002)"
FRLAV006,move to,LOC_중앙킬존남측,2026-09-11T13:23:39,"(21.39040005, -157.74172785)"
FRM113007,move to,LOC_중앙킬존남측,2026-09-11T13:23:39,"(21.39068357, -157.74255643)"
FRM113002,move to,LOC_중앙킬존남측,2026-09-11T13:23:39,"(21.39052459, -157.74211989)"
FRLAV008,move to,LOC_중앙킬존남측,2026-09-11T13:23:39,"(21.39046337, -157.74190118)"
FRM113006,move to,LOC_중앙킬존남측,2026-09-11T13:23:39,"(21.39067317, -157.74246071)"
FRTRK1005,move to,LOC_남측제1방어선,2026-09-11T13:23:39,"(21.38725280, -157.74480032)"
FRM113005,move to,LOC_중앙킬존남측,2026-09-11T13:23:39,"(21.39065656, -157.74236702)"
FRM113001,move to,LOC_중앙킬존남측,2026-09-11T13:23:39,"(21.39048362, -157.74203646)"
FRTRK1002,move to,LOC_남측제1방어선,2026-09-11T13:23:39,"(21.38739958, -157.74460108)"
FRM113004,move to,LOC_중앙킬존남측,2026-09-11T13:23:39,"(21.39060985, -157.74228564)"
FRLAV007,move to,LOC_중앙킬존남측,2026-09-11T13:23:39,"(21.39044577, -157.74180785)"
FRM109004,move to,LOC_중앙킬존남측,2026-09-11T13:23:39,"(21.39105302, -157.74321894)"
FRTRK1004,move to,LOC_남측제1방어선,2026-09-11T13:23:39,"(21.38712344, -157.74470864)"
FRLAV002,move to,LOC_중앙킬존남측,2026-09-11T13:23:39,"(21.39027367, -157.74137979)"
FRLAV001,move to,LOC_중앙킬존남측,2026-09-11T13:23:39,"(21.39020203, -157.74131434)"
FRLAV003,move to,LOC_중앙킬존남측,2026-09-11T13:23:39,"(21.39027327, -157.74148368)"
FRLAV005,move to,LOC_중앙킬존남측,2026-09-11T13:23:39,"(21.39033524, -157.74165763)"
FRLAV004,move to,LOC_중앙킬존남측,2026-09-11T13:23:39,"(21.39032129, -157.74156199)"
FRT80004,move to,LOC_목표A남측,2026-09-11T13:23:40,"(21.38275934, -157.75149803)"
FRT80002,move to,LOC_목표A남측,2026-09-11T13:23:40,"(21.38261767, -157.75116957)"
FRM109002,move to,LOC_아군후방지휘소,2026-09-11T13:23:40,"(21.39099653, -157.74878448)"
FRAHS002,move to,LOC_아군후방지휘소,2026-09-11T13:23:40,"(21.39217801, -157.74446484)"
FRTRK2004,move to,LOC_남측제1방어선,2026-09-11T13:23:40,"(21.38721960, -157.74485182)"
FRTRK1003,move to,LOC_남측제1방어선,2026-09-11T13:23:40,"(21.38736660, -157.74468938)"
FRTRK2001,move to,LOC_남측제1방어선,2026-09-11T13:23:40,"(21.38737073, -157.74508500)"
FRTRK2002,move to,LOC_남측제1방어선,2026-09-11T13:23:40,"(21.38731011, -157.74497649)"
FRTRK2003,move to,LOC_남측제1방어선,2026-09-11T13:23:40,"(21.38717876, -157.74479285)"
FRTRK1001,move to,LOC_남측제1방어선,2026-09-11T13:23:40,"(21.38744040, -157.74457609)"
FRM113003,move to,LOC_중앙킬존남측,2026-09-11T13:23:40,"(21.39057342, -157.74220002)"
FRLAV006,move to,LOC_중앙킬존남측,2026-09-11T13:23:40,"(21.39040005, -157.74172785)"
FRM113007,move to,LOC_중앙킬존남측,2026-09-11T13:23:40,"(21.39068357, -157.74255643)"
FRM113002,move to,LOC_중앙킬존남측,2026-09-11T13:23:40,"(21.39052459, -157.74211989)"
FRLAV008,move to,LOC_중앙킬존남측,2026-09-11T13:23:40,"(21.39046337, -157.74190118)"
FRM113006,move to,LOC_중앙킬존남측,2026-09-11T13:23:40,"(21.39067317, -157.74246071)"
FRTRK1005,move to,LOC_남측제1방어선,2026-09-11T13:23:40,"(21.38725280, -157.74480032)"
FRM113005,move to,LOC_중앙킬존남측,2026-09-11T13:23:40,"(21.39065656, -157.74236702)"
FRM113001,move to,LOC_중앙킬존남측,2026-09-11T13:23:40,"(21.39048362, -157.74203646)"
FRTRK1002,move to,LOC_남측제1방어선,2026-09-11T13:23:40,"(21.38739958, -157.74460108)"
FRM113004,move to,LOC_중앙킬존남측,2026-09-11T13:23:40,"(21.39060985, -157.74228564)"
FRLAV007,move to,LOC_중앙킬존남측,2026-09-11T13:23:40,"(21.39044577, -157.74180785)"
FRM109004,move to,LOC_중앙킬존남측,2026-09-11T13:23:40,"(21.39105302, -157.74321894)"
FRTRK1004,move to,LOC_남측제1방어선,2026-09-11T13:23:40,"(21.38712344, -157.74470864)"
FRLAV002,move to,LOC_중앙킬존남측,2026-09-11T13:23:40,"(21.39027367, -157.74137979)"
FRLAV001,move to,LOC_중앙킬존남측,2026-09-11T13:23:40,"(21.39020203, -157.74131434)"
FRLAV003,move to,LOC_중앙킬존남측,2026-09-11T13:23:40,"(21.39027327, -157.74148368)"
FRLAV005,move to,LOC_중앙킬존남측,2026-09-11T13:23:40,"(21.39033524, -157.74165763)"
FRLAV004,move to,LOC_중앙킬존남측,2026-09-11T13:23:40,"(21.39032129, -157.74156199)"
FRT80004,move to,LOC_목표A남측,2026-09-11T13:23:41,"(21.38277059, -157.75152416)"
FRT80002,move to,LOC_목표A남측,2026-09-11T13:23:41,"(21.38269412, -157.75134694)"
FRM109002,move to,LOC_아군후방지휘소,2026-09-11T13:23:41,"(21.39092780, -157.74896551)"
FRAHS002,move to,LOC_아군후방지휘소,2026-09-11T13:23:41,"(21.39217801, -157.74446485)"
FRTRK2004,move to,LOC_남측제1방어선,2026-09-11T13:23:41,"(21.38721482, -157.74480514)"
FRTRK1003,move to,LOC_남측제1방어선,2026-09-11T13:23:41,"(21.38736109, -157.74464754)"
FRTRK2001,move to,LOC_남측제1방어선,2026-09-11T13:23:41,"(21.38736357, -157.74502708)"
FRTRK2002,move to,LOC_남측제1방어선,2026-09-11T13:23:41,"(21.38730418, -157.74492522)"
FRTRK2003,move to,LOC_남측제1방어선,2026-09-11T13:23:41,"(21.38717461, -157.74474981)"
FRTRK1001,move to,LOC_남측제1방어선,2026-09-11T13:23:41,"(21.38743536, -157.74454200)"
FRM113003,move to,LOC_중앙킬존남측,2026-09-11T13:23:41,"(21.39057040, -157.74220132)"
FRLAV006,move to,LOC_중앙킬존남측,2026-09-11T13:23:41,"(21.39040166, -157.74172706)"
FRM113007,move to,LOC_중앙킬존남측,2026-09-11T13:23:41,"(21.39068190, -157.74255708)"
FRM113002,move to,LOC_중앙킬존남측,2026-09-11T13:23:41,"(21.39052465, -157.74211986)"
FRLAV008,move to,LOC_중앙킬존남측,2026-09-11T13:23:41,"(21.39046210, -157.74190178)"
FRM113006,move to,LOC_중앙킬존남측,2026-09-11T13:23:41,"(21.39067232, -157.74246105)"
FRTRK1005,move to,LOC_남측제1방어선,2026-09-11T13:23:41,"(21.38724773, -157.74475389)"
FRM113005,move to,LOC_중앙킬존남측,2026-09-11T13:23:41,"(21.39065659, -157.74236700)"
FRM113001,move to,LOC_중앙킬존남측,2026-09-11T13:23:41,"(21.39048294, -157.74203677)"
FRTRK1002,move to,LOC_남측제1방어선,2026-09-11T13:23:41,"(21.38739432, -157.74456348)"
FRM113004,move to,LOC_중앙킬존남측,2026-09-11T13:23:41,"(21.39060898, -157.74228600)"
FRLAV007,move to,LOC_중앙킬존남측,2026-09-11T13:23:41,"(21.39044735, -157.74180709)"
FRM109004,move to,LOC_중앙킬존남측,2026-09-11T13:23:41,"(21.39105166, -157.74321937)"
FRTRK1004,move to,LOC_남측제1방어선,2026-09-11T13:23:41,"(21.38711988, -157.74466823)"
FRLAV002,move to,LOC_중앙킬존남측,2026-09-11T13:23:41,"(21.39027409, -157.74137956)"
FRLAV001,move to,LOC_중앙킬존남측,2026-09-11T13:23:41,"(21.39020295, -157.74131384)"
FRLAV003,move to,LOC_중앙킬존남측,2026-09-11T13:23:41,"(21.39026996, -157.74148541)"
FRLAV005,move to,LOC_중앙킬존남측,2026-09-11T13:23:41,"(21.39033674, -157.74165687)"
FRLAV004,move to,LOC_중앙킬존남측,2026-09-11T13:23:41,"(21.39032249, -157.74156138)"
FRT80004,move to,LOC_목표A남측,2026-09-11T13:23:42,"(21.38277059, -157.75152416)"
FRT80002,move to,LOC_목표A남측,2026-09-11T13:23:42,"(21.38269412, -157.75134694)"
FRM109002,move to,LOC_아군후방지휘소,2026-09-11T13:23:42,"(21.39092780, -157.74896551)"
FRAHS002,move to,LOC_아군후방지휘소,2026-09-11T13:23:42,"(21.39217801, -157.74446485)"
FRTRK2004,move to,LOC_남측제1방어선,2026-09-11T13:23:42,"(21.38721482, -157.74480514)"
FRTRK1003,move to,LOC_남측제1방어선,2026-09-11T13:23:42,"(21.38736109, -157.74464754)"
FRTRK2001,move to,LOC_남측제1방어선,2026-09-11T13:23:42,"(21.38736357, -157.74502708)"
FRTRK2002,move to,LOC_남측제1방어선,2026-09-11T13:23:42,"(21.38730418, -157.74492522)"
FRTRK2003,move to,LOC_남측제1방어선,2026-09-11T13:23:42,"(21.38717461, -157.74474981)"
FRTRK1001,move to,LOC_남측제1방어선,2026-09-11T13:23:42,"(21.38743536, -157.74454200)"
FRM113003,move to,LOC_중앙킬존남측,2026-09-11T13:23:42,"(21.39057040, -157.74220132)"
FRLAV006,move to,LOC_중앙킬존남측,2026-09-11T13:23:42,"(21.39040166, -157.74172706)"
FRM113007,move to,LOC_중앙킬존남측,2026-09-11T13:23:42,"(21.39068190, -157.74255708)"
FRM113002,move to,LOC_중앙킬존남측,2026-09-11T13:23:42,"(21.39052465, -157.74211986)"
FRLAV008,move to,LOC_중앙킬존남측,2026-09-11T13:23:42,"(21.39046210, -157.74190178)"
FRM113006,move to,LOC_중앙킬존남측,2026-09-11T13:23:42,"(21.39067232, -157.74246105)"
FRTRK1005,move to,LOC_남측제1방어선,2026-09-11T13:23:42,"(21.38724773, -157.74475389)"
FRM113005,move to,LOC_중앙킬존남측,2026-09-11T13:23:42,"(21.39065659, -157.74236700)"
FRM113001,move to,LOC_중앙킬존남측,2026-09-11T13:23:42,"(21.39048294, -157.74203677)"
FRTRK1002,move to,LOC_남측제1방어선,2026-09-11T13:23:42,"(21.38739432, -157.74456348)"
FRM113004,move to,LOC_중앙킬존남측,2026-09-11T13:23:42,"(21.39060898, -157.74228600)"
FRLAV007,move to,LOC_중앙킬존남측,2026-09-11T13:23:42,"(21.39044735, -157.74180709)"
FRM109004,move to,LOC_중앙킬존남측,2026-09-11T13:23:42,"(21.39105166, -157.74321937)"
FRTRK1004,move to,LOC_남측제1방어선,2026-09-11T13:23:42,"(21.38711988, -157.74466823)"
FRLAV002,move to,LOC_중앙킬존남측,2026-09-11T13:23:42,"(21.39027409, -157.74137956)"
FRLAV001,move to,LOC_중앙킬존남측,2026-09-11T13:23:42,"(21.39020295, -157.74131384)"
FRLAV003,move to,LOC_중앙킬존남측,2026-09-11T13:23:42,"(21.39026996, -157.74148541)"
FRLAV005,move to,LOC_중앙킬존남측,2026-09-11T13:23:42,"(21.39033674, -157.74165687)"
FRLAV004,move to,LOC_중앙킬존남측,2026-09-11T13:23:42,"(21.39032249, -157.74156138)"
FRT80004,move to,LOC_목표A남측,2026-09-11T13:23:43,"(21.38278604, -157.75156006)"
FRT80002,move to,LOC_목표A남측,2026-09-11T13:23:43,"(21.38275556, -157.75148947)"
FRM109002,move to,LOC_아군후방지휘소,2026-09-11T13:23:43,"(21.39085254, -157.74916373)"
FRAHS002,move to,LOC_아군후방지휘소,2026-09-11T13:23:43,"(21.39217801, -157.74446485)"
FRTRK2004,move to,LOC_남측제1방어선,2026-09-11T13:23:43,"(21.38720978, -157.74475607)"
FRTRK1003,move to,LOC_남측제1방어선,2026-09-11T13:23:43,"(21.38735538, -157.74460419)"
FRTRK2001,move to,LOC_남측제1방어선,2026-09-11T13:23:43,"(21.38735637, -157.74496888)"
FRTRK2002,move to,LOC_남측제1방어선,2026-09-11T13:23:43,"(21.38729781, -157.74487018)"
FRTRK2003,move to,LOC_남측제1방어선,2026-09-11T13:23:43,"(21.38717014, -157.74470350)"
FRTRK1001,move to,LOC_남측제1방어선,2026-09-11T13:23:43,"(21.38743169, -157.74451716)"
FRM113003,move to,LOC_중앙킬존남측,2026-09-11T13:23:43,"(21.39056832, -157.74220222)"
FRLAV006,move to,LOC_중앙킬존남측,2026-09-11T13:23:43,"(21.39039882, -157.74172846)"
FRM113007,move to,LOC_중앙킬존남측,2026-09-11T13:23:43,"(21.39068005, -157.74255781)"
FRM113002,move to,LOC_중앙킬존남측,2026-09-11T13:23:43,"(21.39052536, -157.74211955)"
FRLAV008,move to,LOC_중앙킬존남측,2026-09-11T13:23:43,"(21.39046162, -157.74190201)"
FRM113006,move to,LOC_중앙킬존남측,2026-09-11T13:23:43,"(21.39067137, -157.74246143)"
FRTRK1005,move to,LOC_남측제1방어선,2026-09-11T13:23:43,"(21.38724227, -157.74470396)"
FRM113005,move to,LOC_중앙킬존남측,2026-09-11T13:23:43,"(21.39065662, -157.74236699)"
FRM113001,move to,LOC_중앙킬존남측,2026-09-11T13:23:43,"(21.39048269, -157.74203688)"
FRTRK1002,move to,LOC_남측제1방어선,2026-09-11T13:23:43,"(21.38738904, -157.74452569)"
FRM113004,move to,LOC_중앙킬존남측,2026-09-11T13:23:43,"(21.39060836, -157.74228627)"
FRLAV007,move to,LOC_중앙킬존남측,2026-09-11T13:23:43,"(21.39044617, -157.74180765)"
FRM109004,move to,LOC_중앙킬존남측,2026-09-11T13:23:43,"(21.39105011, -157.74321985)"
FRTRK1004,move to,LOC_남측제1방어선,2026-09-11T13:23:43,"(21.38711600, -157.74462425)"
FRLAV002,move to,LOC_중앙킬존남측,2026-09-11T13:23:43,"(21.39027476, -157.74137921)"
FRLAV001,move to,LOC_중앙킬존남측,2026-09-11T13:23:43,"(21.39020428, -157.74131312)"
FRLAV003,move to,LOC_중앙킬존남측,2026-09-11T13:23:43,"(21.39026835, -157.74148625)"
FRLAV005,move to,LOC_중앙킬존남측,2026-09-11T13:23:43,"(21.39033535, -157.74165757)"
FRLAV004,move to,LOC_중앙킬존남측,2026-09-11T13:23:43,"(21.39032373, -157.74156074)"
FRAHS001,FFE-on-Location,LOC_적포병진지,2026-09-11T13:23:43,"(21.39112388, -157.73719220)"
FRT80004,move to,LOC_목표A남측,2026-09-11T13:23:44,"(21.38278604, -157.75156006)"
FRT80002,move to,LOC_목표A남측,2026-09-11T13:23:44,"(21.38275556, -157.75148947)"
FRM109002,move to,LOC_아군후방지휘소,2026-09-11T13:23:44,"(21.39085254, -157.74916373)"
FRAHS002,move to,LOC_아군후방지휘소,2026-09-11T13:23:44,"(21.39217801, -157.74446485)"
FRTRK2004,move to,LOC_남측제1방어선,2026-09-11T13:23:44,"(21.38720978, -157.74475607)"
FRTRK1003,move to,LOC_남측제1방어선,2026-09-11T13:23:44,"(21.38735538, -157.74460419)"
FRTRK2001,move to,LOC_남측제1방어선,2026-09-11T13:23:44,"(21.38735637, -157.74496888)"
FRTRK2002,move to,LOC_남측제1방어선,2026-09-11T13:23:44,"(21.38729781, -157.74487018)"
FRTRK2003,move to,LOC_남측제1방어선,2026-09-11T13:23:44,"(21.38717014, -157.74470350)"
FRTRK1001,move to,LOC_남측제1방어선,2026-09-11T13:23:44,"(21.38743169, -157.74451716)"
FRM113003,move to,LOC_중앙킬존남측,2026-09-11T13:23:44,"(21.39056832, -157.74220222)"
FRLAV006,move to,LOC_중앙킬존남측,2026-09-11T13:23:44,"(21.39039882, -157.74172846)"
FRM113007,move to,LOC_중앙킬존남측,2026-09-11T13:23:44,"(21.39068005, -157.74255781)"
FRM113002,move to,LOC_중앙킬존남측,2026-09-11T13:23:44,"(21.39052536, -157.74211955)"
FRLAV008,move to,LOC_중앙킬존남측,2026-09-11T13:23:44,"(21.39046162, -157.74190201)"
FRM113006,move to,LOC_중앙킬존남측,2026-09-11T13:23:44,"(21.39067137, -157.74246143)"
FRTRK1005,move to,LOC_남측제1방어선,2026-09-11T13:23:44,"(21.38724227, -157.74470396)"
FRM113005,move to,LOC_중앙킬존남측,2026-09-11T13:23:44,"(21.39065662, -157.74236699)"
FRM113001,move to,LOC_중앙킬존남측,2026-09-11T13:23:44,"(21.39048269, -157.74203688)"
FRTRK1002,move to,LOC_남측제1방어선,2026-09-11T13:23:44,"(21.38738904, -157.74452569)"
FRM113004,move to,LOC_중앙킬존남측,2026-09-11T13:23:44,"(21.39060836, -157.74228627)"
FRLAV007,move to,LOC_중앙킬존남측,2026-09-11T13:23:44,"(21.39044617, -157.74180765)"
FRM109004,move to,LOC_중앙킬존남측,2026-09-11T13:23:44,"(21.39105011, -157.74321985)"
FRTRK1004,move to,LOC_남측제1방어선,2026-09-11T13:23:44,"(21.38711600, -157.74462425)"
FRLAV002,move to,LOC_중앙킬존남측,2026-09-11T13:23:44,"(21.39027476, -157.74137921)"
FRLAV001,move to,LOC_중앙킬존남측,2026-09-11T13:23:44,"(21.39020428, -157.74131312)"
FRLAV003,move to,LOC_중앙킬존남측,2026-09-11T13:23:44,"(21.39026835, -157.74148625)"
FRLAV005,move to,LOC_중앙킬존남측,2026-09-11T13:23:44,"(21.39033535, -157.74165757)"
FRLAV004,move to,LOC_중앙킬존남측,2026-09-11T13:23:44,"(21.39032373, -157.74156074)"
FRAHS001,FFE-on-Location,LOC_적포병진지,2026-09-11T13:23:44,"(21.39112388, -157.73719220)"
FRT80004,move to,LOC_목표A남측,2026-09-11T13:23:45,"(21.38280013, -157.75159291)"
FRT80002,move to,LOC_목표A남측,2026-09-11T13:23:45,"(21.38276476, -157.75151082)"
FRM109002,move to,LOC_아군후방지휘소,2026-09-11T13:23:45,"(21.39078896, -157.74933121)"
FRAHS002,move to,LOC_아군후방지휘소,2026-09-11T13:23:45,"(21.39217800, -157.74446486)"
FRTRK2004,move to,LOC_남측제1방어선,2026-09-11T13:23:45,"(21.38720565, -157.74471577)"
FRTRK1003,move to,LOC_남측제1방어선,2026-09-11T13:23:45,"(21.38735064, -157.74456824)"
FRTRK2001,move to,LOC_남측제1방어선,2026-09-11T13:23:45,"(21.38735055, -157.74492187)"
FRTRK2002,move to,LOC_남측제1방어선,2026-09-11T13:23:45,"(21.38729257, -157.74482493)"
FRTRK2003,move to,LOC_남측제1방어선,2026-09-11T13:23:45,"(21.38716644, -157.74466517)"
FRTRK1001,move to,LOC_남측제1방어선,2026-09-11T13:23:45,"(21.38743147, -157.74451567)"
FRM113003,move to,LOC_중앙킬존남측,2026-09-11T13:23:45,"(21.39056705, -157.74220277)"
FRLAV006,move to,LOC_중앙킬존남측,2026-09-11T13:23:45,"(21.39039731, -157.74172920)"
FRM113007,move to,LOC_중앙킬존남측,2026-09-11T13:23:45,"(21.39067851, -157.74255841)"
FRM113002,move to,LOC_중앙킬존남측,2026-09-11T13:23:45,"(21.39052648, -157.74211906)"
FRLAV008,move to,LOC_중앙킬존남측,2026-09-11T13:23:45,"(21.39046199, -157.74190183)"
FRM113006,move to,LOC_중앙킬존남측,2026-09-11T13:23:45,"(21.39067054, -157.74246176)"
FRTRK1005,move to,LOC_남측제1방어선,2026-09-11T13:23:45,"(21.38723788, -157.74466379)"
FRM113005,move to,LOC_중앙킬존남측,2026-09-11T13:23:45,"(21.39065664, -157.74236698)"
FRM113001,move to,LOC_중앙킬존남측,2026-09-11T13:23:45,"(21.39048290, -157.74203679)"
FRTRK1002,move to,LOC_남측제1방어선,2026-09-11T13:23:45,"(21.38738681, -157.74450976)"
FRM113004,move to,LOC_중앙킬존남측,2026-09-11T13:23:45,"(21.39060811, -157.74228637)"
FRLAV007,move to,LOC_중앙킬존남측,2026-09-11T13:23:45,"(21.39044541, -157.74180802)"
FRM109004,move to,LOC_중앙킬존남측,2026-09-11T13:23:45,"(21.39104874, -157.74322028)"
FRTRK1004,move to,LOC_남측제1방어선,2026-09-11T13:23:45,"(21.38711273, -157.74458715)"
FRLAV002,move to,LOC_중앙킬존남측,2026-09-11T13:23:45,"(21.39027549, -157.74137882)"
FRLAV001,move to,LOC_중앙킬존남측,2026-09-11T13:23:45,"(21.39020093, -157.74131494)"
FRLAV003,move to,LOC_중앙킬존남측,2026-09-11T13:23:45,"(21.39026755, -157.74148667)"
FRLAV005,move to,LOC_중앙킬존남측,2026-09-11T13:23:45,"(21.39033342, -157.74165854)"
FRLAV004,move to,LOC_중앙킬존남측,2026-09-11T13:23:45,"(21.39032472, -157.74156023)"
FRAHS001,FFE-on-Location,LOC_적포병진지,2026-09-11T13:23:45,"(21.39112388, -157.73719220)"
FRT80004,move to,LOC_목표A남측,2026-09-11T13:23:46,"(21.38280013, -157.75159291)"
FRT80002,move to,LOC_목표A남측,2026-09-11T13:23:46,"(21.38276476, -157.75151082)"
FRM109002,move to,LOC_아군후방지휘소,2026-09-11T13:23:46,"(21.39078896, -157.74933121)"
FRAHS002,move to,LOC_아군후방지휘소,2026-09-11T13:23:46,"(21.39217800, -157.74446486)"
FRTRK2004,move to,LOC_남측제1방어선,2026-09-11T13:23:46,"(21.38720565, -157.74471577)"
FRTRK1003,move to,LOC_남측제1방어선,2026-09-11T13:23:46,"(21.38735064, -157.74456824)"
FRTRK2001,move to,LOC_남측제1방어선,2026-09-11T13:23:46,"(21.38735055, -157.74492187)"
FRTRK2002,move to,LOC_남측제1방어선,2026-09-11T13:23:46,"(21.38729257, -157.74482493)"
FRTRK2003,move to,LOC_남측제1방어선,2026-09-11T13:23:46,"(21.38716644, -157.74466517)"
FRTRK1001,move to,LOC_남측제1방어선,2026-09-11T13:23:46,"(21.38743147, -157.74451567)"
FRM113003,move to,LOC_중앙킬존남측,2026-09-11T13:23:46,"(21.39056705, -157.74220277)"
FRLAV006,move to,LOC_중앙킬존남측,2026-09-11T13:23:46,"(21.39039731, -157.74172920)"
FRM113007,move to,LOC_중앙킬존남측,2026-09-11T13:23:46,"(21.39067851, -157.74255841)"
FRM113002,move to,LOC_중앙킬존남측,2026-09-11T13:23:46,"(21.39052648, -157.74211906)"
FRLAV008,move to,LOC_중앙킬존남측,2026-09-11T13:23:46,"(21.39046199, -157.74190183)"
FRM113006,move to,LOC_중앙킬존남측,2026-09-11T13:23:46,"(21.39067054, -157.74246176)"
FRTRK1005,move to,LOC_남측제1방어선,2026-09-11T13:23:46,"(21.38723788, -157.74466379)"
FRM113005,move to,LOC_중앙킬존남측,2026-09-11T13:23:46,"(21.39065664, -157.74236698)"
FRM113001,move to,LOC_중앙킬존남측,2026-09-11T13:23:46,"(21.39048290, -157.74203679)"
FRTRK1002,move to,LOC_남측제1방어선,2026-09-11T13:23:46,"(21.38738681, -157.74450976)"
FRM113004,move to,LOC_중앙킬존남측,2026-09-11T13:23:46,"(21.39060811, -157.74228637)"
FRLAV007,move to,LOC_중앙킬존남측,2026-09-11T13:23:46,"(21.39044541, -157.74180802)"
FRM109004,move to,LOC_중앙킬존남측,2026-09-11T13:23:46,"(21.39104874, -157.74322028)"
FRTRK1004,move to,LOC_남측제1방어선,2026-09-11T13:23:46,"(21.38711273, -157.74458715)"
FRLAV002,move to,LOC_중앙킬존남측,2026-09-11T13:23:46,"(21.39027549, -157.74137882)"
FRLAV001,move to,LOC_중앙킬존남측,2026-09-11T13:23:46,"(21.39020093, -157.74131494)"
FRLAV003,move to,LOC_중앙킬존남측,2026-09-11T13:23:46,"(21.39026755, -157.74148667)"
FRLAV005,move to,LOC_중앙킬존남측,2026-09-11T13:23:46,"(21.39033342, -157.74165854)"
FRLAV004,move to,LOC_중앙킬존남측,2026-09-11T13:23:46,"(21.39032472, -157.74156023)"
FRAHS001,FFE-on-Location,LOC_적포병진지,2026-09-11T13:23:46,"(21.39112388, -157.73719220)"
FRT80002,move to,LOC_목표A남측,2026-09-11T13:23:47,"(21.38278167, -157.75155005)"
FRM109002,move to,LOC_아군후방지휘소,2026-09-11T13:23:47,"(21.39071703, -157.74952068)"
FRAHS002,move to,LOC_아군후방지휘소,2026-09-11T13:23:47,"(21.39217800, -157.74446487)"
FRTRK2004,move to,LOC_남측제1방어선,2026-09-11T13:23:47,"(21.38720110, -157.74467139)"
FRTRK1003,move to,LOC_남측제1방어선,2026-09-11T13:23:47,"(21.38734554, -157.74452952)"
FRTRK2001,move to,LOC_남측제1방어선,2026-09-11T13:23:47,"(21.38734405, -157.74486935)"
FRTRK2002,move to,LOC_남측제1방어선,2026-09-11T13:23:47,"(21.38728674, -157.74477454)"
FRTRK2003,move to,LOC_남측제1방어선,2026-09-11T13:23:47,"(21.38716230, -157.74462218)"
FRTRK1001,move to,LOC_남측제1방어선,2026-09-11T13:23:47,"(21.38743409, -157.74453339)"
FRM113003,move to,LOC_중앙킬존남측,2026-09-11T13:23:47,"(21.39056590, -157.74220327)"
FRLAV006,move to,LOC_중앙킬존남측,2026-09-11T13:23:47,"(21.39039630, -157.74172969)"
FRM113007,move to,LOC_중앙킬존남측,2026-09-11T13:23:47,"(21.39067674, -157.74255910)"
FRM113002,move to,LOC_중앙킬존남측,2026-09-11T13:23:47,"(21.39052821, -157.74211829)"
FRLAV008,move to,LOC_중앙킬존남측,2026-09-11T13:23:47,"(21.39046326, -157.74190124)"
FRM113006,move to,LOC_중앙킬존남측,2026-09-11T13:23:47,"(21.39066957, -157.74246215)"
FRTRK1005,move to,LOC_남측제1방어선,2026-09-11T13:23:47,"(21.38723311, -157.74462011)"
FRM113005,move to,LOC_중앙킬존남측,2026-09-11T13:23:47,"(21.39065667, -157.74236697)"
FRM113001,move to,LOC_중앙킬존남측,2026-09-11T13:23:47,"(21.39048359, -157.74203647)"
FRTRK1002,move to,LOC_남측제1방어선,2026-09-11T13:23:47,"(21.38738757, -157.74451513)"
FRM113004,move to,LOC_중앙킬존남측,2026-09-11T13:23:47,"(21.39060814, -157.74228636)"
FRLAV007,move to,LOC_중앙킬존남측,2026-09-11T13:23:47,"(21.39044535, -157.74180805)"
FRM109004,move to,LOC_중앙킬존남측,2026-09-11T13:23:47,"(21.39104713, -157.74322078)"
FRTRK1004,move to,LOC_남측제1방어선,2026-09-11T13:23:47,"(21.38710900, -157.74454470)"
FRLAV002,move to,LOC_중앙킬존남측,2026-09-11T13:23:47,"(21.39027651, -157.74137827)"
FRLAV001,move to,LOC_중앙킬존남측,2026-09-11T13:23:47,"(21.39019946, -157.74131574)"
FRLAV003,move to,LOC_중앙킬존남측,2026-09-11T13:23:47,"(21.39026724, -157.74148683)"
FRLAV005,move to,LOC_중앙킬존남측,2026-09-11T13:23:47,"(21.39033267, -157.74165891)"
FRLAV004,move to,LOC_중앙킬존남측,2026-09-11T13:23:47,"(21.39032580, -157.74155968)"
FRAHS001,FFE-on-Location,LOC_적포병진지,2026-09-11T13:23:47,"(21.39112388, -157.73719220)"
FRT80002,move to,LOC_목표A남측,2026-09-11T13:23:48,"(21.38278167, -157.75155005)"
FRM109002,move to,LOC_아군후방지휘소,2026-09-11T13:23:48,"(21.39071703, -157.74952068)"
FRAHS002,move to,LOC_아군후방지휘소,2026-09-11T13:23:48,"(21.39217800, -157.74446487)"
FRTRK2004,move to,LOC_남측제1방어선,2026-09-11T13:23:48,"(21.38720110, -157.74467139)"
FRTRK1003,move to,LOC_남측제1방어선,2026-09-11T13:23:48,"(21.38734554, -157.74452952)"
FRTRK2001,move to,LOC_남측제1방어선,2026-09-11T13:23:48,"(21.38734405, -157.74486935)"
FRTRK2002,move to,LOC_남측제1방어선,2026-09-11T13:23:48,"(21.38728674, -157.74477454)"
FRTRK2003,move to,LOC_남측제1방어선,2026-09-11T13:23:48,"(21.38716230, -157.74462218)"
FRTRK1001,move to,LOC_남측제1방어선,2026-09-11T13:23:48,"(21.38743409, -157.74453339)"
FRM113003,move to,LOC_중앙킬존남측,2026-09-11T13:23:48,"(21.39056590, -157.74220327)"
FRLAV006,move to,LOC_중앙킬존남측,2026-09-11T13:23:48,"(21.39039630, -157.74172969)"
FRM113007,move to,LOC_중앙킬존남측,2026-09-11T13:23:48,"(21.39067674, -157.74255910)"
FRM113002,move to,LOC_중앙킬존남측,2026-09-11T13:23:48,"(21.39052821, -157.74211829)"
FRLAV008,move to,LOC_중앙킬존남측,2026-09-11T13:23:48,"(21.39046326, -157.74190124)"
FRM113006,move to,LOC_중앙킬존남측,2026-09-11T13:23:48,"(21.39066957, -157.74246215)"
FRTRK1005,move to,LOC_남측제1방어선,2026-09-11T13:23:48,"(21.38723311, -157.74462011)"
FRM113005,move to,LOC_중앙킬존남측,2026-09-11T13:23:48,"(21.39065667, -157.74236697)"
FRM113001,move to,LOC_중앙킬존남측,2026-09-11T13:23:48,"(21.39048359, -157.74203647)"
FRTRK1002,move to,LOC_남측제1방어선,2026-09-11T13:23:48,"(21.38738757, -157.74451513)"
FRM113004,move to,LOC_중앙킬존남측,2026-09-11T13:23:48,"(21.39060814, -157.74228636)"
FRLAV007,move to,LOC_중앙킬존남측,2026-09-11T13:23:48,"(21.39044535, -157.74180805)"
FRM109004,move to,LOC_중앙킬존남측,2026-09-11T13:23:48,"(21.39104713, -157.74322078)"
FRTRK1004,move to,LOC_남측제1방어선,2026-09-11T13:23:48,"(21.38710900, -157.74454470)"
FRLAV002,move to,LOC_중앙킬존남측,2026-09-11T13:23:48,"(21.39027651, -157.74137827)"
FRLAV001,move to,LOC_중앙킬존남측,2026-09-11T13:23:48,"(21.39019946, -157.74131574)"
FRLAV003,move to,LOC_중앙킬존남측,2026-09-11T13:23:48,"(21.39026724, -157.74148683)"
FRLAV005,move to,LOC_중앙킬존남측,2026-09-11T13:23:48,"(21.39033267, -157.74165891)"
FRLAV004,move to,LOC_중앙킬존남측,2026-09-11T13:23:48,"(21.39032580, -157.74155968)"
FRAHS001,FFE-on-Location,LOC_적포병진지,2026-09-11T13:23:48,"(21.39112388, -157.73719220)"
FRT80002,move to,LOC_목표A남측,2026-09-11T13:23:49,"(21.38279824, -157.75158857)"
FRM109002,move to,LOC_아군후방지휘소,2026-09-11T13:23:49,"(21.39064662, -157.74970612)"
FRAHS002,move to,LOC_아군후방지휘소,2026-09-11T13:23:49,"(21.39217800, -157.74446488)"
FRTRK2004,move to,LOC_남측제1방어선,2026-09-11T13:23:49,"(21.38719682, -157.74462965)"
FRTRK1003,move to,LOC_남측제1방어선,2026-09-11T13:23:49,"(21.38734264, -157.74450755)"
FRTRK2001,move to,LOC_남측제1방어선,2026-09-11T13:23:49,"(21.38733794, -157.74481993)"
FRTRK2002,move to,LOC_남측제1방어선,2026-09-11T13:23:49,"(21.38728114, -157.74472618)"
FRTRK2003,move to,LOC_남측제1방어선,2026-09-11T13:23:49,"(21.38715828, -157.74458052)"
FRTRK1001,move to,LOC_남측제1방어선,2026-09-11T13:23:49,"(21.38743707, -157.74455359)"
FRM113003,move to,LOC_중앙킬존남측,2026-09-11T13:23:49,"(21.39056510, -157.74220362)"
FRLAV006,move to,LOC_중앙킬존남측,2026-09-11T13:23:49,"(21.39039598, -157.74172985)"
FRM113007,move to,LOC_중앙킬존남측,2026-09-11T13:23:49,"(21.39067503, -157.74255978)"
FRM113002,move to,LOC_중앙킬존남측,2026-09-11T13:23:49,"(21.39052994, -157.74211752)"
FRLAV008,move to,LOC_중앙킬존남측,2026-09-11T13:23:49,"(21.39046498, -157.74190043)"
FRM113006,move to,LOC_중앙킬존남측,2026-09-11T13:23:49,"(21.39066861, -157.74246254)"
FRTRK1005,move to,LOC_남측제1방어선,2026-09-11T13:23:49,"(21.38722855, -157.74457837)"
FRM113005,move to,LOC_중앙킬존남측,2026-09-11T13:23:49,"(21.39065671, -157.74236696)"
FRM113001,move to,LOC_중앙킬존남측,2026-09-11T13:23:49,"(21.39048470, -157.74203597)"
FRTRK1002,move to,LOC_남측제1방어선,2026-09-11T13:23:49,"(21.38739056, -157.74453654)"
FRM113004,move to,LOC_중앙킬존남측,2026-09-11T13:23:49,"(21.39060847, -157.74228622)"
FRLAV007,move to,LOC_중앙킬존남측,2026-09-11T13:23:49,"(21.39044613, -157.74180768)"
FRM109004,move to,LOC_중앙킬존남측,2026-09-11T13:23:49,"(21.39104551, -157.74322129)"
FRTRK1004,move to,LOC_남측제1방어선,2026-09-11T13:23:49,"(21.38710553, -157.74450532)"
FRLAV002,move to,LOC_중앙킬존남측,2026-09-11T13:23:49,"(21.39027769, -157.74137764)"
FRLAV001,move to,LOC_중앙킬존남측,2026-09-11T13:23:49,"(21.39019837, -157.74131634)"
FRLAV003,move to,LOC_중앙킬존남측,2026-09-11T13:23:49,"(21.39026754, -157.74148668)"
FRLAV005,move to,LOC_중앙킬존남측,2026-09-11T13:23:49,"(21.39033298, -157.74165876)"
FRLAV004,move to,LOC_중앙킬존남측,2026-09-11T13:23:49,"(21.39032678, -157.74155918)"
FRAHS001,FFE-on-Location,LOC_적포병진지,2026-09-11T13:23:49,"(21.39112388, -157.73719220)"
FRT80002,move to,LOC_목표A남측,2026-09-11T13:23:51,"(21.38279824, -157.75158857)"
FRM109002,move to,LOC_아군후방지휘소,2026-09-11T13:23:51,"(21.39064662, -157.74970612)"
FRAHS002,move to,LOC_아군후방지휘소,2026-09-11T13:23:51,"(21.39217800, -157.74446488)"
FRTRK2004,move to,LOC_남측제1방어선,2026-09-11T13:23:51,"(21.38719682, -157.74462965)"
FRTRK1003,move to,LOC_남측제1방어선,2026-09-11T13:23:51,"(21.38734264, -157.74450755)"
FRTRK2001,move to,LOC_남측제1방어선,2026-09-11T13:23:51,"(21.38733794, -157.74481993)"
FRTRK2002,move to,LOC_남측제1방어선,2026-09-11T13:23:51,"(21.38728114, -157.74472618)"
FRTRK2003,move to,LOC_남측제1방어선,2026-09-11T13:23:51,"(21.38715828, -157.74458052)"
FRTRK1001,move to,LOC_남측제1방어선,2026-09-11T13:23:51,"(21.38743707, -157.74455359)"
FRM113003,move to,LOC_중앙킬존남측,2026-09-11T13:23:51,"(21.39056510, -157.74220362)"
FRLAV006,move to,LOC_중앙킬존남측,2026-09-11T13:23:51,"(21.39039598, -157.74172985)"
FRM113007,move to,LOC_중앙킬존남측,2026-09-11T13:23:51,"(21.39067503, -157.74255978)"
FRM113002,move to,LOC_중앙킬존남측,2026-09-11T13:23:51,"(21.39052994, -157.74211752)"
FRLAV008,move to,LOC_중앙킬존남측,2026-09-11T13:23:51,"(21.39046498, -157.74190043)"
FRM113006,move to,LOC_중앙킬존남측,2026-09-11T13:23:51,"(21.39066861, -157.74246254)"
FRTRK1005,move to,LOC_남측제1방어선,2026-09-11T13:23:51,"(21.38722855, -157.74457837)"
FRM113005,move to,LOC_중앙킬존남측,2026-09-11T13:23:51,"(21.39065671, -157.74236696)"
FRM113001,move to,LOC_중앙킬존남측,2026-09-11T13:23:51,"(21.39048470, -157.74203597)"
FRTRK1002,move to,LOC_남측제1방어선,2026-09-11T13:23:51,"(21.38739056, -157.74453654)"
FRM113004,move to,LOC_중앙킬존남측,2026-09-11T13:23:51,"(21.39060847, -157.74228622)"
FRLAV007,move to,LOC_중앙킬존남측,2026-09-11T13:23:51,"(21.39044613, -157.74180768)"
FRM109004,move to,LOC_중앙킬존남측,2026-09-11T13:23:51,"(21.39104551, -157.74322129)"
FRTRK1004,move to,LOC_남측제1방어선,2026-09-11T13:23:51,"(21.38710553, -157.74450532)"
FRLAV002,move to,LOC_중앙킬존남측,2026-09-11T13:23:51,"(21.39027769, -157.74137764)"
FRLAV001,move to,LOC_중앙킬존남측,2026-09-11T13:23:51,"(21.39019837, -157.74131634)"
FRLAV003,move to,LOC_중앙킬존남측,2026-09-11T13:23:51,"(21.39026754, -157.74148668)"
FRLAV005,move to,LOC_중앙킬존남측,2026-09-11T13:23:51,"(21.39033298, -157.74165876)"
FRLAV004,move to,LOC_중앙킬존남측,2026-09-11T13:23:51,"(21.39032678, -157.74155918)"
FRAHS001,FFE-on-Location,LOC_적포병진지,2026-09-11T13:23:51,"(21.39112388, -157.73719220)"
FRM109002,move to,LOC_아군후방지휘소,2026-09-11T13:23:52,"(21.39057680, -157.74989005)"
FRTRK2004,move to,LOC_남측제1방어선,2026-09-11T13:23:52,"(21.38719258, -157.74458835)"
FRTRK1003,move to,LOC_남측제1방어선,2026-09-11T13:23:52,"(21.38734249, -157.74450642)"
FRTRK2001,move to,LOC_남측제1방어선,2026-09-11T13:23:52,"(21.38733196, -157.74477158)"
FRTRK2002,move to,LOC_남측제1방어선,2026-09-11T13:23:52,"(21.38727574, -157.74467951)"
FRTRK2003,move to,LOC_남측제1방어선,2026-09-11T13:23:52,"(21.38715428, -157.74453909)"
FRTRK1001,move to,LOC_남측제1방어선,2026-09-11T13:23:52,"(21.38743828, -157.74456177)"
FRTRK1005,move to,LOC_남측제1방어선,2026-09-11T13:23:52,"(21.38722407, -157.74453736)"
FRTRK1002,move to,LOC_남측제1방어선,2026-09-11T13:23:52,"(21.38739310, -157.74455474)"
FRTRK1004,move to,LOC_남측제1방어선,2026-09-11T13:23:52,"(21.38710239, -157.74446975)"
FRLAV002,move to,LOC_중앙킬존남측,2026-09-11T13:23:52,"(21.39027486, -157.74137916)"
FRLAV001,move to,LOC_중앙킬존남측,2026-09-11T13:23:52,"(21.39019762, -157.74131674)"
FRLAV003,move to,LOC_중앙킬존남측,2026-09-11T13:23:52,"(21.39026843, -157.74148621)"
FRLAV005,move to,LOC_중앙킬존남측,2026-09-11T13:23:52,"(21.39033432, -157.74165809)"
FRLAV004,move to,LOC_중앙킬존남측,2026-09-11T13:23:52,"(21.39032770, -157.74155871)"
FRAHS001,FFE-on-Location,LOC_적포병진지,2026-09-11T13:23:52,"(21.39112388, -157.73719220)"
FRM109002,move to,LOC_아군후방지휘소,2026-09-11T13:23:53,"(21.39050400, -157.75008179)"
FRTRK2004,move to,LOC_남측제1방어선,2026-09-11T13:23:53,"(21.38718817, -157.74454530)"
FRTRK1003,move to,LOC_남측제1방어선,2026-09-11T13:23:53,"(21.38734480, -157.74452395)"
FRTRK2001,move to,LOC_남측제1방어선,2026-09-11T13:23:53,"(21.38732573, -157.74472121)"
FRTRK2002,move to,LOC_남측제1방어선,2026-09-11T13:23:53,"(21.38727053, -157.74463449)"
FRTRK2003,move to,LOC_남측제1방어선,2026-09-11T13:23:53,"(21.38715053, -157.74450018)"
FRTRK1001,move to,LOC_남측제1방어선,2026-09-11T13:23:53,"(21.38743709, -157.74455371)"
FRTRK1005,move to,LOC_남측제1방어선,2026-09-11T13:23:53,"(21.38722026, -157.74450251)"
FRTRK1002,move to,LOC_남측제1방어선,2026-09-11T13:23:53,"(21.38739352, -157.74455773)"
FRTRK1004,move to,LOC_남측제1방어선,2026-09-11T13:23:53,"(21.38709926, -157.74443423)"
FRLAV002,move to,LOC_중앙킬존남측,2026-09-11T13:23:53,"(21.39027309, -157.74138010)"
FRLAV001,move to,LOC_중앙킬존남측,2026-09-11T13:23:53,"(21.39019721, -157.74131697)"
FRLAV003,move to,LOC_중앙킬존남측,2026-09-11T13:23:53,"(21.39026999, -157.74148539)"
FRLAV005,move to,LOC_중앙킬존남측,2026-09-11T13:23:53,"(21.39033611, -157.74165719)"
FRLAV004,move to,LOC_중앙킬존남측,2026-09-11T13:23:53,"(21.39032860, -157.74155825)"
FRAHS001,FFE-on-Location,LOC_적포병진지,2026-09-11T13:23:53,"(21.39112388, -157.73719220)"
FRM109002,move to,LOC_아군후방지휘소,2026-09-11T13:23:54,"(21.39050400, -157.75008179)"
FRTRK2004,move to,LOC_남측제1방어선,2026-09-11T13:23:54,"(21.38718817, -157.74454530)"
FRTRK1003,move to,LOC_남측제1방어선,2026-09-11T13:23:54,"(21.38734480, -157.74452395)"
FRTRK2001,move to,LOC_남측제1방어선,2026-09-11T13:23:54,"(21.38732573, -157.74472121)"
FRTRK2002,move to,LOC_남측제1방어선,2026-09-11T13:23:54,"(21.38727053, -157.74463449)"
FRTRK2003,move to,LOC_남측제1방어선,2026-09-11T13:23:54,"(21.38715053, -157.74450018)"
FRTRK1001,move to,LOC_남측제1방어선,2026-09-11T13:23:54,"(21.38743709, -157.74455371)"
FRTRK1005,move to,LOC_남측제1방어선,2026-09-11T13:23:54,"(21.38722026, -157.74450251)"
FRTRK1002,move to,LOC_남측제1방어선,2026-09-11T13:23:54,"(21.38739352, -157.74455773)"
FRTRK1004,move to,LOC_남측제1방어선,2026-09-11T13:23:54,"(21.38709926, -157.74443423)"
FRLAV002,move to,LOC_중앙킬존남측,2026-09-11T13:23:54,"(21.39027309, -157.74138010)"
FRLAV001,move to,LOC_중앙킬존남측,2026-09-11T13:23:54,"(21.39019721, -157.74131697)"
FRLAV003,move to,LOC_중앙킬존남측,2026-09-11T13:23:54,"(21.39026999, -157.74148539)"
FRLAV005,move to,LOC_중앙킬존남측,2026-09-11T13:23:54,"(21.39033611, -157.74165719)"
FRLAV004,move to,LOC_중앙킬존남측,2026-09-11T13:23:54,"(21.39032860, -157.74155825)"
FRAHS001,FFE-on-Location,LOC_적포병진지,2026-09-11T13:23:54,"(21.39112388, -157.73719220)"
FRM109002,move to,LOC_아군후방지휘소,2026-09-11T13:23:55,"(21.39043381, -157.75026667)"
FRTRK2004,move to,LOC_남측제1방어선,2026-09-11T13:23:55,"(21.38718437, -157.74450829)"
FRTRK1003,move to,LOC_남측제1방어선,2026-09-11T13:23:55,"(21.38734763, -157.74454544)"
FRTRK2001,move to,LOC_남측제1방어선,2026-09-11T13:23:55,"(21.38731994, -157.74467446)"
FRTRK2002,move to,LOC_남측제1방어선,2026-09-11T13:23:55,"(21.38726571, -157.74459283)"
FRTRK2003,move to,LOC_남측제1방어선,2026-09-11T13:23:55,"(21.38714749, -157.74446867)"
FRTRK1001,move to,LOC_남측제1방어선,2026-09-11T13:23:55,"(21.38743470, -157.74453753)"
FRTRK1005,move to,LOC_남측제1방어선,2026-09-11T13:23:55,"(21.38721778, -157.74447978)"
FRTRK1002,move to,LOC_남측제1방어선,2026-09-11T13:23:55,"(21.38739172, -157.74454483)"
FRTRK1004,move to,LOC_남측제1방어선,2026-09-11T13:23:55,"(21.38709630, -157.74440064)"
FRLAV002,move to,LOC_중앙킬존남측,2026-09-11T13:23:55,"(21.39027175, -157.74138081)"
FRLAV001,move to,LOC_중앙킬존남측,2026-09-11T13:23:55,"(21.39019717, -157.74131699)"
FRLAV003,move to,LOC_중앙킬존남측,2026-09-11T13:23:55,"(21.39027166, -157.74148452)"
FRLAV005,move to,LOC_중앙킬존남측,2026-09-11T13:23:55,"(21.39033785, -157.74165632)"
FRLAV004,move to,LOC_중앙킬존남측,2026-09-11T13:23:55,"(21.39032940, -157.74155784)"
FRAHS001,FFE-on-Location,LOC_적포병진지,2026-09-11T13:23:55,"(21.39112388, -157.73719220)"
FRM109002,move to,LOC_아군후방지휘소,2026-09-11T13:23:56,"(21.39043381, -157.75026667)"
FRTRK2004,move to,LOC_남측제1방어선,2026-09-11T13:23:56,"(21.38718437, -157.74450829)"
FRTRK1003,move to,LOC_남측제1방어선,2026-09-11T13:23:56,"(21.38734763, -157.74454544)"
FRTRK2001,move to,LOC_남측제1방어선,2026-09-11T13:23:56,"(21.38731994, -157.74467446)"
FRTRK2002,move to,LOC_남측제1방어선,2026-09-11T13:23:56,"(21.38726571, -157.74459283)"
FRTRK2003,move to,LOC_남측제1방어선,2026-09-11T13:23:56,"(21.38714749, -157.74446867)"
FRTRK1001,move to,LOC_남측제1방어선,2026-09-11T13:23:56,"(21.38743470, -157.74453753)"
FRTRK1005,move to,LOC_남측제1방어선,2026-09-11T13:23:56,"(21.38721778, -157.74447978)"
FRTRK1002,move to,LOC_남측제1방어선,2026-09-11T13:23:56,"(21.38739172, -157.74454483)"
FRTRK1004,move to,LOC_남측제1방어선,2026-09-11T13:23:56,"(21.38709630, -157.74440064)"
FRLAV002,move to,LOC_중앙킬존남측,2026-09-11T13:23:56,"(21.39027175, -157.74138081)"
FRLAV001,move to,LOC_중앙킬존남측,2026-09-11T13:23:56,"(21.39019717, -157.74131699)"
FRLAV003,move to,LOC_중앙킬존남측,2026-09-11T13:23:56,"(21.39027166, -157.74148452)"
FRLAV005,move to,LOC_중앙킬존남측,2026-09-11T13:23:56,"(21.39033785, -157.74165632)"
FRLAV004,move to,LOC_중앙킬존남측,2026-09-11T13:23:56,"(21.39032940, -157.74155784)"
FRAHS001,FFE-on-Location,LOC_적포병진지,2026-09-11T13:23:56,"(21.39112388, -157.73719220)"
FRM109002,move to,LOC_아군후방지휘소,2026-09-11T13:23:58,"(21.39038965, -157.75038276)"
FRTRK2004,move to,LOC_남측제1방어선,2026-09-11T13:23:58,"(21.38718168, -157.74448206)"
FRTRK1003,move to,LOC_남측제1방어선,2026-09-11T13:23:58,"(21.38734904, -157.74455609)"
FRTRK2001,move to,LOC_남측제1방어선,2026-09-11T13:23:58,"(21.38731505, -157.74463494)"
FRTRK2002,move to,LOC_남측제1방어선,2026-09-11T13:23:58,"(21.38726136, -157.74455518)"
FRTRK2003,move to,LOC_남측제1방어선,2026-09-11T13:23:58,"(21.38714490, -157.74444185)"
FRTRK1001,move to,LOC_남측제1방어선,2026-09-11T13:23:58,"(21.38743317, -157.74452720)"
FRTRK1005,move to,LOC_남측제1방어선,2026-09-11T13:23:58,"(21.38721604, -157.74446391)"
FRTRK1002,move to,LOC_남측제1방어선,2026-09-11T13:23:58,"(21.38738962, -157.74452984)"
FRTRK1004,move to,LOC_남측제1방어선,2026-09-11T13:23:58,"(21.38709363, -157.74437033)"
FRLAV002,move to,LOC_중앙킬존남측,2026-09-11T13:23:58,"(21.39027070, -157.74138138)"
FRLAV001,move to,LOC_중앙킬존남측,2026-09-11T13:23:58,"(21.39019745, -157.74131684)"
FRLAV003,move to,LOC_중앙킬존남측,2026-09-11T13:23:58,"(21.39027321, -157.74148371)"
FRLAV005,move to,LOC_중앙킬존남측,2026-09-11T13:23:58,"(21.39033498, -157.74165776)"
FRLAV004,move to,LOC_중앙킬존남측,2026-09-11T13:23:58,"(21.39033008, -157.74155749)"
FRAHS001,FFE-on-Location,LOC_적포병진지,2026-09-11T13:23:58,"(21.39112388, -157.73719220)"
FRM109002,move to,LOC_아군후방지휘소,2026-09-11T13:23:59,"(21.39038965, -157.75038276)"
FRTRK2004,move to,LOC_남측제1방어선,2026-09-11T13:23:59,"(21.38718168, -157.74448206)"
FRTRK1003,move to,LOC_남측제1방어선,2026-09-11T13:23:59,"(21.38734904, -157.74455609)"
FRTRK2001,move to,LOC_남측제1방어선,2026-09-11T13:23:59,"(21.38731505, -157.74463494)"
FRTRK2002,move to,LOC_남측제1방어선,2026-09-11T13:23:59,"(21.38726136, -157.74455518)"
FRTRK2003,move to,LOC_남측제1방어선,2026-09-11T13:23:59,"(21.38714490, -157.74444185)"
FRTRK1001,move to,LOC_남측제1방어선,2026-09-11T13:23:59,"(21.38743317, -157.74452720)"
FRTRK1005,move to,LOC_남측제1방어선,2026-09-11T13:23:59,"(21.38721604, -157.74446391)"
FRTRK1002,move to,LOC_남측제1방어선,2026-09-11T13:23:59,"(21.38738962, -157.74452984)"
FRTRK1004,move to,LOC_남측제1방어선,2026-09-11T13:23:59,"(21.38709363, -157.74437033)"
FRLAV002,move to,LOC_중앙킬존남측,2026-09-11T13:23:59,"(21.39027070, -157.74138138)"
FRLAV001,move to,LOC_중앙킬존남측,2026-09-11T13:23:59,"(21.39019745, -157.74131684)"
FRLAV003,move to,LOC_중앙킬존남측,2026-09-11T13:23:59,"(21.39027321, -157.74148371)"
FRLAV005,move to,LOC_중앙킬존남측,2026-09-11T13:23:59,"(21.39033498, -157.74165776)"
FRLAV004,move to,LOC_중앙킬존남측,2026-09-11T13:23:59,"(21.39033008, -157.74155749)"
FRAHS001,FFE-on-Location,LOC_적포병진지,2026-09-11T13:23:59,"(21.39112388, -157.73719220)"
FRM109002,move to,LOC_아군후방지휘소,2026-09-11T13:24:00,"(21.39038212, -157.75040252)"
FRTRK2004,move to,LOC_남측제1방어선,2026-09-11T13:24:00,"(21.38717912, -157.74445708)"
FRTRK1003,move to,LOC_남측제1방어선,2026-09-11T13:24:00,"(21.38734849, -157.74455193)"
FRTRK2001,move to,LOC_남측제1방어선,2026-09-11T13:24:00,"(21.38730970, -157.74459167)"
FRTRK2002,move to,LOC_남측제1방어선,2026-09-11T13:24:00,"(21.38725696, -157.74451717)"
FRTRK2003,move to,LOC_남측제1방어선,2026-09-11T13:24:00,"(21.38714206, -157.74441241)"
FRTRK1001,move to,LOC_남측제1방어선,2026-09-11T13:24:00,"(21.38743330, -157.74452809)"
FRTRK1005,move to,LOC_남측제1방어선,2026-09-11T13:24:00,"(21.38721446, -157.74444942)"
FRTRK1002,move to,LOC_남측제1방어선,2026-09-11T13:24:00,"(21.38738849, -157.74452176)"
FRTRK1004,move to,LOC_남측제1방어선,2026-09-11T13:24:00,"(21.38709146, -157.74434561)"
FRLAV002,move to,LOC_중앙킬존남측,2026-09-11T13:24:00,"(21.39026970, -157.74138191)"
FRLAV001,move to,LOC_중앙킬존남측,2026-09-11T13:24:00,"(21.39019812, -157.74131647)"
FRLAV003,move to,LOC_중앙킬존남측,2026-09-11T13:24:00,"(21.39027066, -157.74148504)"
FRLAV005,move to,LOC_중앙킬존남측,2026-09-11T13:24:00,"(21.39033597, -157.74165726)"
FRLAV004,move to,LOC_중앙킬존남측,2026-09-11T13:24:00,"(21.39033080, -157.74155712)"
FRAHS001,FFE-on-Location,LOC_적포병진지,2026-09-11T13:24:00,"(21.39112388, -157.73719220)"
FRT69001,move to,LOC_남측제1방어선,2026-09-11T13:24:00,"(21.38093464, -157.74657960)"
FRTRK2004,move to,LOC_남측제1방어선,2026-09-11T13:24:01,"(21.38717682, -157.74443469)"
FRTRK1003,move to,LOC_남측제1방어선,2026-09-11T13:24:01,"(21.38734641, -157.74453614)"
FRTRK2001,move to,LOC_남측제1방어선,2026-09-11T13:24:01,"(21.38730449, -157.74454951)"
FRTRK2002,move to,LOC_남측제1방어선,2026-09-11T13:24:01,"(21.38725436, -157.74449477)"
FRTRK2003,move to,LOC_남측제1방어선,2026-09-11T13:24:01,"(21.38713926, -157.74438344)"
FRTRK1001,move to,LOC_남측제1방어선,2026-09-11T13:24:01,"(21.38743507, -157.74454008)"
FRTRK1005,move to,LOC_남측제1방어선,2026-09-11T13:24:01,"(21.38721318, -157.74443771)"
FRTRK1002,move to,LOC_남측제1방어선,2026-09-11T13:24:01,"(21.38738931, -157.74452764)"
FRTRK1004,move to,LOC_남측제1방어선,2026-09-11T13:24:01,"(21.38709095, -157.74433982)"
FRLAV002,move to,LOC_중앙킬존남측,2026-09-11T13:24:01,"(21.39026894, -157.74138231)"
FRLAV001,move to,LOC_중앙킬존남측,2026-09-11T13:24:01,"(21.39019913, -157.74131592)"
FRLAV003,move to,LOC_중앙킬존남측,2026-09-11T13:24:01,"(21.39027122, -157.74148475)"
FRLAV005,move to,LOC_중앙킬존남측,2026-09-11T13:24:01,"(21.39033768, -157.74165640)"
FRLAV004,move to,LOC_중앙킬존남측,2026-09-11T13:24:01,"(21.39033144, -157.74155679)"
FRAHS001,FFE-on-Location,LOC_적포병진지,2026-09-11T13:24:01,"(21.39112388, -157.73719220)"
FRT69001,move to,LOC_남측제1방어선,2026-09-11T13:24:01,"(21.38111470, -157.74664224)"
FRT69006,move to,LOC_남측제1방어선,2026-09-11T13:24:01,"(21.38088920, -157.74654269)"
FRTRK2004,move to,LOC_남측제1방어선,2026-09-11T13:24:02,"(21.38717682, -157.74443469)"
FRTRK1003,move to,LOC_남측제1방어선,2026-09-11T13:24:02,"(21.38734641, -157.74453614)"
FRTRK2001,move to,LOC_남측제1방어선,2026-09-11T13:24:02,"(21.38730449, -157.74454951)"
FRTRK2002,move to,LOC_남측제1방어선,2026-09-11T13:24:02,"(21.38725436, -157.74449477)"
FRTRK2003,move to,LOC_남측제1방어선,2026-09-11T13:24:02,"(21.38713926, -157.74438344)"
FRTRK1001,move to,LOC_남측제1방어선,2026-09-11T13:24:02,"(21.38743507, -157.74454008)"
FRTRK1005,move to,LOC_남측제1방어선,2026-09-11T13:24:02,"(21.38721318, -157.74443771)"
FRTRK1002,move to,LOC_남측제1방어선,2026-09-11T13:24:02,"(21.38738931, -157.74452764)"
FRTRK1004,move to,LOC_남측제1방어선,2026-09-11T13:24:02,"(21.38709095, -157.74433982)"
FRLAV002,move to,LOC_중앙킬존남측,2026-09-11T13:24:02,"(21.39026894, -157.74138231)"
FRLAV001,move to,LOC_중앙킬존남측,2026-09-11T13:24:02,"(21.39019913, -157.74131592)"
FRLAV003,move to,LOC_중앙킬존남측,2026-09-11T13:24:02,"(21.39027122, -157.74148475)"
FRLAV005,move to,LOC_중앙킬존남측,2026-09-11T13:24:02,"(21.39033768, -157.74165640)"
FRLAV004,move to,LOC_중앙킬존남측,2026-09-11T13:24:02,"(21.39033144, -157.74155679)"
FRAHS001,FFE-on-Location,LOC_적포병진지,2026-09-11T13:24:02,"(21.39112388, -157.73719220)"
FRT69001,move to,LOC_남측제1방어선,2026-09-11T13:24:02,"(21.38111470, -157.74664224)"
FRT69006,move to,LOC_남측제1방어선,2026-09-11T13:24:02,"(21.38088920, -157.74654269)"
FRTRK2004,move to,LOC_남측제1방어선,2026-09-11T13:24:04,"(21.38717479, -157.74441489)"
FRTRK1003,move to,LOC_남측제1방어선,2026-09-11T13:24:04,"(21.38734468, -157.74452301)"
FRTRK2001,move to,LOC_남측제1방어선,2026-09-11T13:24:04,"(21.38730039, -157.74451637)"
FRTRK2002,move to,LOC_남측제1방어선,2026-09-11T13:24:04,"(21.38725318, -157.74448454)"
FRTRK2003,move to,LOC_남측제1방어선,2026-09-11T13:24:04,"(21.38713699, -157.74435983)"
FRTRK1001,move to,LOC_남측제1방어선,2026-09-11T13:24:04,"(21.38743675, -157.74455144)"
FRTRK1005,move to,LOC_남측제1방어선,2026-09-11T13:24:04,"(21.38721218, -157.74442858)"
FRTRK1002,move to,LOC_남측제1방어선,2026-09-11T13:24:04,"(21.38739109, -157.74454034)"
FRTRK1004,move to,LOC_남측제1방어선,2026-09-11T13:24:04,"(21.38709195, -157.74435124)"
FRLAV002,move to,LOC_중앙킬존남측,2026-09-11T13:24:04,"(21.39026842, -157.74138259)"
FRLAV001,move to,LOC_중앙킬존남측,2026-09-11T13:24:04,"(21.39020036, -157.74131525)"
FRLAV003,move to,LOC_중앙킬존남측,2026-09-11T13:24:04,"(21.39027226, -157.74148421)"
FRLAV005,move to,LOC_중앙킬존남측,2026-09-11T13:24:04,"(21.39033528, -157.74165761)"
FRLAV004,move to,LOC_중앙킬존남측,2026-09-11T13:24:04,"(21.39033198, -157.74155652)"
FRAHS001,FFE-on-Location,LOC_적포병진지,2026-09-11T13:24:04,"(21.39112388, -157.73719220)"
FRT69001,move to,LOC_남측제1방어선,2026-09-11T13:24:04,"(21.38127307, -157.74656427)"
FRT69006,move to,LOC_남측제1방어선,2026-09-11T13:24:04,"(21.38105095, -157.74664645)"
ENBTR80004,move to,LOC_적북측접근로,2026-09-11T13:24:04,"(21.37819922, -157.74149607)"
ENBTR60003,move to,LOC_북측예비방어선,2026-09-11T13:24:04,"(21.37793236, -157.74179084)"
FRT69010,move to,LOC_목표A남측,2026-09-11T13:24:04,"(21.38085912, -157.74650833)"
FRTRK2004,move to,LOC_남측제1방어선,2026-09-11T13:24:05,"(21.38717479, -157.74441489)"
FRTRK1003,move to,LOC_남측제1방어선,2026-09-11T13:24:05,"(21.38734468, -157.74452301)"
FRTRK2001,move to,LOC_남측제1방어선,2026-09-11T13:24:05,"(21.38730039, -157.74451637)"
FRTRK2002,move to,LOC_남측제1방어선,2026-09-11T13:24:05,"(21.38725318, -157.74448454)"
FRTRK2003,move to,LOC_남측제1방어선,2026-09-11T13:24:05,"(21.38713699, -157.74435983)"
FRTRK1001,move to,LOC_남측제1방어선,2026-09-11T13:24:05,"(21.38743675, -157.74455144)"
FRTRK1005,move to,LOC_남측제1방어선,2026-09-11T13:24:05,"(21.38721218, -157.74442858)"
FRTRK1002,move to,LOC_남측제1방어선,2026-09-11T13:24:05,"(21.38739109, -157.74454034)"
FRTRK1004,move to,LOC_남측제1방어선,2026-09-11T13:24:05,"(21.38709195, -157.74435124)"
FRLAV002,move to,LOC_중앙킬존남측,2026-09-11T13:24:05,"(21.39026842, -157.74138259)"
FRLAV001,move to,LOC_중앙킬존남측,2026-09-11T13:24:05,"(21.39020036, -157.74131525)"
FRLAV003,move to,LOC_중앙킬존남측,2026-09-11T13:24:05,"(21.39027226, -157.74148421)"
FRLAV005,move to,LOC_중앙킬존남측,2026-09-11T13:24:05,"(21.39033528, -157.74165761)"
FRLAV004,move to,LOC_중앙킬존남측,2026-09-11T13:24:05,"(21.39033198, -157.74155652)"
FRAHS001,FFE-on-Location,LOC_적포병진지,2026-09-11T13:24:05,"(21.39112388, -157.73719220)"
FRT69001,move to,LOC_남측제1방어선,2026-09-11T13:24:05,"(21.38127307, -157.74656427)"
FRT69006,move to,LOC_남측제1방어선,2026-09-11T13:24:05,"(21.38105095, -157.74664645)"
ENBTR80004,move to,LOC_적북측접근로,2026-09-11T13:24:05,"(21.37819922, -157.74149607)"
ENBTR60003,move to,LOC_북측예비방어선,2026-09-11T13:24:05,"(21.37793236, -157.74179084)"
FRT69010,move to,LOC_목표A남측,2026-09-11T13:24:05,"(21.38085912, -157.74650833)"
FRTRK2004,move to,LOC_남측제1방어선,2026-09-11T13:24:06,"(21.38717254, -157.74439292)"
FRTRK1003,move to,LOC_남측제1방어선,2026-09-11T13:24:06,"(21.38734419, -157.74451931)"
FRTRK2001,move to,LOC_남측제1방어선,2026-09-11T13:24:06,"(21.38729819, -157.74449859)"
FRTRK2002,move to,LOC_남측제1방어선,2026-09-11T13:24:06,"(21.38725281, -157.74448135)"
FRTRK2003,move to,LOC_남측제1방어선,2026-09-11T13:24:06,"(21.38713592, -157.74434881)"
FRTRK1001,move to,LOC_남측제1방어선,2026-09-11T13:24:06,"(21.38743729, -157.74455504)"
FRTRK1005,move to,LOC_남측제1방어선,2026-09-11T13:24:06,"(21.38721123, -157.74441991)"
FRTRK1002,move to,LOC_남측제1방어선,2026-09-11T13:24:06,"(21.38739256, -157.74455088)"
FRTRK1004,move to,LOC_남측제1방어선,2026-09-11T13:24:06,"(21.38709379, -157.74437210)"
FRLAV002,move to,LOC_중앙킬존남측,2026-09-11T13:24:06,"(21.39026804, -157.74138279)"
FRLAV001,move to,LOC_중앙킬존남측,2026-09-11T13:24:06,"(21.39020204, -157.74131434)"
FRLAV003,move to,LOC_중앙킬존남측,2026-09-11T13:24:06,"(21.39027228, -157.74148420)"
FRLAV005,move to,LOC_중앙킬존남측,2026-09-11T13:24:06,"(21.39033629, -157.74165710)"
FRLAV004,move to,LOC_중앙킬존남측,2026-09-11T13:24:06,"(21.39033252, -157.74155624)"
FRAHS001,FFE-on-Location,LOC_적포병진지,2026-09-11T13:24:06,"(21.39112388, -157.73719220)"
FRT69001,move to,LOC_남측제1방어선,2026-09-11T13:24:06,"(21.38138567, -157.74640978)"
FRT69006,move to,LOC_남측제1방어선,2026-09-11T13:24:06,"(21.38123072, -157.74659859)"
ENBTR80004,move to,LOC_적북측접근로,2026-09-11T13:24:06,"(21.37800425, -157.74150299)"
ENBTR60003,move to,LOC_북측예비방어선,2026-09-11T13:24:06,"(21.37774396, -157.74184529)"
FRT69010,move to,LOC_목표A남측,2026-09-11T13:24:06,"(21.38094020, -157.74672051)"
ENT72007,move to,LOC_중앙킬존남측,2026-09-11T13:24:06,"(21.38065637, -157.74579377)"
FRTRK2004,move to,LOC_남측제1방어선,2026-09-11T13:24:07,"(21.38717047, -157.74437272)"
FRTRK1003,move to,LOC_남측제1방어선,2026-09-11T13:24:07,"(21.38734531, -157.74452776)"
FRTRK2001,move to,LOC_남측제1방어선,2026-09-11T13:24:07,"(21.38729810, -157.74449788)"
FRTRK2002,move to,LOC_남측제1방어선,2026-09-11T13:24:07,"(21.38725327, -157.74448527)"
FRTRK2003,move to,LOC_남측제1방어선,2026-09-11T13:24:07,"(21.38713669, -157.74435672)"
FRTRK1001,move to,LOC_남측제1방어선,2026-09-11T13:24:07,"(21.38743619, -157.74454765)"
FRTRK1005,move to,LOC_남측제1방어선,2026-09-11T13:24:07,"(21.38721047, -157.74441296)"
FRTRK1002,move to,LOC_남측제1방어선,2026-09-11T13:24:07,"(21.38739249, -157.74455034)"
FRTRK1004,move to,LOC_남측제1방어선,2026-09-11T13:24:07,"(21.38709503, -157.74438620)"
FRLAV002,move to,LOC_중앙킬존남측,2026-09-11T13:24:07,"(21.39026790, -157.74138287)"
FRLAV001,move to,LOC_중앙킬존남측,2026-09-11T13:24:07,"(21.39020363, -157.74131347)"
FRLAV003,move to,LOC_중앙킬존남측,2026-09-11T13:24:07,"(21.39027065, -157.74148505)"
FRLAV005,move to,LOC_중앙킬존남측,2026-09-11T13:24:07,"(21.39033795, -157.74165627)"
FRLAV004,move to,LOC_중앙킬존남측,2026-09-11T13:24:07,"(21.39033297, -157.74155601)"
FRAHS001,FFE-on-Location,LOC_적포병진지,2026-09-11T13:24:07,"(21.39112388, -157.73719220)"
FRT69001,move to,LOC_남측제1방어선,2026-09-11T13:24:07,"(21.38149776, -157.74625286)"
FRT69006,move to,LOC_남측제1방어선,2026-09-11T13:24:07,"(21.38134590, -157.74645877)"
ENBTR80004,move to,LOC_적북측접근로,2026-09-11T13:24:07,"(21.37782131, -157.74150949)"
ENBTR60003,move to,LOC_북측예비방어선,2026-09-11T13:24:07,"(21.37756704, -157.74189642)"
FRT69010,move to,LOC_목표A남측,2026-09-11T13:24:07,"(21.38100521, -157.74689064)"
FRTRK2004,move to,LOC_남측제1방어선,2026-09-11T13:24:09,"(21.38717047, -157.74437272)"
FRTRK1003,move to,LOC_남측제1방어선,2026-09-11T13:24:09,"(21.38734531, -157.74452776)"
FRTRK2001,move to,LOC_남측제1방어선,2026-09-11T13:24:09,"(21.38729810, -157.74449788)"
FRTRK2002,move to,LOC_남측제1방어선,2026-09-11T13:24:09,"(21.38725327, -157.74448527)"
FRTRK2003,move to,LOC_남측제1방어선,2026-09-11T13:24:09,"(21.38713669, -157.74435672)"
FRTRK1001,move to,LOC_남측제1방어선,2026-09-11T13:24:09,"(21.38743619, -157.74454765)"
FRTRK1005,move to,LOC_남측제1방어선,2026-09-11T13:24:09,"(21.38721047, -157.74441296)"
FRTRK1002,move to,LOC_남측제1방어선,2026-09-11T13:24:09,"(21.38739249, -157.74455034)"
FRTRK1004,move to,LOC_남측제1방어선,2026-09-11T13:24:09,"(21.38709503, -157.74438620)"
FRLAV002,move to,LOC_중앙킬존남측,2026-09-11T13:24:09,"(21.39026790, -157.74138287)"
FRLAV001,move to,LOC_중앙킬존남측,2026-09-11T13:24:09,"(21.39020363, -157.74131347)"
FRLAV003,move to,LOC_중앙킬존남측,2026-09-11T13:24:09,"(21.39027065, -157.74148505)"
FRLAV005,move to,LOC_중앙킬존남측,2026-09-11T13:24:09,"(21.39033795, -157.74165627)"
FRLAV004,move to,LOC_중앙킬존남측,2026-09-11T13:24:09,"(21.39033297, -157.74155601)"
FRAHS001,FFE-on-Location,LOC_적포병진지,2026-09-11T13:24:09,"(21.39112388, -157.73719220)"
FRT69001,move to,LOC_남측제1방어선,2026-09-11T13:24:09,"(21.38149776, -157.74625286)"
FRT69006,move to,LOC_남측제1방어선,2026-09-11T13:24:09,"(21.38134590, -157.74645877)"
ENBTR80004,move to,LOC_적북측접근로,2026-09-11T13:24:09,"(21.37782131, -157.74150949)"
ENBTR60003,move to,LOC_북측예비방어선,2026-09-11T13:24:09,"(21.37756704, -157.74189642)"
FRT69010,move to,LOC_목표A남측,2026-09-11T13:24:09,"(21.38100521, -157.74689064)"
FRTRK2004,move to,LOC_남측제1방어선,2026-09-11T13:24:10,"(21.38716922, -157.74436055)"
FRTRK1003,move to,LOC_남측제1방어선,2026-09-11T13:24:10,"(21.38734707, -157.74454119)"
FRTRK2001,move to,LOC_남측제1방어선,2026-09-11T13:24:10,"(21.38729970, -157.74451083)"
FRTRK2002,move to,LOC_남측제1방어선,2026-09-11T13:24:10,"(21.38725448, -157.74449581)"
FRTRK2003,move to,LOC_남측제1방어선,2026-09-11T13:24:10,"(21.38713849, -157.74437544)"
FRTRK1001,move to,LOC_남측제1방어선,2026-09-11T13:24:10,"(21.38743448, -157.74453606)"
FRTRK1005,move to,LOC_남측제1방어선,2026-09-11T13:24:10,"(21.38720976, -157.74440643)"
FRTRK1002,move to,LOC_남측제1방어선,2026-09-11T13:24:10,"(21.38739107, -157.74454019)"
FRTRK1004,move to,LOC_남측제1방어선,2026-09-11T13:24:10,"(21.38709518, -157.74438790)"
FRLAV002,move to,LOC_중앙킬존남측,2026-09-11T13:24:10,"(21.39026795, -157.74138284)"
FRLAV001,move to,LOC_중앙킬존남측,2026-09-11T13:24:10,"(21.39020142, -157.74131467)"
FRLAV003,move to,LOC_중앙킬존남측,2026-09-11T13:24:10,"(21.39027143, -157.74148464)"
FRLAV005,move to,LOC_중앙킬존남측,2026-09-11T13:24:10,"(21.39033453, -157.74165798)"
FRLAV004,move to,LOC_중앙킬존남측,2026-09-11T13:24:10,"(21.39033338, -157.74155580)"
FRAHS001,FFE-on-Location,LOC_적포병진지,2026-09-11T13:24:10,"(21.39112388, -157.73719220)"
FRT69001,move to,LOC_남측제1방어선,2026-09-11T13:24:10,"(21.38161058, -157.74609491)"
FRT69006,move to,LOC_남측제1방어선,2026-09-11T13:24:10,"(21.38145832, -157.74630154)"
ENBTR80004,move to,LOC_적북측접근로,2026-09-11T13:24:10,"(21.37763371, -157.74151615)"
ENBTR60003,move to,LOC_북측예비방어선,2026-09-11T13:24:10,"(21.37738606, -157.74194872)"
FRT69010,move to,LOC_목표A남측,2026-09-11T13:24:10,"(21.38107867, -157.74708288)"
ENCAESAR002,move to,LOC_북측예비방어선,2026-09-11T13:24:10,"(21.37347271, -157.73954896)"
ENCAESAR003,move to,LOC_적북측접근로,2026-09-11T13:24:10,"(21.37202551, -157.73921143)"
FRTRK2004,move to,LOC_남측제1방어선,2026-09-11T13:24:11,"(21.38716922, -157.74436055)"
FRTRK1003,move to,LOC_남측제1방어선,2026-09-11T13:24:11,"(21.38734707, -157.74454119)"
FRTRK2001,move to,LOC_남측제1방어선,2026-09-11T13:24:11,"(21.38729970, -157.74451083)"
FRTRK2002,move to,LOC_남측제1방어선,2026-09-11T13:24:11,"(21.38725448, -157.74449581)"
FRTRK2003,move to,LOC_남측제1방어선,2026-09-11T13:24:11,"(21.38713849, -157.74437544)"
FRTRK1001,move to,LOC_남측제1방어선,2026-09-11T13:24:11,"(21.38743448, -157.74453606)"
FRTRK1005,move to,LOC_남측제1방어선,2026-09-11T13:24:11,"(21.38720976, -157.74440643)"
FRTRK1002,move to,LOC_남측제1방어선,2026-09-11T13:24:11,"(21.38739107, -157.74454019)"
FRTRK1004,move to,LOC_남측제1방어선,2026-09-11T13:24:11,"(21.38709518, -157.74438790)"
FRLAV002,move to,LOC_중앙킬존남측,2026-09-11T13:24:11,"(21.39026795, -157.74138284)"
FRLAV001,move to,LOC_중앙킬존남측,2026-09-11T13:24:11,"(21.39020142, -157.74131467)"
FRLAV003,move to,LOC_중앙킬존남측,2026-09-11T13:24:11,"(21.39027143, -157.74148464)"
FRLAV005,move to,LOC_중앙킬존남측,2026-09-11T13:24:11,"(21.39033453, -157.74165798)"
FRLAV004,move to,LOC_중앙킬존남측,2026-09-11T13:24:11,"(21.39033338, -157.74155580)"
FRAHS001,FFE-on-Location,LOC_적포병진지,2026-09-11T13:24:11,"(21.39112388, -157.73719220)"
FRT69001,move to,LOC_남측제1방어선,2026-09-11T13:24:11,"(21.38161058, -157.74609491)"
FRT69006,move to,LOC_남측제1방어선,2026-09-11T13:24:11,"(21.38145832, -157.74630154)"
ENBTR80004,move to,LOC_적북측접근로,2026-09-11T13:24:11,"(21.37763371, -157.74151615)"
ENBTR60003,move to,LOC_북측예비방어선,2026-09-11T13:24:11,"(21.37738606, -157.74194872)"
FRT69010,move to,LOC_목표A남측,2026-09-11T13:24:11,"(21.38107867, -157.74708288)"
ENCAESAR002,move to,LOC_북측예비방어선,2026-09-11T13:24:11,"(21.37347271, -157.73954896)"
ENCAESAR003,move to,LOC_적북측접근로,2026-09-11T13:24:11,"(21.37202551, -157.73921143)"
FRTRK2004,move to,LOC_남측제1방어선,2026-09-11T13:24:12,"(21.38716947, -157.74436297)"
FRTRK1003,move to,LOC_남측제1방어선,2026-09-11T13:24:12,"(21.38734812, -157.74454910)"
FRTRK2001,move to,LOC_남측제1방어선,2026-09-11T13:24:12,"(21.38730228, -157.74453170)"
FRTRK2002,move to,LOC_남측제1방어선,2026-09-11T13:24:12,"(21.38725625, -157.74451108)"
FRTRK2003,move to,LOC_남측제1방어선,2026-09-11T13:24:12,"(21.38713987, -157.74438975)"
FRTRK1001,move to,LOC_남측제1방어선,2026-09-11T13:24:12,"(21.38743358, -157.74452996)"
FRTRK1005,move to,LOC_남측제1방어선,2026-09-11T13:24:12,"(21.38720913, -157.74440064)"
FRTRK1002,move to,LOC_남측제1방어선,2026-09-11T13:24:12,"(21.38738960, -157.74452967)"
FRTRK1004,move to,LOC_남측제1방어선,2026-09-11T13:24:12,"(21.38709426, -157.74437746)"
FRLAV002,move to,LOC_중앙킬존남측,2026-09-11T13:24:12,"(21.39026819, -157.74138271)"
FRLAV001,move to,LOC_중앙킬존남측,2026-09-11T13:24:12,"(21.39020161, -157.74131457)"
FRLAV003,move to,LOC_중앙킬존남측,2026-09-11T13:24:12,"(21.39027273, -157.74148396)"
FRLAV005,move to,LOC_중앙킬존남측,2026-09-11T13:24:12,"(21.39033559, -157.74165745)"
FRLAV004,move to,LOC_중앙킬존남측,2026-09-11T13:24:12,"(21.39033372, -157.74155563)"
FRAHS001,FFE-on-Location,LOC_적포병진지,2026-09-11T13:24:12,"(21.39112388, -157.73719220)"
FRT69001,move to,LOC_남측제1방어선,2026-09-11T13:24:12,"(21.38172053, -157.74594100)"
FRT69006,move to,LOC_남측제1방어선,2026-09-11T13:24:12,"(21.38156709, -157.74614940)"
ENBTR80004,move to,LOC_적북측접근로,2026-09-11T13:24:12,"(21.37745349, -157.74152255)"
ENBTR60003,move to,LOC_북측예비방어선,2026-09-11T13:24:12,"(21.37721211, -157.74199899)"
FRT69010,move to,LOC_목표A남측,2026-09-11T13:24:12,"(21.38114525, -157.74725713)"
ENCAESAR002,move to,LOC_북측예비방어선,2026-09-11T13:24:12,"(21.37346761, -157.73974137)"
ENCAESAR003,move to,LOC_적북측접근로,2026-09-11T13:24:12,"(21.37197471, -157.73939621)"
ENGAZ002,move to,LOC_북측예비방어선,2026-09-11T13:24:12,"(21.37324161, -157.74301773)"
FRTRK2004,move to,LOC_남측제1방어선,2026-09-11T13:24:13,"(21.38716947, -157.74436297)"
FRTRK1003,move to,LOC_남측제1방어선,2026-09-11T13:24:13,"(21.38734812, -157.74454910)"
FRTRK2001,move to,LOC_남측제1방어선,2026-09-11T13:24:13,"(21.38730228, -157.74453170)"
FRTRK2002,move to,LOC_남측제1방어선,2026-09-11T13:24:13,"(21.38725625, -157.74451108)"
FRTRK2003,move to,LOC_남측제1방어선,2026-09-11T13:24:13,"(21.38713987, -157.74438975)"
FRTRK1001,move to,LOC_남측제1방어선,2026-09-11T13:24:13,"(21.38743358, -157.74452996)"
FRTRK1005,move to,LOC_남측제1방어선,2026-09-11T13:24:13,"(21.38720913, -157.74440064)"
FRTRK1002,move to,LOC_남측제1방어선,2026-09-11T13:24:13,"(21.38738960, -157.74452967)"
FRTRK1004,move to,LOC_남측제1방어선,2026-09-11T13:24:13,"(21.38709426, -157.74437746)"
FRLAV002,move to,LOC_중앙킬존남측,2026-09-11T13:24:13,"(21.39026819, -157.74138271)"
FRLAV001,move to,LOC_중앙킬존남측,2026-09-11T13:24:13,"(21.39020161, -157.74131457)"
FRLAV003,move to,LOC_중앙킬존남측,2026-09-11T13:24:13,"(21.39027273, -157.74148396)"
FRLAV005,move to,LOC_중앙킬존남측,2026-09-11T13:24:13,"(21.39033559, -157.74165745)"
FRLAV004,move to,LOC_중앙킬존남측,2026-09-11T13:24:13,"(21.39033372, -157.74155563)"
FRAHS001,FFE-on-Location,LOC_적포병진지,2026-09-11T13:24:13,"(21.39112388, -157.73719220)"
FRT69001,move to,LOC_남측제1방어선,2026-09-11T13:24:13,"(21.38172053, -157.74594100)"
FRT69006,move to,LOC_남측제1방어선,2026-09-11T13:24:13,"(21.38156709, -157.74614940)"
ENBTR80004,move to,LOC_적북측접근로,2026-09-11T13:24:13,"(21.37745349, -157.74152255)"
ENBTR60003,move to,LOC_북측예비방어선,2026-09-11T13:24:13,"(21.37721211, -157.74199899)"
FRT69010,move to,LOC_목표A남측,2026-09-11T13:24:13,"(21.38114525, -157.74725713)"
ENCAESAR002,move to,LOC_북측예비방어선,2026-09-11T13:24:13,"(21.37346761, -157.73974137)"
ENCAESAR003,move to,LOC_적북측접근로,2026-09-11T13:24:13,"(21.37197471, -157.73939621)"
ENGAZ002,move to,LOC_북측예비방어선,2026-09-11T13:24:13,"(21.37324161, -157.74301773)"
FRTRK2004,move to,LOC_남측제1방어선,2026-09-11T13:24:14,"(21.38717097, -157.74437761)"
FRTRK1003,move to,LOC_남측제1방어선,2026-09-11T13:24:14,"(21.38734781, -157.74454679)"
FRTRK2001,move to,LOC_남측제1방어선,2026-09-11T13:24:14,"(21.38730444, -157.74454915)"
FRTRK2002,move to,LOC_남측제1방어선,2026-09-11T13:24:14,"(21.38725850, -157.74453054)"
FRTRK2003,move to,LOC_남측제1방어선,2026-09-11T13:24:14,"(21.38714023, -157.74439347)"
FRTRK1001,move to,LOC_남측제1방어선,2026-09-11T13:24:14,"(21.38743411, -157.74453354)"
FRTRK1005,move to,LOC_남측제1방어선,2026-09-11T13:24:14,"(21.38720849, -157.74439479)"
FRTRK1002,move to,LOC_남측제1방어선,2026-09-11T13:24:14,"(21.38738912, -157.74452625)"
FRTRK1004,move to,LOC_남측제1방어선,2026-09-11T13:24:14,"(21.38709290, -157.74436202)"
FRLAV001,move to,LOC_중앙킬존남측,2026-09-11T13:24:14,"(21.39020212, -157.74131429)"
FRLAV003,move to,LOC_중앙킬존남측,2026-09-11T13:24:14,"(21.39027074, -157.74148500)"
FRLAV005,move to,LOC_중앙킬존남측,2026-09-11T13:24:14,"(21.39033738, -157.74165655)"
FRAHS001,FFE-on-Location,LOC_적포병진지,2026-09-11T13:24:14,"(21.39112388, -157.73719220)"
FRT69001,move to,LOC_남측제1방어선,2026-09-11T13:24:14,"(21.38184262, -157.74577008)"
FRT69006,move to,LOC_남측제1방어선,2026-09-11T13:24:14,"(21.38168467, -157.74598496)"
ENBTR80004,move to,LOC_적북측접근로,2026-09-11T13:24:14,"(21.37725940, -157.74152944)"
ENBTR60003,move to,LOC_북측예비방어선,2026-09-11T13:24:14,"(21.37702438, -157.74205325)"
FRT69010,move to,LOC_목표A남측,2026-09-11T13:24:14,"(21.38121945, -157.74745131)"
ENCAESAR002,move to,LOC_북측예비방어선,2026-09-11T13:24:14,"(21.37346213, -157.73994759)"
ENCAESAR003,move to,LOC_적북측접근로,2026-09-11T13:24:14,"(21.37192041, -157.73959378)"
ENGAZ002,move to,LOC_북측예비방어선,2026-09-11T13:24:14,"(21.37327791, -157.74304149)"
ENGAZ001,move to,LOC_적전방방어선후방,2026-09-11T13:24:14,"(21.37272086, -157.74319372)"
ENGAZ003,move to,LOC_적전방방어선후방,2026-09-11T13:24:14,"(21.37283421, -157.74331203)"
ENGAZ004,move to,LOC_북측예비방어선,2026-09-11T13:24:14,"(21.37257093, -157.74258059)"
ENM35003,move to,LOC_적북측접근로,2026-09-11T13:24:14,"(21.37135794, -157.74162277)"
FRTRK2004,move to,LOC_남측제1방어선,2026-09-11T13:24:15,"(21.38717097, -157.74437761)"
FRTRK1003,move to,LOC_남측제1방어선,2026-09-11T13:24:15,"(21.38734781, -157.74454679)"
FRTRK2001,move to,LOC_남측제1방어선,2026-09-11T13:24:15,"(21.38730444, -157.74454915)"
FRTRK2002,move to,LOC_남측제1방어선,2026-09-11T13:24:15,"(21.38725850, -157.74453054)"
FRTRK2003,move to,LOC_남측제1방어선,2026-09-11T13:24:15,"(21.38714023, -157.74439347)"
FRTRK1001,move to,LOC_남측제1방어선,2026-09-11T13:24:15,"(21.38743411, -157.74453354)"
FRTRK1005,move to,LOC_남측제1방어선,2026-09-11T13:24:15,"(21.38720849, -157.74439479)"
FRTRK1002,move to,LOC_남측제1방어선,2026-09-11T13:24:15,"(21.38738912, -157.74452625)"
FRTRK1004,move to,LOC_남측제1방어선,2026-09-11T13:24:15,"(21.38709290, -157.74436202)"
FRLAV001,move to,LOC_중앙킬존남측,2026-09-11T13:24:15,"(21.39020212, -157.74131429)"
FRLAV003,move to,LOC_중앙킬존남측,2026-09-11T13:24:15,"(21.39027074, -157.74148500)"
FRLAV005,move to,LOC_중앙킬존남측,2026-09-11T13:24:15,"(21.39033738, -157.74165655)"
FRAHS001,FFE-on-Location,LOC_적포병진지,2026-09-11T13:24:15,"(21.39112388, -157.73719220)"
FRT69001,move to,LOC_남측제1방어선,2026-09-11T13:24:15,"(21.38184262, -157.74577008)"
FRT69006,move to,LOC_남측제1방어선,2026-09-11T13:24:15,"(21.38168467, -157.74598496)"
ENBTR80004,move to,LOC_적북측접근로,2026-09-11T13:24:15,"(21.37725940, -157.74152944)"
ENBTR60003,move to,LOC_북측예비방어선,2026-09-11T13:24:15,"(21.37702438, -157.74205325)"
FRT69010,move to,LOC_목표A남측,2026-09-11T13:24:15,"(21.38121945, -157.74745131)"
ENCAESAR002,move to,LOC_북측예비방어선,2026-09-11T13:24:15,"(21.37346213, -157.73994759)"
ENCAESAR003,move to,LOC_적북측접근로,2026-09-11T13:24:15,"(21.37192041, -157.73959378)"
ENGAZ002,move to,LOC_북측예비방어선,2026-09-11T13:24:15,"(21.37327791, -157.74304149)"
ENGAZ001,move to,LOC_적전방방어선후방,2026-09-11T13:24:15,"(21.37272086, -157.74319372)"
ENGAZ003,move to,LOC_적전방방어선후방,2026-09-11T13:24:15,"(21.37283421, -157.74331203)"
ENGAZ004,move to,LOC_북측예비방어선,2026-09-11T13:24:15,"(21.37257093, -157.74258059)"
ENM35003,move to,LOC_적북측접근로,2026-09-11T13:24:15,"(21.37135794, -157.74162277)"
FRTRK2004,move to,LOC_남측제1방어선,2026-09-11T13:24:16,"(21.38717239, -157.74439147)"
FRTRK1003,move to,LOC_남측제1방어선,2026-09-11T13:24:16,"(21.38734645, -157.74453647)"
FRTRK2001,move to,LOC_남측제1방어선,2026-09-11T13:24:16,"(21.38730473, -157.74455152)"
FRTRK2002,move to,LOC_남측제1방어선,2026-09-11T13:24:16,"(21.38726003, -157.74454370)"
FRTRK2003,move to,LOC_남측제1방어선,2026-09-11T13:24:16,"(21.38713953, -157.74438622)"
FRTRK1001,move to,LOC_남측제1방어선,2026-09-11T13:24:16,"(21.38743557, -157.74454341)"
FRTRK1005,move to,LOC_남측제1방어선,2026-09-11T13:24:16,"(21.38720788, -157.74438923)"
FRTRK1002,move to,LOC_남측제1방어선,2026-09-11T13:24:16,"(21.38739002, -157.74453268)"
FRTRK1004,move to,LOC_남측제1방어선,2026-09-11T13:24:16,"(21.38709211, -157.74435300)"
FRLAV001,move to,LOC_중앙킬존남측,2026-09-11T13:24:16,"(21.39020291, -157.74131386)"
FRAHS001,FFE-on-Location,LOC_적포병진지,2026-09-11T13:24:16,"(21.39112388, -157.73719220)"
FRT69001,move to,LOC_남측제1방어선,2026-09-11T13:24:16,"(21.38195481, -157.74561302)"
FRT69006,move to,LOC_남측제1방어선,2026-09-11T13:24:16,"(21.38180242, -157.74582025)"
ENBTR80004,move to,LOC_적북측접근로,2026-09-11T13:24:16,"(21.37707496, -157.74153599)"
ENBTR60003,move to,LOC_북측예비방어선,2026-09-11T13:24:16,"(21.37684656, -157.74210464)"
FRT69010,move to,LOC_목표A남측,2026-09-11T13:24:16,"(21.38128774, -157.74763001)"
ENCAESAR002,move to,LOC_북측예비방어선,2026-09-11T13:24:16,"(21.37345686, -157.74014638)"
ENCAESAR003,move to,LOC_적북측접근로,2026-09-11T13:24:16,"(21.37186862, -157.73978217)"
ENGAZ001,move to,LOC_적전방방어선후방,2026-09-11T13:24:16,"(21.37282685, -157.74330292)"
ENGAZ003,move to,LOC_적전방방어선후방,2026-09-11T13:24:16,"(21.37294329, -157.74342404)"
ENGAZ004,move to,LOC_북측예비방어선,2026-09-11T13:24:16,"(21.37273466, -157.74268738)"
ENM35003,move to,LOC_적북측접근로,2026-09-11T13:24:16,"(21.37135780, -157.74162339)"
FRTRK2004,move to,LOC_남측제1방어선,2026-09-11T13:24:18,"(21.38717307, -157.74439812)"
FRTRK1003,move to,LOC_남측제1방어선,2026-09-11T13:24:18,"(21.38734522, -157.74452710)"
FRTRK2001,move to,LOC_남측제1방어선,2026-09-11T13:24:18,"(21.38730346, -157.74454119)"
FRTRK2002,move to,LOC_남측제1방어선,2026-09-11T13:24:18,"(21.38726032, -157.74454622)"
FRTRK2003,move to,LOC_남측제1방어선,2026-09-11T13:24:18,"(21.38713829, -157.74437330)"
FRTRK1001,move to,LOC_남측제1방어선,2026-09-11T13:24:18,"(21.38743668, -157.74455091)"
FRTRK1005,move to,LOC_남측제1방어선,2026-09-11T13:24:18,"(21.38720735, -157.74438436)"
FRTRK1002,move to,LOC_남측제1방어선,2026-09-11T13:24:18,"(21.38739134, -157.74454216)"
FRTRK1004,move to,LOC_남측제1방어선,2026-09-11T13:24:18,"(21.38709216, -157.74435359)"
FRT69001,move to,LOC_남측제1방어선,2026-09-11T13:24:18,"(21.38205570, -157.74547178)"
FRT69006,move to,LOC_남측제1방어선,2026-09-11T13:24:18,"(21.38190396, -157.74567823)"
ENBTR80004,move to,LOC_적북측접근로,2026-09-11T13:24:18,"(21.37690545, -157.74154201)"
ENBTR60003,move to,LOC_북측예비방어선,2026-09-11T13:24:18,"(21.37668410, -157.74215159)"
FRT69010,move to,LOC_목표A남측,2026-09-11T13:24:18,"(21.38135319, -157.74780131)"
ENCAESAR002,move to,LOC_북측예비방어선,2026-09-11T13:24:18,"(21.37345202, -157.74032852)"
ENCAESAR003,move to,LOC_적북측접근로,2026-09-11T13:24:18,"(21.37182143, -157.73995383)"
ENGAZ001,move to,LOC_적전방방어선후방,2026-09-11T13:24:18,"(21.37292595, -157.74340502)"
ENGAZ003,move to,LOC_적전방방어선후방,2026-09-11T13:24:18,"(21.37303597, -157.74351921)"
ENGAZ004,move to,LOC_북측예비방어선,2026-09-11T13:24:18,"(21.37287656, -157.74277993)"
FRTRK2004,move to,LOC_남측제1방어선,2026-09-11T13:24:18,"(21.38717307, -157.74439812)"
FRTRK1003,move to,LOC_남측제1방어선,2026-09-11T13:24:18,"(21.38734522, -157.74452710)"
FRTRK2001,move to,LOC_남측제1방어선,2026-09-11T13:24:18,"(21.38730346, -157.74454119)"
FRTRK2002,move to,LOC_남측제1방어선,2026-09-11T13:24:18,"(21.38726032, -157.74454622)"
FRTRK2003,move to,LOC_남측제1방어선,2026-09-11T13:24:18,"(21.38713829, -157.74437330)"
FRTRK1001,move to,LOC_남측제1방어선,2026-09-11T13:24:18,"(21.38743668, -157.74455091)"
FRTRK1005,move to,LOC_남측제1방어선,2026-09-11T13:24:18,"(21.38720735, -157.74438436)"
FRTRK1002,move to,LOC_남측제1방어선,2026-09-11T13:24:18,"(21.38739134, -157.74454216)"
FRTRK1004,move to,LOC_남측제1방어선,2026-09-11T13:24:18,"(21.38709216, -157.74435359)"
FRT69001,move to,LOC_남측제1방어선,2026-09-11T13:24:18,"(21.38205570, -157.74547178)"
FRT69006,move to,LOC_남측제1방어선,2026-09-11T13:24:18,"(21.38190396, -157.74567823)"
ENBTR80004,move to,LOC_적북측접근로,2026-09-11T13:24:18,"(21.37690545, -157.74154201)"
ENBTR60003,move to,LOC_북측예비방어선,2026-09-11T13:24:18,"(21.37668410, -157.74215159)"
FRT69010,move to,LOC_목표A남측,2026-09-11T13:24:18,"(21.38135319, -157.74780131)"
ENCAESAR002,move to,LOC_북측예비방어선,2026-09-11T13:24:18,"(21.37345202, -157.74032852)"
ENCAESAR003,move to,LOC_적북측접근로,2026-09-11T13:24:18,"(21.37182143, -157.73995383)"
ENGAZ001,move to,LOC_적전방방어선후방,2026-09-11T13:24:18,"(21.37292595, -157.74340502)"
ENGAZ003,move to,LOC_적전방방어선후방,2026-09-11T13:24:18,"(21.37303597, -157.74351921)"
ENGAZ004,move to,LOC_북측예비방어선,2026-09-11T13:24:18,"(21.37287656, -157.74277993)"
FRTRK2004,move to,LOC_남측제1방어선,2026-09-11T13:24:19,"(21.38717319, -157.74439929)"
FRTRK1003,move to,LOC_남측제1방어선,2026-09-11T13:24:19,"(21.38734476, -157.74452362)"
FRTRK2001,move to,LOC_남측제1방어선,2026-09-11T13:24:19,"(21.38730138, -157.74452437)"
FRTRK2002,move to,LOC_남측제1방어선,2026-09-11T13:24:19,"(21.38725927, -157.74453719)"
FRTRK2003,move to,LOC_남측제1방어선,2026-09-11T13:24:19,"(21.38713712, -157.74436117)"
FRTRK1001,move to,LOC_남측제1방어선,2026-09-11T13:24:19,"(21.38743676, -157.74455150)"
FRTRK1005,move to,LOC_남측제1방어선,2026-09-11T13:24:19,"(21.38720706, -157.74438172)"
FRTRK1002,move to,LOC_남측제1방어선,2026-09-11T13:24:19,"(21.38739227, -157.74454879)"
FRTRK1004,move to,LOC_남측제1방어선,2026-09-11T13:24:19,"(21.38709306, -157.74436382)"
FRT69001,move to,LOC_남측제1방어선,2026-09-11T13:24:19,"(21.38217446, -157.74530552)"
FRT69006,move to,LOC_남측제1방어선,2026-09-11T13:24:19,"(21.38202419, -157.74551008)"
ENBTR80004,move to,LOC_적북측접근로,2026-09-11T13:24:19,"(21.37670837, -157.74154901)"
ENBTR60003,move to,LOC_북측예비방어선,2026-09-11T13:24:19,"(21.37649481, -157.74220629)"
FRT69010,move to,LOC_목표A남측,2026-09-11T13:24:19,"(21.38142804, -157.74799717)"
ENCAESAR002,move to,LOC_북측예비방어선,2026-09-11T13:24:19,"(21.37344640, -157.74054055)"
ENCAESAR003,move to,LOC_적북측접근로,2026-09-11T13:24:19,"(21.37176797, -157.74014829)"
ENGAZ001,move to,LOC_적전방방어선후방,2026-09-11T13:24:19,"(21.37303790, -157.74352035)"
ENGAZ003,move to,LOC_적전방방어선후방,2026-09-11T13:24:19,"(21.37314682, -157.74363304)"
ENGAZ004,move to,LOC_북측예비방어선,2026-09-11T13:24:19,"(21.37304563, -157.74289020)"
FRTRK2004,move to,LOC_남측제1방어선,2026-09-11T13:24:20,"(21.38717319, -157.74439929)"
FRTRK1003,move to,LOC_남측제1방어선,2026-09-11T13:24:20,"(21.38734476, -157.74452362)"
FRTRK2001,move to,LOC_남측제1방어선,2026-09-11T13:24:20,"(21.38730138, -157.74452437)"
FRTRK2002,move to,LOC_남측제1방어선,2026-09-11T13:24:20,"(21.38725927, -157.74453719)"
FRTRK2003,move to,LOC_남측제1방어선,2026-09-11T13:24:20,"(21.38713712, -157.74436117)"
FRTRK1001,move to,LOC_남측제1방어선,2026-09-11T13:24:20,"(21.38743676, -157.74455150)"
FRTRK1005,move to,LOC_남측제1방어선,2026-09-11T13:24:20,"(21.38720706, -157.74438172)"
FRTRK1002,move to,LOC_남측제1방어선,2026-09-11T13:24:20,"(21.38739227, -157.74454879)"
FRTRK1004,move to,LOC_남측제1방어선,2026-09-11T13:24:20,"(21.38709306, -157.74436382)"
FRT69001,move to,LOC_남측제1방어선,2026-09-11T13:24:20,"(21.38217446, -157.74530552)"
FRT69006,move to,LOC_남측제1방어선,2026-09-11T13:24:20,"(21.38202419, -157.74551008)"
ENBTR80004,move to,LOC_적북측접근로,2026-09-11T13:24:20,"(21.37670837, -157.74154901)"
ENBTR60003,move to,LOC_북측예비방어선,2026-09-11T13:24:20,"(21.37649481, -157.74220629)"
FRT69010,move to,LOC_목표A남측,2026-09-11T13:24:20,"(21.38142804, -157.74799717)"
ENCAESAR002,move to,LOC_북측예비방어선,2026-09-11T13:24:20,"(21.37344640, -157.74054055)"
ENCAESAR003,move to,LOC_적북측접근로,2026-09-11T13:24:20,"(21.37176797, -157.74014829)"
ENGAZ001,move to,LOC_적전방방어선후방,2026-09-11T13:24:20,"(21.37303790, -157.74352035)"
ENGAZ003,move to,LOC_적전방방어선후방,2026-09-11T13:24:20,"(21.37314682, -157.74363304)"
ENGAZ004,move to,LOC_북측예비방어선,2026-09-11T13:24:20,"(21.37304563, -157.74289020)"
FRTRK2004,move to,LOC_남측제1방어선,2026-09-11T13:24:21,"(21.38717319, -157.74439929)"
FRTRK1003,move to,LOC_남측제1방어선,2026-09-11T13:24:21,"(21.38734476, -157.74452362)"
FRTRK2001,move to,LOC_남측제1방어선,2026-09-11T13:24:21,"(21.38730138, -157.74452437)"
FRTRK2002,move to,LOC_남측제1방어선,2026-09-11T13:24:21,"(21.38725927, -157.74453719)"
FRTRK2003,move to,LOC_남측제1방어선,2026-09-11T13:24:21,"(21.38713712, -157.74436117)"
FRTRK1001,move to,LOC_남측제1방어선,2026-09-11T13:24:21,"(21.38743676, -157.74455150)"
FRTRK1005,move to,LOC_남측제1방어선,2026-09-11T13:24:21,"(21.38720706, -157.74438172)"
FRTRK1002,move to,LOC_남측제1방어선,2026-09-11T13:24:21,"(21.38739227, -157.74454879)"
FRTRK1004,move to,LOC_남측제1방어선,2026-09-11T13:24:21,"(21.38709306, -157.74436382)"
FRT69001,move to,LOC_남측제1방어선,2026-09-11T13:24:21,"(21.38217446, -157.74530552)"
FRT69006,move to,LOC_남측제1방어선,2026-09-11T13:24:21,"(21.38202419, -157.74551008)"
ENBTR80004,move to,LOC_적북측접근로,2026-09-11T13:24:21,"(21.37670837, -157.74154901)"
ENBTR60003,move to,LOC_북측예비방어선,2026-09-11T13:24:21,"(21.37649481, -157.74220629)"
FRT69010,move to,LOC_목표A남측,2026-09-11T13:24:21,"(21.38142804, -157.74799717)"
ENCAESAR002,move to,LOC_북측예비방어선,2026-09-11T13:24:21,"(21.37344640, -157.74054055)"
ENCAESAR003,move to,LOC_적북측접근로,2026-09-11T13:24:21,"(21.37176797, -157.74014829)"
ENGAZ001,move to,LOC_적전방방어선후방,2026-09-11T13:24:21,"(21.37303790, -157.74352035)"
ENGAZ003,move to,LOC_적전방방어선후방,2026-09-11T13:24:21,"(21.37314682, -157.74363304)"
ENGAZ004,move to,LOC_북측예비방어선,2026-09-11T13:24:21,"(21.37304563, -157.74289020)"
FRTRK2004,move to,LOC_남측제1방어선,2026-09-11T13:24:22,"(21.38717269, -157.74439443)"
FRTRK1003,move to,LOC_남측제1방어선,2026-09-11T13:24:22,"(21.38734553, -157.74452947)"
FRTRK2001,move to,LOC_남측제1방어선,2026-09-11T13:24:22,"(21.38730026, -157.74451535)"
FRTRK2002,move to,LOC_남측제1방어선,2026-09-11T13:24:22,"(21.38725768, -157.74452338)"
FRTRK2003,move to,LOC_남측제1방어선,2026-09-11T13:24:22,"(21.38713698, -157.74435981)"
FRTRK1001,move to,LOC_남측제1방어선,2026-09-11T13:24:22,"(21.38743566, -157.74454407)"
FRTRK1005,move to,LOC_남측제1방어선,2026-09-11T13:24:22,"(21.38720731, -157.74438402)"
FRTRK1002,move to,LOC_남측제1방어선,2026-09-11T13:24:22,"(21.38739192, -157.74454626)"
FRTRK1004,move to,LOC_남측제1방어선,2026-09-11T13:24:22,"(21.38709409, -157.74437548)"
FRT69001,move to,LOC_남측제1방어선,2026-09-11T13:24:22,"(21.38228829, -157.74514617)"
FRT69006,move to,LOC_남측제1방어선,2026-09-11T13:24:22,"(21.38213386, -157.74535668)"
ENBTR80004,move to,LOC_적북측접근로,2026-09-11T13:24:22,"(21.37652291, -157.74155560)"
ENBTR60003,move to,LOC_북측예비방어선,2026-09-11T13:24:22,"(21.37631566, -157.74225807)"
FRT69010,move to,LOC_목표A남측,2026-09-11T13:24:22,"(21.38149850, -157.74818157)"
ENCAESAR002,move to,LOC_북측예비방어선,2026-09-11T13:24:22,"(21.37344108, -157.74074090)"
ENCAESAR003,move to,LOC_적북측접근로,2026-09-11T13:24:22,"(21.37171573, -157.74033834)"
ENGAZ004,move to,LOC_북측예비방어선,2026-09-11T13:24:22,"(21.37320256, -157.74299256)"
ENGAZ002,move to,LOC_적전방방어선후방,2026-09-11T13:24:22,"(21.37339463, -157.74314176)"
FRTRK2004,move to,LOC_남측제1방어선,2026-09-11T13:24:23,"(21.38717269, -157.74439443)"
FRTRK1003,move to,LOC_남측제1방어선,2026-09-11T13:24:23,"(21.38734553, -157.74452947)"
FRTRK2001,move to,LOC_남측제1방어선,2026-09-11T13:24:23,"(21.38730026, -157.74451535)"
FRTRK2002,move to,LOC_남측제1방어선,2026-09-11T13:24:23,"(21.38725768, -157.74452338)"
FRTRK2003,move to,LOC_남측제1방어선,2026-09-11T13:24:23,"(21.38713698, -157.74435981)"
FRTRK1001,move to,LOC_남측제1방어선,2026-09-11T13:24:23,"(21.38743566, -157.74454407)"
FRTRK1005,move to,LOC_남측제1방어선,2026-09-11T13:24:23,"(21.38720731, -157.74438402)"
FRTRK1002,move to,LOC_남측제1방어선,2026-09-11T13:24:23,"(21.38739192, -157.74454626)"
FRTRK1004,move to,LOC_남측제1방어선,2026-09-11T13:24:23,"(21.38709409, -157.74437548)"
FRT69001,move to,LOC_남측제1방어선,2026-09-11T13:24:23,"(21.38228829, -157.74514617)"
FRT69006,move to,LOC_남측제1방어선,2026-09-11T13:24:23,"(21.38213386, -157.74535668)"
ENBTR80004,move to,LOC_적북측접근로,2026-09-11T13:24:23,"(21.37652291, -157.74155560)"
ENBTR60003,move to,LOC_북측예비방어선,2026-09-11T13:24:23,"(21.37631566, -157.74225807)"
FRT69010,move to,LOC_목표A남측,2026-09-11T13:24:23,"(21.38149850, -157.74818157)"
ENCAESAR002,move to,LOC_북측예비방어선,2026-09-11T13:24:23,"(21.37344108, -157.74074090)"
ENCAESAR003,move to,LOC_적북측접근로,2026-09-11T13:24:23,"(21.37171573, -157.74033834)"
ENGAZ004,move to,LOC_북측예비방어선,2026-09-11T13:24:23,"(21.37320256, -157.74299256)"
ENGAZ002,move to,LOC_적전방방어선후방,2026-09-11T13:24:23,"(21.37339463, -157.74314176)"
FRTRK2004,move to,LOC_남측제1방어선,2026-09-11T13:24:24,"(21.38717163, -157.74438407)"
FRTRK1003,move to,LOC_남측제1방어선,2026-09-11T13:24:24,"(21.38734685, -157.74453948)"
FRTRK2001,move to,LOC_남측제1방어선,2026-09-11T13:24:24,"(21.38730060, -157.74451808)"
FRTRK2002,move to,LOC_남측제1방어선,2026-09-11T13:24:24,"(21.38725645, -157.74451278)"
FRTRK2003,move to,LOC_남측제1방어선,2026-09-11T13:24:24,"(21.38713785, -157.74436875)"
FRTRK1001,move to,LOC_남측제1방어선,2026-09-11T13:24:24,"(21.38743436, -157.74453526)"
FRTRK1005,move to,LOC_남측제1방어선,2026-09-11T13:24:24,"(21.38720788, -157.74438925)"
FRTRK1002,move to,LOC_남측제1방어선,2026-09-11T13:24:24,"(21.38739067, -157.74453738)"
FRTRK1004,move to,LOC_남측제1방어선,2026-09-11T13:24:24,"(21.38709463, -157.74438170)"
FRT69001,move to,LOC_남측제1방어선,2026-09-11T13:24:24,"(21.38240342, -157.74498499)"
FRT69006,move to,LOC_남측제1방어선,2026-09-11T13:24:24,"(21.38224881, -157.74519591)"
ENBTR80004,move to,LOC_적북측접근로,2026-09-11T13:24:24,"(21.37633524, -157.74156226)"
ENBTR60003,move to,LOC_북측예비방어선,2026-09-11T13:24:24,"(21.37613329, -157.74231077)"
FRT69010,move to,LOC_목표A남측,2026-09-11T13:24:24,"(21.38156944, -157.74836722)"
ENCAESAR002,move to,LOC_북측예비방어선,2026-09-11T13:24:24,"(21.37343584, -157.74093824)"
ENCAESAR003,move to,LOC_적북측접근로,2026-09-11T13:24:24,"(21.37166229, -157.74053275)"
ENGAZ004,move to,LOC_북측예비방어선,2026-09-11T13:24:24,"(21.37324004, -157.74301701)"
ENGAZ002,move to,LOC_적전방방어선후방,2026-09-11T13:24:24,"(21.37338118, -157.74324456)"
FRTRK2004,move to,LOC_남측제1방어선,2026-09-11T13:24:25,"(21.38717163, -157.74438407)"
FRTRK1003,move to,LOC_남측제1방어선,2026-09-11T13:24:25,"(21.38734685, -157.74453948)"
FRTRK2001,move to,LOC_남측제1방어선,2026-09-11T13:24:25,"(21.38730060, -157.74451808)"
FRTRK2002,move to,LOC_남측제1방어선,2026-09-11T13:24:25,"(21.38725645, -157.74451278)"
FRTRK2003,move to,LOC_남측제1방어선,2026-09-11T13:24:25,"(21.38713785, -157.74436875)"
FRTRK1001,move to,LOC_남측제1방어선,2026-09-11T13:24:25,"(21.38743436, -157.74453526)"
FRTRK1005,move to,LOC_남측제1방어선,2026-09-11T13:24:25,"(21.38720788, -157.74438925)"
FRTRK1002,move to,LOC_남측제1방어선,2026-09-11T13:24:25,"(21.38739067, -157.74453738)"
FRTRK1004,move to,LOC_남측제1방어선,2026-09-11T13:24:25,"(21.38709463, -157.74438170)"
FRT69001,move to,LOC_남측제1방어선,2026-09-11T13:24:25,"(21.38240342, -157.74498499)"
FRT69006,move to,LOC_남측제1방어선,2026-09-11T13:24:25,"(21.38224881, -157.74519591)"
ENBTR80004,move to,LOC_적북측접근로,2026-09-11T13:24:25,"(21.37633524, -157.74156226)"
ENBTR60003,move to,LOC_북측예비방어선,2026-09-11T13:24:25,"(21.37613329, -157.74231077)"
FRT69010,move to,LOC_목표A남측,2026-09-11T13:24:25,"(21.38156944, -157.74836722)"
ENCAESAR002,move to,LOC_북측예비방어선,2026-09-11T13:24:25,"(21.37343584, -157.74093824)"
ENCAESAR003,move to,LOC_적북측접근로,2026-09-11T13:24:25,"(21.37166229, -157.74053275)"
ENGAZ004,move to,LOC_북측예비방어선,2026-09-11T13:24:25,"(21.37324004, -157.74301701)"
ENGAZ002,move to,LOC_적전방방어선후방,2026-09-11T13:24:25,"(21.37338118, -157.74324456)"
FRT69001,move to,LOC_남측제1방어선,2026-09-11T13:24:26,"(21.38251802, -157.74482456)"
FRT69006,move to,LOC_남측제1방어선,2026-09-11T13:24:26,"(21.38236741, -157.74503002)"
ENBTR80004,move to,LOC_적북측접근로,2026-09-11T13:24:26,"(21.37614638, -157.74156897)"
ENBTR60003,move to,LOC_북측예비방어선,2026-09-11T13:24:26,"(21.37594779, -157.74236438)"
FRT69010,move to,LOC_목표A남측,2026-09-11T13:24:26,"(21.38164101, -157.74855451)"
ENCAESAR002,move to,LOC_북측예비방어선,2026-09-11T13:24:26,"(21.37343046, -157.74114124)"
ENCAESAR003,move to,LOC_적북측접근로,2026-09-11T13:24:26,"(21.37160857, -157.74072818)"
ENGAZ002,move to,LOC_적전방방어선후방,2026-09-11T13:24:26,"(21.37336083, -157.74336440)"
ENM35001,move to,LOC_적북측접근로,2026-09-11T13:24:26,"(21.37135441, -157.74163770)"
FRT69001,move to,LOC_남측제1방어선,2026-09-11T13:24:27,"(21.38251802, -157.74482456)"
FRT69006,move to,LOC_남측제1방어선,2026-09-11T13:24:27,"(21.38236741, -157.74503002)"
ENBTR80004,move to,LOC_적북측접근로,2026-09-11T13:24:27,"(21.37614638, -157.74156897)"
ENBTR60003,move to,LOC_북측예비방어선,2026-09-11T13:24:27,"(21.37594779, -157.74236438)"
FRT69010,move to,LOC_목표A남측,2026-09-11T13:24:27,"(21.38164101, -157.74855451)"
ENCAESAR002,move to,LOC_북측예비방어선,2026-09-11T13:24:27,"(21.37343046, -157.74114124)"
ENCAESAR003,move to,LOC_적북측접근로,2026-09-11T13:24:27,"(21.37160857, -157.74072818)"
ENGAZ002,move to,LOC_적전방방어선후방,2026-09-11T13:24:27,"(21.37336083, -157.74336440)"
ENM35001,move to,LOC_적북측접근로,2026-09-11T13:24:27,"(21.37135441, -157.74163770)"
FRT69001,move to,LOC_남측제1방어선,2026-09-11T13:24:28,"(21.38262106, -157.74468031)"
FRT69006,move to,LOC_남측제1방어선,2026-09-11T13:24:28,"(21.38247176, -157.74488408)"
ENBTR80004,move to,LOC_적북측접근로,2026-09-11T13:24:28,"(21.37597335, -157.74157511)"
ENBTR60003,move to,LOC_북측예비방어선,2026-09-11T13:24:28,"(21.37577682, -157.74241379)"
FRT69010,move to,LOC_목표A남측,2026-09-11T13:24:28,"(21.38170595, -157.74872447)"
ENCAESAR002,move to,LOC_북측예비방어선,2026-09-11T13:24:28,"(21.37342549, -157.74132814)"
ENCAESAR003,move to,LOC_적북측접근로,2026-09-11T13:24:28,"(21.37155977, -157.74090568)"
ENGAZ002,move to,LOC_적전방방어선후방,2026-09-11T13:24:28,"(21.37334232, -157.74347338)"
ENM35001,move to,LOC_적북측접근로,2026-09-11T13:24:28,"(21.37135422, -157.74163850)"
FRT69001,move to,LOC_남측제1방어선,2026-09-11T13:24:29,"(21.38262106, -157.74468031)"
FRT69006,move to,LOC_남측제1방어선,2026-09-11T13:24:29,"(21.38247176, -157.74488408)"
ENBTR80004,move to,LOC_적북측접근로,2026-09-11T13:24:29,"(21.37597335, -157.74157511)"
ENBTR60003,move to,LOC_북측예비방어선,2026-09-11T13:24:29,"(21.37577682, -157.74241379)"
FRT69010,move to,LOC_목표A남측,2026-09-11T13:24:29,"(21.38170595, -157.74872447)"
ENCAESAR002,move to,LOC_북측예비방어선,2026-09-11T13:24:29,"(21.37342549, -157.74132814)"
ENCAESAR003,move to,LOC_적북측접근로,2026-09-11T13:24:29,"(21.37155977, -157.74090568)"
ENGAZ002,move to,LOC_적전방방어선후방,2026-09-11T13:24:29,"(21.37334232, -157.74347338)"
ENM35001,move to,LOC_적북측접근로,2026-09-11T13:24:29,"(21.37135422, -157.74163850)"
FRT69001,move to,LOC_남측제1방어선,2026-09-11T13:24:30,"(21.38273000, -157.74452780)"
FRT69006,move to,LOC_남측제1방어선,2026-09-11T13:24:30,"(21.38258229, -157.74472947)"
ENBTR80004,move to,LOC_적북측접근로,2026-09-11T13:24:30,"(21.37578974, -157.74158164)"
ENBTR60003,move to,LOC_북측예비방어선,2026-09-11T13:24:30,"(21.37560036, -157.74246479)"
FRT69010,move to,LOC_목표A남측,2026-09-11T13:24:30,"(21.38177227, -157.74889802)"
ENCAESAR002,move to,LOC_북측예비방어선,2026-09-11T13:24:30,"(21.37342035, -157.74152186)"
ENCAESAR003,move to,LOC_적북측접근로,2026-09-11T13:24:30,"(21.37150928, -157.74108937)"
ENGAZ002,move to,LOC_적전방방어선후방,2026-09-11T13:24:30,"(21.37332454, -157.74357812)"
FRT69001,move to,LOC_남측제1방어선,2026-09-11T13:24:32,"(21.38273000, -157.74452780)"
FRT69006,move to,LOC_남측제1방어선,2026-09-11T13:24:32,"(21.38258229, -157.74472947)"
ENBTR80004,move to,LOC_적북측접근로,2026-09-11T13:24:32,"(21.37578974, -157.74158164)"
ENBTR60003,move to,LOC_북측예비방어선,2026-09-11T13:24:32,"(21.37560036, -157.74246479)"
FRT69010,move to,LOC_목표A남측,2026-09-11T13:24:32,"(21.38177227, -157.74889802)"
ENCAESAR002,move to,LOC_북측예비방어선,2026-09-11T13:24:32,"(21.37342035, -157.74152186)"
ENCAESAR003,move to,LOC_적북측접근로,2026-09-11T13:24:32,"(21.37150928, -157.74108937)"
ENGAZ002,move to,LOC_적전방방어선후방,2026-09-11T13:24:32,"(21.37332454, -157.74357812)"
FRT69006,move to,LOC_남측제1방어선,2026-09-11T13:24:33,"(21.38270682, -157.74455529)"
ENBTR80004,move to,LOC_적북측접근로,2026-09-11T13:24:33,"(21.37558236, -157.74158900)"
ENBTR60003,move to,LOC_북측예비방어선,2026-09-11T13:24:33,"(21.37540855, -157.74252022)"
FRT69010,move to,LOC_목표A남측,2026-09-11T13:24:33,"(21.38184997, -157.74910136)"
ENCAESAR002,move to,LOC_북측예비방어선,2026-09-11T13:24:33,"(21.37341455, -157.74174051)"
ENCAESAR003,move to,LOC_적북측접근로,2026-09-11T13:24:33,"(21.37145126, -157.74130043)"
ENGAZ002,move to,LOC_적전방방어선후방,2026-09-11T13:24:33,"(21.37332239, -157.74359075)"
ENM35003,move to,LOC_적북측접근로,2026-09-11T13:24:33,"(21.37135708, -157.74162642)"
FRT69006,move to,LOC_남측제1방어선,2026-09-11T13:24:34,"(21.38270682, -157.74455529)"
ENBTR80004,move to,LOC_적북측접근로,2026-09-11T13:24:34,"(21.37558236, -157.74158900)"
ENBTR60003,move to,LOC_북측예비방어선,2026-09-11T13:24:34,"(21.37540855, -157.74252022)"
FRT69010,move to,LOC_목표A남측,2026-09-11T13:24:34,"(21.38184997, -157.74910136)"
ENCAESAR002,move to,LOC_북측예비방어선,2026-09-11T13:24:34,"(21.37341455, -157.74174051)"
ENCAESAR003,move to,LOC_적북측접근로,2026-09-11T13:24:34,"(21.37145126, -157.74130043)"
ENGAZ002,move to,LOC_적전방방어선후방,2026-09-11T13:24:34,"(21.37332239, -157.74359075)"
ENM35003,move to,LOC_적북측접근로,2026-09-11T13:24:34,"(21.37135708, -157.74162642)"
FRT69006,move to,LOC_남측제1방어선,2026-09-11T13:24:35,"(21.38281210, -157.74440804)"
ENBTR80004,move to,LOC_적북측접근로,2026-09-11T13:24:35,"(21.37540450, -157.74159532)"
ENBTR60003,move to,LOC_북측예비방어선,2026-09-11T13:24:35,"(21.37523703, -157.74256979)"
FRT69010,move to,LOC_목표A남측,2026-09-11T13:24:35,"(21.38191833, -157.74928028)"
ENCAESAR002,move to,LOC_북측예비방어선,2026-09-11T13:24:35,"(21.37340959, -157.74192749)"
ENCAESAR003,move to,LOC_적북측접근로,2026-09-11T13:24:35,"(21.37140090, -157.74148362)"
ENGAZ002,move to,LOC_적전방방어선후방,2026-09-11T13:24:35,"(21.37331548, -157.74363147)"
ENM35003,move to,LOC_적북측접근로,2026-09-11T13:24:35,"(21.37135981, -157.74161486)"
ENBTR80004,move to,LOC_적북측접근로,2026-09-11T13:24:36,"(21.37522406, -157.74160172)"
ENBTR60003,move to,LOC_북측예비방어선,2026-09-11T13:24:36,"(21.37506241, -157.74262025)"
FRT69010,move to,LOC_목표A남측,2026-09-11T13:24:36,"(21.38198743, -157.74946110)"
ENCAESAR002,move to,LOC_북측예비방어선,2026-09-11T13:24:36,"(21.37340444, -157.74212139)"
ENGAZ002,move to,LOC_적전방방어선후방,2026-09-11T13:24:36,"(21.37330913, -157.74366886)"
ENGAZ004,move to,LOC_적전방방어선후방,2026-09-11T13:24:36,"(21.37338082, -157.74323759)"
ENBTR80004,move to,LOC_적북측접근로,2026-09-11T13:24:37,"(21.37522406, -157.74160172)"
ENBTR60003,move to,LOC_북측예비방어선,2026-09-11T13:24:37,"(21.37506241, -157.74262025)"
FRT69010,move to,LOC_목표A남측,2026-09-11T13:24:37,"(21.38198743, -157.74946110)"
ENCAESAR002,move to,LOC_북측예비방어선,2026-09-11T13:24:37,"(21.37340444, -157.74212139)"
ENGAZ002,move to,LOC_적전방방어선후방,2026-09-11T13:24:37,"(21.37330913, -157.74366886)"
ENGAZ004,move to,LOC_적전방방어선후방,2026-09-11T13:24:37,"(21.37338082, -157.74323759)"
ENBTR80004,move to,LOC_적북측접근로,2026-09-11T13:24:38,"(21.37505361, -157.74160778)"
ENBTR60003,move to,LOC_북측예비방어선,2026-09-11T13:24:38,"(21.37489635, -157.74266824)"
FRT69010,move to,LOC_목표A남측,2026-09-11T13:24:38,"(21.38205241, -157.74963114)"
ENCAESAR002,move to,LOC_북측예비방어선,2026-09-11T13:24:38,"(21.37339956, -157.74230537)"
ENGAZ002,move to,LOC_적전방방어선후방,2026-09-11T13:24:38,"(21.37330212, -157.74371014)"
ENGAZ004,move to,LOC_적전방방어선후방,2026-09-11T13:24:38,"(21.37336261, -157.74334669)"
ENBTR80004,move to,LOC_적북측접근로,2026-09-11T13:24:39,"(21.37505361, -157.74160778)"
ENBTR60003,move to,LOC_북측예비방어선,2026-09-11T13:24:39,"(21.37489635, -157.74266824)"
FRT69010,move to,LOC_목표A남측,2026-09-11T13:24:39,"(21.38205241, -157.74963114)"
ENCAESAR002,move to,LOC_북측예비방어선,2026-09-11T13:24:39,"(21.37339956, -157.74230537)"
ENGAZ002,move to,LOC_적전방방어선후방,2026-09-11T13:24:39,"(21.37330212, -157.74371014)"
ENGAZ004,move to,LOC_적전방방어선후방,2026-09-11T13:24:39,"(21.37336261, -157.74334669)"
ENBTR80004,move to,LOC_적북측접근로,2026-09-11T13:24:40,"(21.37486787, -157.74161437)"
ENBTR60003,move to,LOC_북측예비방어선,2026-09-11T13:24:40,"(21.37471522, -157.74272059)"
FRT69010,move to,LOC_목표A남측,2026-09-11T13:24:40,"(21.38212288, -157.74981556)"
ENCAESAR002,move to,LOC_북측예비방어선,2026-09-11T13:24:40,"(21.37339428, -157.74250420)"
ENGAZ002,move to,LOC_적전방방어선후방,2026-09-11T13:24:40,"(21.37329536, -157.74374994)"
ENGAZ004,move to,LOC_적전방방어선후방,2026-09-11T13:24:40,"(21.37334261, -157.74346647)"
FRM109002,move to,LOC_중앙킬존남측,2026-09-11T13:24:40,"(21.38876150, -157.74985781)"
ENBTR80004,move to,LOC_적북측접근로,2026-09-11T13:24:41,"(21.37486787, -157.74161437)"
ENBTR60003,move to,LOC_북측예비방어선,2026-09-11T13:24:41,"(21.37471522, -157.74272059)"
FRT69010,move to,LOC_목표A남측,2026-09-11T13:24:41,"(21.38212288, -157.74981556)"
ENCAESAR002,move to,LOC_북측예비방어선,2026-09-11T13:24:41,"(21.37339428, -157.74250420)"
ENGAZ002,move to,LOC_적전방방어선후방,2026-09-11T13:24:41,"(21.37329536, -157.74374994)"
ENGAZ004,move to,LOC_적전방방어선후방,2026-09-11T13:24:41,"(21.37334261, -157.74346647)"
FRM109002,move to,LOC_중앙킬존남측,2026-09-11T13:24:41,"(21.38876150, -157.74985781)"
ENBTR80004,move to,LOC_적북측접근로,2026-09-11T13:24:42,"(21.37467611, -157.74162118)"
ENBTR60003,move to,LOC_북측예비방어선,2026-09-11T13:24:42,"(21.37453045, -157.74277398)"
FRT69010,move to,LOC_목표A남측,2026-09-11T13:24:42,"(21.38219575, -157.75000626)"
ENCAESAR002,move to,LOC_북측예비방어선,2026-09-11T13:24:42,"(21.37338889, -157.74270727)"
ENGAZ004,move to,LOC_적전방방어선후방,2026-09-11T13:24:42,"(21.37332373, -157.74357951)"
FRM109002,move to,LOC_중앙킬존남측,2026-09-11T13:24:42,"(21.38858351, -157.74978041)"
ENCAESAR003,move to,LOC_적북측접근로,2026-09-11T13:24:42,"(21.37134799, -157.74167554)"
ENBTR80004,move to,LOC_적북측접근로,2026-09-11T13:24:43,"(21.37467611, -157.74162118)"
ENBTR60003,move to,LOC_북측예비방어선,2026-09-11T13:24:43,"(21.37453045, -157.74277398)"
FRT69010,move to,LOC_목표A남측,2026-09-11T13:24:43,"(21.38219575, -157.75000626)"
ENCAESAR002,move to,LOC_북측예비방어선,2026-09-11T13:24:43,"(21.37338889, -157.74270727)"
ENGAZ004,move to,LOC_적전방방어선후방,2026-09-11T13:24:43,"(21.37332373, -157.74357951)"
FRM109002,move to,LOC_중앙킬존남측,2026-09-11T13:24:43,"(21.38858351, -157.74978041)"
ENCAESAR003,move to,LOC_적북측접근로,2026-09-11T13:24:43,"(21.37134799, -157.74167554)"
ENBTR80004,move to,LOC_적북측접근로,2026-09-11T13:24:44,"(21.37448613, -157.74162793)"
ENBTR60003,move to,LOC_북측예비방어선,2026-09-11T13:24:44,"(21.37434924, -157.74282635)"
FRT69010,move to,LOC_목표A남측,2026-09-11T13:24:44,"(21.38226660, -157.75019170)"
ENCAESAR002,move to,LOC_북측예비방어선,2026-09-11T13:24:44,"(21.37338361, -157.74290285)"
ENGAZ004,move to,LOC_적전방방어선후방,2026-09-11T13:24:44,"(21.37332346, -157.74358110)"
FRM109002,move to,LOC_중앙킬존남측,2026-09-11T13:24:44,"(21.38840710, -157.74970369)"
ENBTR80004,move to,LOC_적북측접근로,2026-09-11T13:24:45,"(21.37448613, -157.74162793)"
ENBTR60003,move to,LOC_북측예비방어선,2026-09-11T13:24:45,"(21.37434924, -157.74282635)"
FRT69010,move to,LOC_목표A남측,2026-09-11T13:24:45,"(21.38226660, -157.75019170)"
ENCAESAR002,move to,LOC_북측예비방어선,2026-09-11T13:24:45,"(21.37338361, -157.74290285)"
ENGAZ004,move to,LOC_적전방방어선후방,2026-09-11T13:24:45,"(21.37332346, -157.74358110)"
FRM109002,move to,LOC_중앙킬존남측,2026-09-11T13:24:45,"(21.38840710, -157.74970369)"
ENBTR80004,move to,LOC_적북측접근로,2026-09-11T13:24:46,"(21.37431097, -157.74163415)"
ENBTR60003,move to,LOC_북측예비방어선,2026-09-11T13:24:46,"(21.37417882, -157.74287560)"
FRT69010,move to,LOC_목표A남측,2026-09-11T13:24:46,"(21.38233321, -157.75036601)"
ENCAESAR002,move to,LOC_북측예비방어선,2026-09-11T13:24:46,"(21.37338284, -157.74293105)"
ENGAZ004,move to,LOC_적전방방어선후방,2026-09-11T13:24:46,"(21.37331785, -157.74361472)"
FRM109002,move to,LOC_중앙킬존남측,2026-09-11T13:24:46,"(21.38824505, -157.74963322)"
ENBTR80004,move to,LOC_적북측접근로,2026-09-11T13:24:48,"(21.37431097, -157.74163415)"
ENBTR60003,move to,LOC_북측예비방어선,2026-09-11T13:24:48,"(21.37417882, -157.74287560)"
FRT69010,move to,LOC_목표A남측,2026-09-11T13:24:48,"(21.38233321, -157.75036601)"
ENCAESAR002,move to,LOC_북측예비방어선,2026-09-11T13:24:48,"(21.37338284, -157.74293105)"
ENGAZ004,move to,LOC_적전방방어선후방,2026-09-11T13:24:48,"(21.37331785, -157.74361472)"
FRM109002,move to,LOC_중앙킬존남측,2026-09-11T13:24:48,"(21.38824505, -157.74963322)"
ENBTR80004,move to,LOC_적북측접근로,2026-09-11T13:24:49,"(21.37411949, -157.74164095)"
ENBTR60003,move to,LOC_북측예비방어선,2026-09-11T13:24:49,"(21.37399461, -157.74292884)"
FRT69010,move to,LOC_목표A남측,2026-09-11T13:24:49,"(21.38240557, -157.75055538)"
ENCAESAR002,move to,LOC_북측예비방어선,2026-09-11T13:24:49,"(21.37338221, -157.74295375)"
ENGAZ004,move to,LOC_적전방방어선후방,2026-09-11T13:24:49,"(21.37331136, -157.74365356)"
FRM109002,move to,LOC_중앙킬존남측,2026-09-11T13:24:49,"(21.38806759, -157.74955604)"
ENBTR80004,move to,LOC_적북측접근로,2026-09-11T13:24:50,"(21.37411949, -157.74164095)"
ENBTR60003,move to,LOC_북측예비방어선,2026-09-11T13:24:50,"(21.37399461, -157.74292884)"
FRT69010,move to,LOC_목표A남측,2026-09-11T13:24:50,"(21.38240557, -157.75055538)"
ENCAESAR002,move to,LOC_북측예비방어선,2026-09-11T13:24:50,"(21.37338221, -157.74295375)"
ENGAZ004,move to,LOC_적전방방어선후방,2026-09-11T13:24:50,"(21.37331136, -157.74365356)"
FRM109002,move to,LOC_중앙킬존남측,2026-09-11T13:24:50,"(21.38806759, -157.74955604)"
ENBTR80004,move to,LOC_적북측접근로,2026-09-11T13:24:51,"(21.37393926, -157.74164735)"
ENBTR60003,move to,LOC_북측예비방어선,2026-09-11T13:24:51,"(21.37382146, -157.74297888)"
FRT69010,move to,LOC_목표A남측,2026-09-11T13:24:51,"(21.38247348, -157.75073309)"
ENCAESAR002,move to,LOC_북측예비방어선,2026-09-11T13:24:51,"(21.37338112, -157.74299338)"
ENGAZ004,move to,LOC_적전방방어선후방,2026-09-11T13:24:51,"(21.37330341, -157.74370121)"
FRM109002,move to,LOC_중앙킬존남측,2026-09-11T13:24:51,"(21.38790144, -157.74948379)"
ENBTR80004,move to,LOC_적북측접근로,2026-09-11T13:24:52,"(21.37393926, -157.74164735)"
ENBTR60003,move to,LOC_북측예비방어선,2026-09-11T13:24:52,"(21.37382146, -157.74297888)"
FRT69010,move to,LOC_목표A남측,2026-09-11T13:24:52,"(21.38247348, -157.75073309)"
ENCAESAR002,move to,LOC_북측예비방어선,2026-09-11T13:24:52,"(21.37338112, -157.74299338)"
ENGAZ004,move to,LOC_적전방방어선후방,2026-09-11T13:24:52,"(21.37330341, -157.74370121)"
FRM109002,move to,LOC_중앙킬존남측,2026-09-11T13:24:52,"(21.38790144, -157.74948379)"
ENBTR80004,move to,LOC_적북측접근로,2026-09-11T13:24:53,"(21.37375866, -157.74165377)"
ENBTR60003,move to,LOC_북측예비방어선,2026-09-11T13:24:53,"(21.37364767, -157.74302910)"
FRT69010,move to,LOC_목표A남측,2026-09-11T13:24:53,"(21.38254171, -157.75091166)"
ENCAESAR002,move to,LOC_북측예비방어선,2026-09-11T13:24:53,"(21.37337999, -157.74303475)"
ENGAZ004,move to,LOC_적전방방어선후방,2026-09-11T13:24:53,"(21.37329735, -157.74373750)"
FRM109002,move to,LOC_중앙킬존남측,2026-09-11T13:24:53,"(21.38773469, -157.74941127)"
ENBTR60003,move to,LOC_북측예비방어선,2026-09-11T13:24:55,"(21.37352185, -157.74306546)"
FRT69010,move to,LOC_목표A남측,2026-09-11T13:24:55,"(21.38260851, -157.75108647)"
ENCAESAR002,move to,LOC_북측예비방어선,2026-09-11T13:24:55,"(21.37337904, -157.74306902)"
FRM109002,move to,LOC_중앙킬존남측,2026-09-11T13:24:55,"(21.38757111, -157.74934013)"
FRT69010,move to,LOC_목표A남측,2026-09-11T13:24:56,"(21.38268155, -157.75127761)"
FRM109002,move to,LOC_중앙킬존남측,2026-09-11T13:24:56,"(21.38739102, -157.74926182)"
FRT69010,move to,LOC_목표A남측,2026-09-11T13:24:58,"(21.38268155, -157.75127761)"
FRM109002,move to,LOC_중앙킬존남측,2026-09-11T13:24:58,"(21.38739102, -157.74926182)"
FRT69010,move to,LOC_목표A남측,2026-09-11T13:24:59,"(21.38275250, -157.75146329)"
FRM109002,move to,LOC_중앙킬존남측,2026-09-11T13:24:59,"(21.38720768, -157.74918209)"
FRT69010,move to,LOC_목표A남측,2026-09-11T13:25:01,"(21.38276499, -157.75149597)"
FRM109002,move to,LOC_중앙킬존남측,2026-09-11T13:25:01,"(21.38704017, -157.74910924)"
FRT69010,move to,LOC_목표A남측,2026-09-11T13:25:02,"(21.38276499, -157.75149597)"
FRM109002,move to,LOC_중앙킬존남측,2026-09-11T13:25:02,"(21.38704017, -157.74910924)"
FRT69010,move to,LOC_목표A남측,2026-09-11T13:25:03,"(21.38278136, -157.75153881)"
FRM109002,move to,LOC_중앙킬존남측,2026-09-11T13:25:03,"(21.38688430, -157.74904146)"
FRT69010,move to,LOC_목표A남측,2026-09-11T13:25:05,"(21.38279027, -157.75156217)"
FRM109002,move to,LOC_중앙킬존남측,2026-09-11T13:25:05,"(21.38671354, -157.74896720)"
FRT69010,move to,LOC_목표A남측,2026-09-11T13:25:06,"(21.38279027, -157.75156217)"
FRM109002,move to,LOC_중앙킬존남측,2026-09-11T13:25:06,"(21.38671354, -157.74896720)"
FRM109002,move to,LOC_중앙킬존남측,2026-09-11T13:25:08,"(21.38653939, -157.74889147)"
FRM109002,move to,LOC_중앙킬존남측,2026-09-11T13:25:09,"(21.38635973, -157.74881334)"
FRM109002,move to,LOC_중앙킬존남측,2026-09-11T13:25:10,"(21.38635973, -157.74881334)"
FRM109002,move to,LOC_중앙킬존남측,2026-09-11T13:25:11,"(21.38618588, -157.74873774)"
FRM109002,move to,LOC_중앙킬존남측,2026-09-11T13:25:13,"(21.38603356, -157.74867150)"
FRM109002,move to,LOC_중앙킬존남측,2026-09-11T13:25:14,"(21.38603356, -157.74867150)"
FRM109002,move to,LOC_중앙킬존남측,2026-09-11T13:25:15,"(21.38585665, -157.74859456)"
FRCMD001,move to,LOC_중앙킬존남측,2026-09-11T13:25:15,"(21.38340611, -157.74793721)"
FRM109002,move to,LOC_중앙킬존남측,2026-09-11T13:25:16,"(21.38585665, -157.74859456)"
FRCMD001,move to,LOC_중앙킬존남측,2026-09-11T13:25:16,"(21.38340611, -157.74793721)"
FRM109002,move to,LOC_중앙킬존남측,2026-09-11T13:25:17,"(21.38567791, -157.74851684)"
FRCMD001,move to,LOC_중앙킬존남측,2026-09-11T13:25:17,"(21.38338281, -157.74792337)"
FRM109002,move to,LOC_중앙킬존남측,2026-09-11T13:25:19,"(21.38567791, -157.74851684)"
FRCMD001,move to,LOC_중앙킬존남측,2026-09-11T13:25:19,"(21.38338281, -157.74792337)"
FRM109002,move to,LOC_중앙킬존남측,2026-09-11T13:25:20,"(21.38551459, -157.74844581)"
FRCMD001,move to,LOC_중앙킬존남측,2026-09-11T13:25:20,"(21.38336140, -157.74791065)"
FRM109002,move to,LOC_중앙킬존남측,2026-09-11T13:25:21,"(21.38533768, -157.74836888)"
FRCMD001,move to,LOC_중앙킬존남측,2026-09-11T13:25:21,"(21.38333825, -157.74789690)"
FRM109002,move to,LOC_중앙킬존남측,2026-09-11T13:25:22,"(21.38533768, -157.74836888)"
FRCMD001,move to,LOC_중앙킬존남측,2026-09-11T13:25:22,"(21.38333825, -157.74789690)"
FRM109002,move to,LOC_중앙킬존남측,2026-09-11T13:25:23,"(21.38516383, -157.74829328)"
FRCMD001,move to,LOC_중앙킬존남측,2026-09-11T13:25:23,"(21.38331543, -157.74788334)"
FRM109002,move to,LOC_중앙킬존남측,2026-09-11T13:25:25,"(21.38516383, -157.74829328)"
FRCMD001,move to,LOC_중앙킬존남측,2026-09-11T13:25:25,"(21.38331543, -157.74788334)"
FRM109002,move to,LOC_중앙킬존남측,2026-09-11T13:25:26,"(21.38499693, -157.74822070)"
FRCMD001,move to,LOC_중앙킬존남측,2026-09-11T13:25:26,"(21.38329359, -157.74787037)"
FRM109002,move to,LOC_중앙킬존남측,2026-09-11T13:25:27,"(21.38482769, -157.74814710)"
FRCMD001,move to,LOC_중앙킬존남측,2026-09-11T13:25:27,"(21.38327144, -157.74785721)"
FRM109002,move to,LOC_중앙킬존남측,2026-09-11T13:25:28,"(21.38482769, -157.74814710)"
FRCMD001,move to,LOC_중앙킬존남측,2026-09-11T13:25:28,"(21.38327144, -157.74785721)"
FRM109002,move to,LOC_중앙킬존남측,2026-09-11T13:25:29,"(21.38465843, -157.74807350)"
FRCMD001,move to,LOC_중앙킬존남측,2026-09-11T13:25:29,"(21.38324927, -157.74784404)"
FRM109002,move to,LOC_중앙킬존남측,2026-09-11T13:25:30,"(21.38465843, -157.74807350)"
FRCMD001,move to,LOC_중앙킬존남측,2026-09-11T13:25:30,"(21.38324927, -157.74784404)"
FRM109002,move to,LOC_중앙킬존남측,2026-09-11T13:25:31,"(21.38449830, -157.74800386)"
FRCMD001,move to,LOC_중앙킬존남측,2026-09-11T13:25:31,"(21.38322831, -157.74783159)"
FRM109002,move to,LOC_중앙킬존남측,2026-09-11T13:25:32,"(21.38449830, -157.74800386)"
FRCMD001,move to,LOC_중앙킬존남측,2026-09-11T13:25:32,"(21.38322831, -157.74783159)"
FRM109002,move to,LOC_중앙킬존남측,2026-09-11T13:25:33,"(21.38432019, -157.74792641)"
FRCMD001,move to,LOC_중앙킬존남측,2026-09-11T13:25:33,"(21.38320500, -157.74781774)"
FRM109002,move to,LOC_중앙킬존남측,2026-09-11T13:25:35,"(21.38432019, -157.74792641)"
FRCMD001,move to,LOC_중앙킬존남측,2026-09-11T13:25:35,"(21.38320500, -157.74781774)"
FRM109002,move to,LOC_중앙킬존남측,2026-09-11T13:25:36,"(21.38415511, -157.74785462)"
FRCMD001,move to,LOC_중앙킬존남측,2026-09-11T13:25:36,"(21.38318336, -157.74780489)"
FRM109002,move to,LOC_중앙킬존남측,2026-09-11T13:25:37,"(21.38415511, -157.74785462)"
FRCMD001,move to,LOC_중앙킬존남측,2026-09-11T13:25:37,"(21.38318336, -157.74780489)"
FRM109002,move to,LOC_중앙킬존남측,2026-09-11T13:25:38,"(21.38398193, -157.74777931)"
FRCMD001,move to,LOC_중앙킬존남측,2026-09-11T13:25:38,"(21.38316063, -157.74779139)"
FRM109002,move to,LOC_중앙킬존남측,2026-09-11T13:25:39,"(21.38398193, -157.74777931)"
FRCMD001,move to,LOC_중앙킬존남측,2026-09-11T13:25:39,"(21.38316063, -157.74779139)"
FRM109002,move to,LOC_중앙킬존남측,2026-09-11T13:25:40,"(21.38380977, -157.74770444)"
FRCMD001,move to,LOC_중앙킬존남측,2026-09-11T13:25:40,"(21.38313811, -157.74777801)"
FRSNP002,move to,LOC_적북측접근로,2026-09-11T13:25:40,"(21.38302367, -157.74951192)"
FRM109002,move to,LOC_중앙킬존남측,2026-09-11T13:25:41,"(21.38380977, -157.74770444)"
FRCMD001,move to,LOC_중앙킬존남측,2026-09-11T13:25:41,"(21.38313811, -157.74777801)"
FRSNP002,move to,LOC_적북측접근로,2026-09-11T13:25:41,"(21.38302367, -157.74951192)"
FRM109002,move to,LOC_중앙킬존남측,2026-09-11T13:25:42,"(21.38363238, -157.74762730)"
FRCMD001,move to,LOC_중앙킬존남측,2026-09-11T13:25:42,"(21.38311488, -157.74776421)"
FRSNP002,move to,LOC_적북측접근로,2026-09-11T13:25:42,"(21.38299926, -157.74949570)"
FRSNP006,move to,LOC_적북측접근로,2026-09-11T13:25:42,"(21.38292799, -157.74964864)"
FRSNP004,move to,LOC_적북측접근로,2026-09-11T13:25:42,"(21.38295249, -157.74963020)"
FRSNP003,move to,LOC_적북측접근로,2026-09-11T13:25:42,"(21.38291600, -157.74963465)"
FRM109002,move to,LOC_중앙킬존남측,2026-09-11T13:25:43,"(21.38363238, -157.74762730)"
FRCMD001,move to,LOC_중앙킬존남측,2026-09-11T13:25:43,"(21.38311488, -157.74776421)"
FRSNP002,move to,LOC_적북측접근로,2026-09-11T13:25:43,"(21.38299926, -157.74949570)"
FRSNP006,move to,LOC_적북측접근로,2026-09-11T13:25:43,"(21.38292799, -157.74964864)"
FRSNP004,move to,LOC_적북측접근로,2026-09-11T13:25:43,"(21.38295249, -157.74963020)"
FRSNP003,move to,LOC_적북측접근로,2026-09-11T13:25:43,"(21.38291600, -157.74963465)"
FRM109002,move to,LOC_중앙킬존남측,2026-09-11T13:25:44,"(21.38345770, -157.74755134)"
FRCMD001,move to,LOC_중앙킬존남측,2026-09-11T13:25:44,"(21.38309204, -157.74775064)"
FRSNP006,move to,LOC_적북측접근로,2026-09-11T13:25:44,"(21.38290415, -157.74963239)"
FRSNP004,move to,LOC_적북측접근로,2026-09-11T13:25:44,"(21.38292862, -157.74961400)"
FRSNP003,move to,LOC_적북측접근로,2026-09-11T13:25:44,"(21.38289216, -157.74961840)"
FRM109002,move to,LOC_중앙킬존남측,2026-09-11T13:25:45,"(21.38328576, -157.74747657)"
FRSNP003,move to,LOC_적북측접근로,2026-09-11T13:25:45,"(21.38286869, -157.74960241)"
FRAHS002,move to,LOC_아군후방지휘소,2026-09-11T13:25:45,"(21.39217778, -157.74446559)"
FRM109002,move to,LOC_중앙킬존남측,2026-09-11T13:25:47,"(21.38328576, -157.74747657)"
FRSNP003,move to,LOC_적북측접근로,2026-09-11T13:25:47,"(21.38286869, -157.74960241)"
FRAHS002,move to,LOC_아군후방지휘소,2026-09-11T13:25:47,"(21.39217778, -157.74446559)"
FRM109002,move to,LOC_중앙킬존남측,2026-09-11T13:25:48,"(21.38312739, -157.74740770)"
FRAHS002,move to,LOC_아군후방지휘소,2026-09-11T13:25:48,"(21.39217778, -157.74446560)"
FRTRK1003,move to,LOC_남측제1방어선,2026-09-11T13:25:48,"(21.38734564, -157.74453033)"
FRTRK1001,move to,LOC_남측제1방어선,2026-09-11T13:25:48,"(21.38743464, -157.74453713)"
FRM113007,move to,LOC_중앙킬존남측,2026-09-11T13:25:48,"(21.39065215, -157.74256875)"
FRM113006,move to,LOC_중앙킬존남측,2026-09-11T13:25:48,"(21.39066854, -157.74246257)"
FRTRK1005,move to,LOC_남측제1방어선,2026-09-11T13:25:48,"(21.38722104, -157.74450964)"
FRTRK2001,move to,LOC_남측제1방어선,2026-09-11T13:25:48,"(21.38730205, -157.74452978)"
FRM113005,move to,LOC_중앙킬존남측,2026-09-11T13:25:48,"(21.39065664, -157.74236698)"
FRTRK1002,move to,LOC_남측제1방어선,2026-09-11T13:25:48,"(21.38739051, -157.74453617)"
FRTRK2003,move to,LOC_남측제1방어선,2026-09-11T13:25:48,"(21.38713811, -157.74437150)"
FRM109004,move to,LOC_중앙킬존남측,2026-09-11T13:25:48,"(21.39087224, -157.74327551)"
FRM109002,move to,LOC_중앙킬존남측,2026-09-11T13:25:49,"(21.38312739, -157.74740770)"
FRAHS002,move to,LOC_아군후방지휘소,2026-09-11T13:25:49,"(21.39217778, -157.74446560)"
FRTRK1003,move to,LOC_남측제1방어선,2026-09-11T13:25:49,"(21.38734564, -157.74453033)"
FRTRK1001,move to,LOC_남측제1방어선,2026-09-11T13:25:49,"(21.38743464, -157.74453713)"
FRM113007,move to,LOC_중앙킬존남측,2026-09-11T13:25:49,"(21.39065215, -157.74256875)"
FRM113006,move to,LOC_중앙킬존남측,2026-09-11T13:25:49,"(21.39066854, -157.74246257)"
FRTRK1005,move to,LOC_남측제1방어선,2026-09-11T13:25:49,"(21.38722104, -157.74450964)"
FRTRK2001,move to,LOC_남측제1방어선,2026-09-11T13:25:49,"(21.38730205, -157.74452978)"
FRM113005,move to,LOC_중앙킬존남측,2026-09-11T13:25:49,"(21.39065664, -157.74236698)"
FRTRK1002,move to,LOC_남측제1방어선,2026-09-11T13:25:49,"(21.38739051, -157.74453617)"
FRTRK2003,move to,LOC_남측제1방어선,2026-09-11T13:25:49,"(21.38713811, -157.74437150)"
FRM109004,move to,LOC_중앙킬존남측,2026-09-11T13:25:49,"(21.39087224, -157.74327551)"
FRM109002,move to,LOC_중앙킬존남측,2026-09-11T13:25:50,"(21.38294254, -157.74732732)"
FRAHS002,move to,LOC_아군후방지휘소,2026-09-11T13:25:50,"(21.39217777, -157.74446562)"
FRTRK1003,move to,LOC_남측제1방어선,2026-09-11T13:25:50,"(21.38734630, -157.74453534)"
FRTRK1001,move to,LOC_남측제1방어선,2026-09-11T13:25:50,"(21.38743445, -157.74453587)"
FRM113007,move to,LOC_중앙킬존남측,2026-09-11T13:25:50,"(21.39065039, -157.74256943)"
FRM113006,move to,LOC_중앙킬존남측,2026-09-11T13:25:50,"(21.39066960, -157.74246214)"
FRTRK1005,move to,LOC_남측제1방어선,2026-09-11T13:25:50,"(21.38722170, -157.74451569)"
FRTRK2001,move to,LOC_남측제1방어선,2026-09-11T13:25:50,"(21.38730149, -157.74452533)"
FRM113005,move to,LOC_중앙킬존남측,2026-09-11T13:25:50,"(21.39065661, -157.74236699)"
FRTRK1002,move to,LOC_남측제1방어선,2026-09-11T13:25:50,"(21.38738995, -157.74453218)"
FRTRK2003,move to,LOC_남측제1방어선,2026-09-11T13:25:50,"(21.38713776, -157.74436781)"
FRM109004,move to,LOC_중앙킬존남측,2026-09-11T13:25:50,"(21.39087324, -157.74327519)"
FRTRK2004,move to,LOC_남측제1방어선,2026-09-11T13:25:50,"(21.38717186, -157.74438632)"
FRM113003,move to,LOC_중앙킬존남측,2026-09-11T13:25:50,"(21.39056647, -157.74220303)"
FRLAV002,move to,LOC_중앙킬존남측,2026-09-11T13:25:50,"(21.39026802, -157.74138280)"
FRLAV006,move to,LOC_중앙킬존남측,2026-09-11T13:25:50,"(21.39039926, -157.74172824)"
FRM113002,move to,LOC_중앙킬존남측,2026-09-11T13:25:50,"(21.39052669, -157.74211896)"
FRLAV008,move to,LOC_중앙킬존남측,2026-09-11T13:25:50,"(21.39046236, -157.74190166)"
FRLAV001,move to,LOC_중앙킬존남측,2026-09-11T13:25:50,"(21.39019740, -157.74131686)"
FRLAV003,move to,LOC_중앙킬존남측,2026-09-11T13:25:50,"(21.39027237, -157.74148415)"
FRM113001,move to,LOC_중앙킬존남측,2026-09-11T13:25:50,"(21.39048164, -157.74203736)"
FRLAV005,move to,LOC_중앙킬존남측,2026-09-11T13:25:50,"(21.39033534, -157.74165758)"
FRM113004,move to,LOC_중앙킬존남측,2026-09-11T13:25:50,"(21.39061105, -157.74228513)"
FRLAV007,move to,LOC_중앙킬존남측,2026-09-11T13:25:50,"(21.39044411, -157.74180864)"
FRLAV004,move to,LOC_중앙킬존남측,2026-09-11T13:25:50,"(21.39030296, -157.74157137)"
FRTRK1004,move to,LOC_남측제1방어선,2026-09-11T13:25:50,"(21.38709290, -157.74436197)"
FRM109002,move to,LOC_중앙킬존남측,2026-09-11T13:25:51,"(21.38294254, -157.74732732)"
FRAHS002,move to,LOC_아군후방지휘소,2026-09-11T13:25:51,"(21.39217777, -157.74446562)"
FRTRK1003,move to,LOC_남측제1방어선,2026-09-11T13:25:51,"(21.38734630, -157.74453534)"
FRTRK1001,move to,LOC_남측제1방어선,2026-09-11T13:25:51,"(21.38743445, -157.74453587)"
FRM113007,move to,LOC_중앙킬존남측,2026-09-11T13:25:51,"(21.39065039, -157.74256943)"
FRM113006,move to,LOC_중앙킬존남측,2026-09-11T13:25:51,"(21.39066960, -157.74246214)"
FRTRK1005,move to,LOC_남측제1방어선,2026-09-11T13:25:51,"(21.38722170, -157.74451569)"
FRTRK2001,move to,LOC_남측제1방어선,2026-09-11T13:25:51,"(21.38730149, -157.74452533)"
FRM113005,move to,LOC_중앙킬존남측,2026-09-11T13:25:51,"(21.39065661, -157.74236699)"
FRTRK1002,move to,LOC_남측제1방어선,2026-09-11T13:25:51,"(21.38738995, -157.74453218)"
FRTRK2003,move to,LOC_남측제1방어선,2026-09-11T13:25:51,"(21.38713776, -157.74436781)"
FRM109004,move to,LOC_중앙킬존남측,2026-09-11T13:25:51,"(21.39087324, -157.74327519)"
FRTRK2004,move to,LOC_남측제1방어선,2026-09-11T13:25:51,"(21.38717186, -157.74438632)"
FRM113003,move to,LOC_중앙킬존남측,2026-09-11T13:25:51,"(21.39056647, -157.74220303)"
FRLAV002,move to,LOC_중앙킬존남측,2026-09-11T13:25:51,"(21.39026802, -157.74138280)"
FRLAV006,move to,LOC_중앙킬존남측,2026-09-11T13:25:51,"(21.39039926, -157.74172824)"
FRM113002,move to,LOC_중앙킬존남측,2026-09-11T13:25:51,"(21.39052669, -157.74211896)"
FRLAV008,move to,LOC_중앙킬존남측,2026-09-11T13:25:51,"(21.39046236, -157.74190166)"
FRLAV001,move to,LOC_중앙킬존남측,2026-09-11T13:25:51,"(21.39019740, -157.74131686)"
FRLAV003,move to,LOC_중앙킬존남측,2026-09-11T13:25:51,"(21.39027237, -157.74148415)"
FRM113001,move to,LOC_중앙킬존남측,2026-09-11T13:25:51,"(21.39048164, -157.74203736)"
FRLAV005,move to,LOC_중앙킬존남측,2026-09-11T13:25:51,"(21.39033534, -157.74165758)"
FRM113004,move to,LOC_중앙킬존남측,2026-09-11T13:25:51,"(21.39061105, -157.74228513)"
FRLAV007,move to,LOC_중앙킬존남측,2026-09-11T13:25:51,"(21.39044411, -157.74180864)"
FRLAV004,move to,LOC_중앙킬존남측,2026-09-11T13:25:51,"(21.39030296, -157.74157137)"
FRTRK1004,move to,LOC_남측제1방어선,2026-09-11T13:25:51,"(21.38709290, -157.74436197)"
FRM109002,move to,LOC_중앙킬존남측,2026-09-11T13:25:52,"(21.38276824, -157.74725152)"
FRAHS002,move to,LOC_아군후방지휘소,2026-09-11T13:25:52,"(21.39217777, -157.74446564)"
FRTRK1003,move to,LOC_남측제1방어선,2026-09-11T13:25:52,"(21.38734696, -157.74454028)"
FRTRK1001,move to,LOC_남측제1방어선,2026-09-11T13:25:52,"(21.38743501, -157.74453967)"
FRM113007,move to,LOC_중앙킬존남측,2026-09-11T13:25:52,"(21.39064873, -157.74257008)"
FRM113006,move to,LOC_중앙킬존남측,2026-09-11T13:25:52,"(21.39067057, -157.74246175)"
FRTRK1005,move to,LOC_남측제1방어선,2026-09-11T13:25:52,"(21.38722226, -157.74452081)"
FRTRK2001,move to,LOC_남측제1방어선,2026-09-11T13:25:52,"(21.38730155, -157.74452577)"
FRM113005,move to,LOC_중앙킬존남측,2026-09-11T13:25:52,"(21.39065658, -157.74236701)"
FRTRK1002,move to,LOC_남측제1방어선,2026-09-11T13:25:52,"(21.38739014, -157.74453352)"
FRTRK2003,move to,LOC_남측제1방어선,2026-09-11T13:25:52,"(21.38713787, -157.74436897)"
FRM109004,move to,LOC_중앙킬존남측,2026-09-11T13:25:52,"(21.39087117, -157.74327584)"
FRTRK2004,move to,LOC_남측제1방어선,2026-09-11T13:25:52,"(21.38717177, -157.74438538)"
FRM113003,move to,LOC_중앙킬존남측,2026-09-11T13:25:52,"(21.39056552, -157.74220343)"
FRLAV002,move to,LOC_중앙킬존남측,2026-09-11T13:25:52,"(21.39026746, -157.74138310)"
FRLAV006,move to,LOC_중앙킬존남측,2026-09-11T13:25:52,"(21.39039869, -157.74172852)"
FRM113002,move to,LOC_중앙킬존남측,2026-09-11T13:25:52,"(21.39052843, -157.74211819)"
FRLAV008,move to,LOC_중앙킬존남측,2026-09-11T13:25:52,"(21.39046411, -157.74190084)"
FRLAV001,move to,LOC_중앙킬존남측,2026-09-11T13:25:52,"(21.39019868, -157.74131616)"
FRLAV003,move to,LOC_중앙킬존남측,2026-09-11T13:25:52,"(21.39027196, -157.74148437)"
FRM113001,move to,LOC_중앙킬존남측,2026-09-11T13:25:52,"(21.39048075, -157.74203776)"
FRLAV005,move to,LOC_중앙킬존남측,2026-09-11T13:25:52,"(21.39033641, -157.74165704)"
FRM113004,move to,LOC_중앙킬존남측,2026-09-11T13:25:52,"(21.39060976, -157.74228567)"
FRLAV007,move to,LOC_중앙킬존남측,2026-09-11T13:25:52,"(21.39044564, -157.74180791)"
FRLAV004,move to,LOC_중앙킬존남측,2026-09-11T13:25:52,"(21.39030403, -157.74157082)"
FRTRK1004,move to,LOC_남측제1방어선,2026-09-11T13:25:52,"(21.38709313, -157.74436466)"
FRM109002,move to,LOC_중앙킬존남측,2026-09-11T13:25:53,"(21.38276824, -157.74725152)"
FRAHS002,move to,LOC_아군후방지휘소,2026-09-11T13:25:53,"(21.39217777, -157.74446564)"
FRTRK1003,move to,LOC_남측제1방어선,2026-09-11T13:25:53,"(21.38734696, -157.74454028)"
FRTRK1001,move to,LOC_남측제1방어선,2026-09-11T13:25:53,"(21.38743501, -157.74453967)"
FRM113007,move to,LOC_중앙킬존남측,2026-09-11T13:25:53,"(21.39064873, -157.74257008)"
FRM113006,move to,LOC_중앙킬존남측,2026-09-11T13:25:53,"(21.39067057, -157.74246175)"
FRTRK1005,move to,LOC_남측제1방어선,2026-09-11T13:25:53,"(21.38722226, -157.74452081)"
FRTRK2001,move to,LOC_남측제1방어선,2026-09-11T13:25:53,"(21.38730155, -157.74452577)"
FRM113005,move to,LOC_중앙킬존남측,2026-09-11T13:25:53,"(21.39065658, -157.74236701)"
FRTRK1002,move to,LOC_남측제1방어선,2026-09-11T13:25:53,"(21.38739014, -157.74453352)"
FRTRK2003,move to,LOC_남측제1방어선,2026-09-11T13:25:53,"(21.38713787, -157.74436897)"
FRM109004,move to,LOC_중앙킬존남측,2026-09-11T13:25:53,"(21.39087117, -157.74327584)"
FRTRK2004,move to,LOC_남측제1방어선,2026-09-11T13:25:53,"(21.38717177, -157.74438538)"
FRM113003,move to,LOC_중앙킬존남측,2026-09-11T13:25:53,"(21.39056552, -157.74220343)"
FRLAV002,move to,LOC_중앙킬존남측,2026-09-11T13:25:53,"(21.39026746, -157.74138310)"
FRLAV006,move to,LOC_중앙킬존남측,2026-09-11T13:25:53,"(21.39039869, -157.74172852)"
FRM113002,move to,LOC_중앙킬존남측,2026-09-11T13:25:53,"(21.39052843, -157.74211819)"
FRLAV008,move to,LOC_중앙킬존남측,2026-09-11T13:25:53,"(21.39046411, -157.74190084)"
FRLAV001,move to,LOC_중앙킬존남측,2026-09-11T13:25:53,"(21.39019868, -157.74131616)"
FRLAV003,move to,LOC_중앙킬존남측,2026-09-11T13:25:53,"(21.39027196, -157.74148437)"
FRM113001,move to,LOC_중앙킬존남측,2026-09-11T13:25:53,"(21.39048075, -157.74203776)"
FRLAV005,move to,LOC_중앙킬존남측,2026-09-11T13:25:53,"(21.39033641, -157.74165704)"
FRM113004,move to,LOC_중앙킬존남측,2026-09-11T13:25:53,"(21.39060976, -157.74228567)"
FRLAV007,move to,LOC_중앙킬존남측,2026-09-11T13:25:53,"(21.39044564, -157.74180791)"
FRLAV004,move to,LOC_중앙킬존남측,2026-09-11T13:25:53,"(21.39030403, -157.74157082)"
FRTRK1004,move to,LOC_남측제1방어선,2026-09-11T13:25:53,"(21.38709313, -157.74436466)"
FRM109002,move to,LOC_중앙킬존남측,2026-09-11T13:25:54,"(21.38260866, -157.74718212)"
FRAHS002,move to,LOC_아군후방지휘소,2026-09-11T13:25:54,"(21.39217776, -157.74446566)"
FRTRK1003,move to,LOC_남측제1방어선,2026-09-11T13:25:54,"(21.38734714, -157.74454170)"
FRTRK1001,move to,LOC_남측제1방어선,2026-09-11T13:25:54,"(21.38743575, -157.74454468)"
FRM113007,move to,LOC_중앙킬존남측,2026-09-11T13:25:54,"(21.39064725, -157.74257066)"
FRM113006,move to,LOC_중앙킬존남측,2026-09-11T13:25:54,"(21.39067143, -157.74246141)"
FRTRK1005,move to,LOC_남측제1방어선,2026-09-11T13:25:54,"(21.38722250, -157.74452305)"
FRTRK2001,move to,LOC_남측제1방어선,2026-09-11T13:25:54,"(21.38730206, -157.74452990)"
FRM113005,move to,LOC_중앙킬존남측,2026-09-11T13:25:54,"(21.39065656, -157.74236702)"
FRTRK1002,move to,LOC_남측제1방어선,2026-09-11T13:25:54,"(21.38739079, -157.74453819)"
FRTRK2003,move to,LOC_남측제1방어선,2026-09-11T13:25:54,"(21.38713829, -157.74437331)"
FRM109004,move to,LOC_중앙킬존남측,2026-09-11T13:25:54,"(21.39087286, -157.74327532)"
FRM113003,move to,LOC_중앙킬존남측,2026-09-11T13:25:54,"(21.39056495, -157.74220369)"
FRLAV002,move to,LOC_중앙킬존남측,2026-09-11T13:25:54,"(21.39026713, -157.74138328)"
FRLAV006,move to,LOC_중앙킬존남측,2026-09-11T13:25:54,"(21.39039870, -157.74172851)"
FRM113002,move to,LOC_중앙킬존남측,2026-09-11T13:25:54,"(21.39053002, -157.74211749)"
FRLAV008,move to,LOC_중앙킬존남측,2026-09-11T13:25:54,"(21.39046572, -157.74190008)"
FRLAV001,move to,LOC_중앙킬존남측,2026-09-11T13:25:54,"(21.39020013, -157.74131538)"
FRLAV003,move to,LOC_중앙킬존남측,2026-09-11T13:25:54,"(21.39026917, -157.74148582)"
FRM113001,move to,LOC_중앙킬존남측,2026-09-11T13:25:54,"(21.39048043, -157.74203791)"
FRLAV005,move to,LOC_중앙킬존남측,2026-09-11T13:25:54,"(21.39033797, -157.74165626)"
FRM113004,move to,LOC_중앙킬존남측,2026-09-11T13:25:54,"(21.39060886, -157.74228605)"
FRLAV007,move to,LOC_중앙킬존남측,2026-09-11T13:25:54,"(21.39044722, -157.74180715)"
FRLAV004,move to,LOC_중앙킬존남측,2026-09-11T13:25:54,"(21.39030517, -157.74157024)"
FRTRK1004,move to,LOC_남측제1방어선,2026-09-11T13:25:54,"(21.38709354, -157.74436932)"
FRAHS001,FFE-on-Location,LOC_적포병진지,2026-09-11T13:25:54,"(21.39112388, -157.73719220)"
FRM109002,move to,LOC_중앙킬존남측,2026-09-11T13:25:55,"(21.38260866, -157.74718212)"
FRAHS002,move to,LOC_아군후방지휘소,2026-09-11T13:25:55,"(21.39217776, -157.74446566)"
FRTRK1003,move to,LOC_남측제1방어선,2026-09-11T13:25:55,"(21.38734714, -157.74454170)"
FRTRK1001,move to,LOC_남측제1방어선,2026-09-11T13:25:55,"(21.38743575, -157.74454468)"
FRM113007,move to,LOC_중앙킬존남측,2026-09-11T13:25:55,"(21.39064725, -157.74257066)"
FRM113006,move to,LOC_중앙킬존남측,2026-09-11T13:25:55,"(21.39067143, -157.74246141)"
FRTRK1005,move to,LOC_남측제1방어선,2026-09-11T13:25:55,"(21.38722250, -157.74452305)"
FRTRK2001,move to,LOC_남측제1방어선,2026-09-11T13:25:55,"(21.38730206, -157.74452990)"
FRM113005,move to,LOC_중앙킬존남측,2026-09-11T13:25:55,"(21.39065656, -157.74236702)"
FRTRK1002,move to,LOC_남측제1방어선,2026-09-11T13:25:55,"(21.38739079, -157.74453819)"
FRTRK2003,move to,LOC_남측제1방어선,2026-09-11T13:25:55,"(21.38713829, -157.74437331)"
FRM109004,move to,LOC_중앙킬존남측,2026-09-11T13:25:55,"(21.39087286, -157.74327532)"
FRM113003,move to,LOC_중앙킬존남측,2026-09-11T13:25:55,"(21.39056495, -157.74220369)"
FRLAV002,move to,LOC_중앙킬존남측,2026-09-11T13:25:55,"(21.39026713, -157.74138328)"
FRLAV006,move to,LOC_중앙킬존남측,2026-09-11T13:25:55,"(21.39039870, -157.74172851)"
FRM113002,move to,LOC_중앙킬존남측,2026-09-11T13:25:55,"(21.39053002, -157.74211749)"
FRLAV008,move to,LOC_중앙킬존남측,2026-09-11T13:25:55,"(21.39046572, -157.74190008)"
FRLAV001,move to,LOC_중앙킬존남측,2026-09-11T13:25:55,"(21.39020013, -157.74131538)"
FRLAV003,move to,LOC_중앙킬존남측,2026-09-11T13:25:55,"(21.39026917, -157.74148582)"
FRM113001,move to,LOC_중앙킬존남측,2026-09-11T13:25:55,"(21.39048043, -157.74203791)"
FRLAV005,move to,LOC_중앙킬존남측,2026-09-11T13:25:55,"(21.39033797, -157.74165626)"
FRM113004,move to,LOC_중앙킬존남측,2026-09-11T13:25:55,"(21.39060886, -157.74228605)"
FRLAV007,move to,LOC_중앙킬존남측,2026-09-11T13:25:55,"(21.39044722, -157.74180715)"
FRLAV004,move to,LOC_중앙킬존남측,2026-09-11T13:25:55,"(21.39030517, -157.74157024)"
FRTRK1004,move to,LOC_남측제1방어선,2026-09-11T13:25:55,"(21.38709354, -157.74436932)"
FRAHS001,FFE-on-Location,LOC_적포병진지,2026-09-11T13:25:55,"(21.39112388, -157.73719220)"
FRM109002,move to,LOC_중앙킬존남측,2026-09-11T13:25:56,"(21.38242570, -157.74710256)"
FRAHS002,move to,LOC_아군후방지휘소,2026-09-11T13:25:56,"(21.39217776, -157.74446567)"
FRTRK1003,move to,LOC_남측제1방어선,2026-09-11T13:25:56,"(21.38734673, -157.74453859)"
FRTRK1001,move to,LOC_남측제1방어선,2026-09-11T13:25:56,"(21.38743620, -157.74454770)"
FRM113007,move to,LOC_중앙킬존남측,2026-09-11T13:25:56,"(21.39064565, -157.74257129)"
FRM113006,move to,LOC_중앙킬존남측,2026-09-11T13:25:56,"(21.39067240, -157.74246102)"
FRTRK1005,move to,LOC_남측제1방어선,2026-09-11T13:25:56,"(21.38722237, -157.74452183)"
FRTRK2001,move to,LOC_남측제1방어선,2026-09-11T13:25:56,"(21.38730276, -157.74453554)"
FRM113005,move to,LOC_중앙킬존남측,2026-09-11T13:25:56,"(21.39065653, -157.74236703)"
FRTRK1002,move to,LOC_남측제1방어선,2026-09-11T13:25:56,"(21.38739148, -157.74454317)"
FRTRK2003,move to,LOC_남측제1방어선,2026-09-11T13:25:56,"(21.38713880, -157.74437860)"
FRM109004,move to,LOC_중앙킬존남측,2026-09-11T13:25:56,"(21.39087175, -157.74327566)"
FRM113003,move to,LOC_중앙킬존남측,2026-09-11T13:25:56,"(21.39056461, -157.74220383)"
FRLAV002,move to,LOC_중앙킬존남측,2026-09-11T13:25:56,"(21.39026697, -157.74138337)"
FRLAV006,move to,LOC_중앙킬존남측,2026-09-11T13:25:56,"(21.39039932, -157.74172821)"
FRM113002,move to,LOC_중앙킬존남측,2026-09-11T13:25:56,"(21.39052915, -157.74211787)"
FRLAV008,move to,LOC_중앙킬존남측,2026-09-11T13:25:56,"(21.39046272, -157.74190149)"
FRLAV001,move to,LOC_중앙킬존남측,2026-09-11T13:25:56,"(21.39020189, -157.74131442)"
FRLAV003,move to,LOC_중앙킬존남측,2026-09-11T13:25:56,"(21.39026783, -157.74148652)"
FRM113001,move to,LOC_중앙킬존남측,2026-09-11T13:25:56,"(21.39048064, -157.74203781)"
FRLAV005,move to,LOC_중앙킬존남측,2026-09-11T13:25:56,"(21.39033364, -157.74165843)"
FRM113004,move to,LOC_중앙킬존남측,2026-09-11T13:25:56,"(21.39060814, -157.74228636)"
FRLAV007,move to,LOC_중앙킬존남측,2026-09-11T13:25:56,"(21.39044754, -157.74180700)"
FRLAV004,move to,LOC_중앙킬존남측,2026-09-11T13:25:56,"(21.39030664, -157.74156949)"
FRTRK1004,move to,LOC_남측제1방어선,2026-09-11T13:25:56,"(21.38709393, -157.74437368)"
FRAHS001,FFE-on-Location,LOC_적포병진지,2026-09-11T13:25:56,"(21.39112388, -157.73719220)"
FRTRK2002,move to,LOC_남측제1방어선,2026-09-11T13:25:56,"(21.38725867, -157.74453201)"
FRM109002,move to,LOC_중앙킬존남측,2026-09-11T13:25:57,"(21.38242570, -157.74710256)"
FRAHS002,move to,LOC_아군후방지휘소,2026-09-11T13:25:57,"(21.39217776, -157.74446567)"
FRTRK1003,move to,LOC_남측제1방어선,2026-09-11T13:25:57,"(21.38734673, -157.74453859)"
FRTRK1001,move to,LOC_남측제1방어선,2026-09-11T13:25:57,"(21.38743620, -157.74454770)"
FRM113007,move to,LOC_중앙킬존남측,2026-09-11T13:25:57,"(21.39064565, -157.74257129)"
FRM113006,move to,LOC_중앙킬존남측,2026-09-11T13:25:57,"(21.39067240, -157.74246102)"
FRTRK1005,move to,LOC_남측제1방어선,2026-09-11T13:25:57,"(21.38722237, -157.74452183)"
FRTRK2001,move to,LOC_남측제1방어선,2026-09-11T13:25:57,"(21.38730276, -157.74453554)"
FRM113005,move to,LOC_중앙킬존남측,2026-09-11T13:25:57,"(21.39065653, -157.74236703)"
FRTRK1002,move to,LOC_남측제1방어선,2026-09-11T13:25:57,"(21.38739148, -157.74454317)"
FRTRK2003,move to,LOC_남측제1방어선,2026-09-11T13:25:57,"(21.38713880, -157.74437860)"
FRM109004,move to,LOC_중앙킬존남측,2026-09-11T13:25:57,"(21.39087175, -157.74327566)"
FRM113003,move to,LOC_중앙킬존남측,2026-09-11T13:25:57,"(21.39056461, -157.74220383)"
FRLAV002,move to,LOC_중앙킬존남측,2026-09-11T13:25:57,"(21.39026697, -157.74138337)"
FRLAV006,move to,LOC_중앙킬존남측,2026-09-11T13:25:57,"(21.39039932, -157.74172821)"
FRM113002,move to,LOC_중앙킬존남측,2026-09-11T13:25:57,"(21.39052915, -157.74211787)"
FRLAV008,move to,LOC_중앙킬존남측,2026-09-11T13:25:57,"(21.39046272, -157.74190149)"
FRLAV001,move to,LOC_중앙킬존남측,2026-09-11T13:25:57,"(21.39020189, -157.74131442)"
FRLAV003,move to,LOC_중앙킬존남측,2026-09-11T13:25:57,"(21.39026783, -157.74148652)"
FRM113001,move to,LOC_중앙킬존남측,2026-09-11T13:25:57,"(21.39048064, -157.74203781)"
FRLAV005,move to,LOC_중앙킬존남측,2026-09-11T13:25:57,"(21.39033364, -157.74165843)"
FRM113004,move to,LOC_중앙킬존남측,2026-09-11T13:25:57,"(21.39060814, -157.74228636)"
FRLAV007,move to,LOC_중앙킬존남측,2026-09-11T13:25:57,"(21.39044754, -157.74180700)"
FRLAV004,move to,LOC_중앙킬존남측,2026-09-11T13:25:57,"(21.39030664, -157.74156949)"
FRTRK1004,move to,LOC_남측제1방어선,2026-09-11T13:25:57,"(21.38709393, -157.74437368)"
FRAHS001,FFE-on-Location,LOC_적포병진지,2026-09-11T13:25:57,"(21.39112388, -157.73719220)"
FRTRK2002,move to,LOC_남측제1방어선,2026-09-11T13:25:57,"(21.38725867, -157.74453201)"
FRM109002,move to,LOC_중앙킬존남측,2026-09-11T13:25:58,"(21.38226525, -157.74703279)"
FRAHS002,move to,LOC_아군후방지휘소,2026-09-11T13:25:58,"(21.39217775, -157.74446569)"
FRTRK1003,move to,LOC_남측제1방어선,2026-09-11T13:25:58,"(21.38734609, -157.74453372)"
FRTRK1001,move to,LOC_남측제1방어선,2026-09-11T13:25:58,"(21.38743594, -157.74454592)"
FRM113007,move to,LOC_중앙킬존남측,2026-09-11T13:25:58,"(21.39064440, -157.74257178)"
FRM113006,move to,LOC_중앙킬존남측,2026-09-11T13:25:58,"(21.39067323, -157.74246068)"
FRTRK1005,move to,LOC_남측제1방어선,2026-09-11T13:25:58,"(21.38722194, -157.74451790)"
FRTRK2001,move to,LOC_남측제1방어선,2026-09-11T13:25:58,"(21.38730304, -157.74453779)"
FRM113005,move to,LOC_중앙킬존남측,2026-09-11T13:25:58,"(21.39065651, -157.74236704)"
FRTRK1002,move to,LOC_남측제1방어선,2026-09-11T13:25:58,"(21.38739158, -157.74454385)"
FRTRK2003,move to,LOC_남측제1방어선,2026-09-11T13:25:58,"(21.38713897, -157.74438039)"
FRM109004,move to,LOC_중앙킬존남측,2026-09-11T13:25:58,"(21.39087102, -157.74327589)"
FRM113003,move to,LOC_중앙킬존남측,2026-09-11T13:25:58,"(21.39056462, -157.74220383)"
FRLAV002,move to,LOC_중앙킬존남측,2026-09-11T13:25:58,"(21.39026702, -157.74138334)"
FRLAV006,move to,LOC_중앙킬존남측,2026-09-11T13:25:58,"(21.39040040, -157.74172768)"
FRM113002,move to,LOC_중앙킬존남측,2026-09-11T13:25:58,"(21.39052693, -157.74211886)"
FRLAV008,move to,LOC_중앙킬존남측,2026-09-11T13:25:58,"(21.39046078, -157.74190240)"
FRLAV001,move to,LOC_중앙킬존남측,2026-09-11T13:25:58,"(21.39020341, -157.74131359)"
FRLAV003,move to,LOC_중앙킬존남측,2026-09-11T13:25:58,"(21.39026720, -157.74148685)"
FRM113001,move to,LOC_중앙킬존남측,2026-09-11T13:25:58,"(21.39048134, -157.74203750)"
FRLAV005,move to,LOC_중앙킬존남측,2026-09-11T13:25:58,"(21.39033267, -157.74165891)"
FRM113004,move to,LOC_중앙킬존남측,2026-09-11T13:25:58,"(21.39060780, -157.74228650)"
FRLAV007,move to,LOC_중앙킬존남측,2026-09-11T13:25:58,"(21.39044452, -157.74180845)"
FRLAV004,move to,LOC_중앙킬존남측,2026-09-11T13:25:58,"(21.39030802, -157.74156878)"
FRTRK1004,move to,LOC_남측제1방어선,2026-09-11T13:25:58,"(21.38709398, -157.74437431)"
FRAHS001,FFE-on-Location,LOC_적포병진지,2026-09-11T13:25:58,"(21.39112388, -157.73719220)"
FRTRK2002,move to,LOC_남측제1방어선,2026-09-11T13:25:58,"(21.38725872, -157.74453240)"
FRM109002,move to,LOC_중앙킬존남측,2026-09-11T13:25:59,"(21.38226525, -157.74703279)"
FRAHS002,move to,LOC_아군후방지휘소,2026-09-11T13:25:59,"(21.39217775, -157.74446569)"
FRTRK1003,move to,LOC_남측제1방어선,2026-09-11T13:25:59,"(21.38734609, -157.74453372)"
FRTRK1001,move to,LOC_남측제1방어선,2026-09-11T13:25:59,"(21.38743594, -157.74454592)"
FRM113007,move to,LOC_중앙킬존남측,2026-09-11T13:25:59,"(21.39064440, -157.74257178)"
FRM113006,move to,LOC_중앙킬존남측,2026-09-11T13:25:59,"(21.39067323, -157.74246068)"
FRTRK1005,move to,LOC_남측제1방어선,2026-09-11T13:25:59,"(21.38722194, -157.74451790)"
FRTRK2001,move to,LOC_남측제1방어선,2026-09-11T13:25:59,"(21.38730304, -157.74453779)"
FRM113005,move to,LOC_중앙킬존남측,2026-09-11T13:25:59,"(21.39065651, -157.74236704)"
FRTRK1002,move to,LOC_남측제1방어선,2026-09-11T13:25:59,"(21.38739158, -157.74454385)"
FRTRK2003,move to,LOC_남측제1방어선,2026-09-11T13:25:59,"(21.38713897, -157.74438039)"
FRM109004,move to,LOC_중앙킬존남측,2026-09-11T13:25:59,"(21.39087102, -157.74327589)"
FRM113003,move to,LOC_중앙킬존남측,2026-09-11T13:25:59,"(21.39056462, -157.74220383)"
FRLAV002,move to,LOC_중앙킬존남측,2026-09-11T13:25:59,"(21.39026702, -157.74138334)"
FRLAV006,move to,LOC_중앙킬존남측,2026-09-11T13:25:59,"(21.39040040, -157.74172768)"
FRM113002,move to,LOC_중앙킬존남측,2026-09-11T13:25:59,"(21.39052693, -157.74211886)"
FRLAV008,move to,LOC_중앙킬존남측,2026-09-11T13:25:59,"(21.39046078, -157.74190240)"
FRLAV001,move to,LOC_중앙킬존남측,2026-09-11T13:25:59,"(21.39020341, -157.74131359)"
FRLAV003,move to,LOC_중앙킬존남측,2026-09-11T13:25:59,"(21.39026720, -157.74148685)"
FRM113001,move to,LOC_중앙킬존남측,2026-09-11T13:25:59,"(21.39048134, -157.74203750)"
FRLAV005,move to,LOC_중앙킬존남측,2026-09-11T13:25:59,"(21.39033267, -157.74165891)"
FRM113004,move to,LOC_중앙킬존남측,2026-09-11T13:25:59,"(21.39060780, -157.74228650)"
FRLAV007,move to,LOC_중앙킬존남측,2026-09-11T13:25:59,"(21.39044452, -157.74180845)"
FRLAV004,move to,LOC_중앙킬존남측,2026-09-11T13:25:59,"(21.39030802, -157.74156878)"
FRTRK1004,move to,LOC_남측제1방어선,2026-09-11T13:25:59,"(21.38709398, -157.74437431)"
FRAHS001,FFE-on-Location,LOC_적포병진지,2026-09-11T13:25:59,"(21.39112388, -157.73719220)"
FRTRK2002,move to,LOC_남측제1방어선,2026-09-11T13:25:59,"(21.38725872, -157.74453240)"
FRM109002,move to,LOC_중앙킬존남측,2026-09-11T13:26:00,"(21.38209079, -157.74695692)"
FRAHS002,move to,LOC_아군후방지휘소,2026-09-11T13:26:00,"(21.39217775, -157.74446571)"
FRTRK1003,move to,LOC_남측제1방어선,2026-09-11T13:26:00,"(21.38734561, -157.74453005)"
FRTRK1001,move to,LOC_남측제1방어선,2026-09-11T13:26:00,"(21.38743518, -157.74454079)"
FRM113007,move to,LOC_중앙킬존남측,2026-09-11T13:26:00,"(21.39064323, -157.74257224)"
FRM113006,move to,LOC_중앙킬존남측,2026-09-11T13:26:00,"(21.39067410, -157.74246033)"
FRTRK1005,move to,LOC_남측제1방어선,2026-09-11T13:26:00,"(21.38722135, -157.74451253)"
FRTRK2001,move to,LOC_남측제1방어선,2026-09-11T13:26:00,"(21.38730277, -157.74453566)"
FRM113005,move to,LOC_중앙킬존남측,2026-09-11T13:26:00,"(21.39065649, -157.74236704)"
FRTRK1002,move to,LOC_남측제1방어선,2026-09-11T13:26:00,"(21.38739105, -157.74454007)"
FRTRK2003,move to,LOC_남측제1방어선,2026-09-11T13:26:00,"(21.38713874, -157.74437798)"
FRM109004,move to,LOC_중앙킬존남측,2026-09-11T13:26:00,"(21.39087340, -157.74327515)"
FRM113003,move to,LOC_중앙킬존남측,2026-09-11T13:26:00,"(21.39056495, -157.74220369)"
FRLAV002,move to,LOC_중앙킬존남측,2026-09-11T13:26:00,"(21.39026727, -157.74138320)"
FRLAV006,move to,LOC_중앙킬존남측,2026-09-11T13:26:00,"(21.39040205, -157.74172687)"
FRM113002,move to,LOC_중앙킬존남측,2026-09-11T13:26:00,"(21.39052567, -157.74211941)"
FRLAV008,move to,LOC_중앙킬존남측,2026-09-11T13:26:00,"(21.39045989, -157.74190282)"
FRLAV001,move to,LOC_중앙킬존남측,2026-09-11T13:26:00,"(21.39020221, -157.74131424)"
FRLAV003,move to,LOC_중앙킬존남측,2026-09-11T13:26:00,"(21.39026710, -157.74148690)"
FRM113001,move to,LOC_중앙킬존남측,2026-09-11T13:26:00,"(21.39048261, -157.74203692)"
FRLAV005,move to,LOC_중앙킬존남측,2026-09-11T13:26:00,"(21.39033263, -157.74165894)"
FRM113004,move to,LOC_중앙킬존남측,2026-09-11T13:26:00,"(21.39060772, -157.74228654)"
FRLAV007,move to,LOC_중앙킬존남측,2026-09-11T13:26:00,"(21.39044357, -157.74180890)"
FRLAV004,move to,LOC_중앙킬존남측,2026-09-11T13:26:00,"(21.39030958, -157.74156798)"
FRTRK1004,move to,LOC_남측제1방어선,2026-09-11T13:26:00,"(21.38709371, -157.74437118)"
FRAHS001,FFE-on-Location,LOC_적포병진지,2026-09-11T13:26:00,"(21.39112388, -157.73719220)"
FRTRK2002,move to,LOC_남측제1방어선,2026-09-11T13:26:00,"(21.38725837, -157.74452934)"
FRTRK2004,move to,LOC_남측제1방어선,2026-09-11T13:26:00,"(21.38717084, -157.74437638)"
FRM109002,move to,LOC_중앙킬존남측,2026-09-11T13:26:01,"(21.38209079, -157.74695692)"
FRAHS002,move to,LOC_아군후방지휘소,2026-09-11T13:26:01,"(21.39217775, -157.74446571)"
FRTRK1003,move to,LOC_남측제1방어선,2026-09-11T13:26:01,"(21.38734561, -157.74453005)"
FRTRK1001,move to,LOC_남측제1방어선,2026-09-11T13:26:01,"(21.38743518, -157.74454079)"
FRM113007,move to,LOC_중앙킬존남측,2026-09-11T13:26:01,"(21.39064323, -157.74257224)"
FRM113006,move to,LOC_중앙킬존남측,2026-09-11T13:26:01,"(21.39067410, -157.74246033)"
FRTRK1005,move to,LOC_남측제1방어선,2026-09-11T13:26:01,"(21.38722135, -157.74451253)"
FRTRK2001,move to,LOC_남측제1방어선,2026-09-11T13:26:01,"(21.38730277, -157.74453566)"
FRM113005,move to,LOC_중앙킬존남측,2026-09-11T13:26:01,"(21.39065649, -157.74236704)"
FRTRK1002,move to,LOC_남측제1방어선,2026-09-11T13:26:01,"(21.38739105, -157.74454007)"
FRTRK2003,move to,LOC_남측제1방어선,2026-09-11T13:26:01,"(21.38713874, -157.74437798)"
FRM109004,move to,LOC_중앙킬존남측,2026-09-11T13:26:01,"(21.39087340, -157.74327515)"
FRM113003,move to,LOC_중앙킬존남측,2026-09-11T13:26:01,"(21.39056495, -157.74220369)"
FRLAV002,move to,LOC_중앙킬존남측,2026-09-11T13:26:01,"(21.39026727, -157.74138320)"
FRLAV006,move to,LOC_중앙킬존남측,2026-09-11T13:26:01,"(21.39040205, -157.74172687)"
FRM113002,move to,LOC_중앙킬존남측,2026-09-11T13:26:01,"(21.39052567, -157.74211941)"
FRLAV008,move to,LOC_중앙킬존남측,2026-09-11T13:26:01,"(21.39045989, -157.74190282)"
FRLAV001,move to,LOC_중앙킬존남측,2026-09-11T13:26:01,"(21.39020221, -157.74131424)"
FRLAV003,move to,LOC_중앙킬존남측,2026-09-11T13:26:01,"(21.39026710, -157.74148690)"
FRM113001,move to,LOC_중앙킬존남측,2026-09-11T13:26:01,"(21.39048261, -157.74203692)"
FRLAV005,move to,LOC_중앙킬존남측,2026-09-11T13:26:01,"(21.39033263, -157.74165894)"
FRM113004,move to,LOC_중앙킬존남측,2026-09-11T13:26:01,"(21.39060772, -157.74228654)"
FRLAV007,move to,LOC_중앙킬존남측,2026-09-11T13:26:01,"(21.39044357, -157.74180890)"
FRLAV004,move to,LOC_중앙킬존남측,2026-09-11T13:26:01,"(21.39030958, -157.74156798)"
FRTRK1004,move to,LOC_남측제1방어선,2026-09-11T13:26:01,"(21.38709371, -157.74437118)"
FRAHS001,FFE-on-Location,LOC_적포병진지,2026-09-11T13:26:01,"(21.39112388, -157.73719220)"
FRTRK2002,move to,LOC_남측제1방어선,2026-09-11T13:26:01,"(21.38725837, -157.74452934)"
FRTRK2004,move to,LOC_남측제1방어선,2026-09-11T13:26:01,"(21.38717084, -157.74437638)"
FRM109002,move to,LOC_중앙킬존남측,2026-09-11T13:26:02,"(21.38191819, -157.74688187)"
FRAHS002,move to,LOC_아군후방지휘소,2026-09-11T13:26:02,"(21.39217774, -157.74446573)"
FRTRK1003,move to,LOC_남측제1방어선,2026-09-11T13:26:02,"(21.38734569, -157.74453066)"
FRTRK1001,move to,LOC_남측제1방어선,2026-09-11T13:26:02,"(21.38743456, -157.74453660)"
FRM113007,move to,LOC_중앙킬존남측,2026-09-11T13:26:02,"(21.39064232, -157.74257260)"
FRM113006,move to,LOC_중앙킬존남측,2026-09-11T13:26:02,"(21.39067495, -157.74245999)"
FRTRK1005,move to,LOC_남측제1방어선,2026-09-11T13:26:02,"(21.38722090, -157.74450839)"
FRTRK2001,move to,LOC_남측제1방어선,2026-09-11T13:26:02,"(21.38730214, -157.74453051)"
FRM113005,move to,LOC_중앙킬존남측,2026-09-11T13:26:02,"(21.39065647, -157.74236705)"
FRTRK1002,move to,LOC_남측제1방어선,2026-09-11T13:26:02,"(21.38739032, -157.74453483)"
FRTRK2003,move to,LOC_남측제1방어선,2026-09-11T13:26:02,"(21.38713825, -157.74437293)"
FRM109004,move to,LOC_중앙킬존남측,2026-09-11T13:26:02,"(21.39087114, -157.74327585)"
FRM113003,move to,LOC_중앙킬존남측,2026-09-11T13:26:02,"(21.39056559, -157.74220341)"
FRLAV002,move to,LOC_중앙킬존남측,2026-09-11T13:26:02,"(21.39026773, -157.74138296)"
FRLAV006,move to,LOC_중앙킬존남측,2026-09-11T13:26:02,"(21.39039952, -157.74172811)"
FRM113002,move to,LOC_중앙킬존남측,2026-09-11T13:26:02,"(21.39052501, -157.74211971)"
FRLAV008,move to,LOC_중앙킬존남측,2026-09-11T13:26:02,"(21.39045995, -157.74190279)"
FRLAV001,move to,LOC_중앙킬존남측,2026-09-11T13:26:02,"(21.39019965, -157.74131564)"
FRLAV003,move to,LOC_중앙킬존남측,2026-09-11T13:26:02,"(21.39026760, -157.74148664)"
FRM113001,move to,LOC_중앙킬존남측,2026-09-11T13:26:02,"(21.39048427, -157.74203616)"
FRLAV005,move to,LOC_중앙킬존남측,2026-09-11T13:26:02,"(21.39033362, -157.74165844)"
FRM113004,move to,LOC_중앙킬존남측,2026-09-11T13:26:02,"(21.39060795, -157.74228644)"
FRLAV007,move to,LOC_중앙킬존남측,2026-09-11T13:26:02,"(21.39044346, -157.74180896)"
FRLAV004,move to,LOC_중앙킬존남측,2026-09-11T13:26:02,"(21.39031117, -157.74156717)"
FRTRK1004,move to,LOC_남측제1방어선,2026-09-11T13:26:02,"(21.38709327, -157.74436626)"
FRAHS001,FFE-on-Location,LOC_적포병진지,2026-09-11T13:26:02,"(21.39112388, -157.73719220)"
FRTRK2002,move to,LOC_남측제1방어선,2026-09-11T13:26:02,"(21.38725782, -157.74452462)"
FRTRK2004,move to,LOC_남측제1방어선,2026-09-11T13:26:02,"(21.38717137, -157.74438151)"
FRM109002,move to,LOC_중앙킬존남측,2026-09-11T13:26:03,"(21.38191819, -157.74688187)"
FRAHS002,move to,LOC_아군후방지휘소,2026-09-11T13:26:03,"(21.39217774, -157.74446573)"
FRTRK1003,move to,LOC_남측제1방어선,2026-09-11T13:26:03,"(21.38734569, -157.74453066)"
FRTRK1001,move to,LOC_남측제1방어선,2026-09-11T13:26:03,"(21.38743456, -157.74453660)"
FRM113007,move to,LOC_중앙킬존남측,2026-09-11T13:26:03,"(21.39064232, -157.74257260)"
FRM113006,move to,LOC_중앙킬존남측,2026-09-11T13:26:03,"(21.39067495, -157.74245999)"
FRTRK1005,move to,LOC_남측제1방어선,2026-09-11T13:26:03,"(21.38722090, -157.74450839)"
FRTRK2001,move to,LOC_남측제1방어선,2026-09-11T13:26:03,"(21.38730214, -157.74453051)"
FRM113005,move to,LOC_중앙킬존남측,2026-09-11T13:26:03,"(21.39065647, -157.74236705)"
FRTRK1002,move to,LOC_남측제1방어선,2026-09-11T13:26:03,"(21.38739032, -157.74453483)"
FRTRK2003,move to,LOC_남측제1방어선,2026-09-11T13:26:03,"(21.38713825, -157.74437293)"
FRM109004,move to,LOC_중앙킬존남측,2026-09-11T13:26:03,"(21.39087114, -157.74327585)"
FRM113003,move to,LOC_중앙킬존남측,2026-09-11T13:26:03,"(21.39056559, -157.74220341)"
FRLAV002,move to,LOC_중앙킬존남측,2026-09-11T13:26:03,"(21.39026773, -157.74138296)"
FRLAV006,move to,LOC_중앙킬존남측,2026-09-11T13:26:03,"(21.39039952, -157.74172811)"
FRM113002,move to,LOC_중앙킬존남측,2026-09-11T13:26:03,"(21.39052501, -157.74211971)"
FRLAV008,move to,LOC_중앙킬존남측,2026-09-11T13:26:03,"(21.39045995, -157.74190279)"
FRLAV001,move to,LOC_중앙킬존남측,2026-09-11T13:26:03,"(21.39019965, -157.74131564)"
FRLAV003,move to,LOC_중앙킬존남측,2026-09-11T13:26:03,"(21.39026760, -157.74148664)"
FRM113001,move to,LOC_중앙킬존남측,2026-09-11T13:26:03,"(21.39048427, -157.74203616)"
FRLAV005,move to,LOC_중앙킬존남측,2026-09-11T13:26:03,"(21.39033362, -157.74165844)"
FRM113004,move to,LOC_중앙킬존남측,2026-09-11T13:26:03,"(21.39060795, -157.74228644)"
FRLAV007,move to,LOC_중앙킬존남측,2026-09-11T13:26:03,"(21.39044346, -157.74180896)"
FRLAV004,move to,LOC_중앙킬존남측,2026-09-11T13:26:03,"(21.39031117, -157.74156717)"
FRTRK1004,move to,LOC_남측제1방어선,2026-09-11T13:26:03,"(21.38709327, -157.74436626)"
FRAHS001,FFE-on-Location,LOC_적포병진지,2026-09-11T13:26:03,"(21.39112388, -157.73719220)"
FRTRK2002,move to,LOC_남측제1방어선,2026-09-11T13:26:03,"(21.38725782, -157.74452462)"
FRTRK2004,move to,LOC_남측제1방어선,2026-09-11T13:26:03,"(21.38717137, -157.74438151)"
FRM109002,move to,LOC_중앙킬존남측,2026-09-11T13:26:04,"(21.38174282, -157.74680561)"
FRAHS002,move to,LOC_아군후방지휘소,2026-09-11T13:26:04,"(21.39217774, -157.74446574)"
FRTRK1003,move to,LOC_남측제1방어선,2026-09-11T13:26:04,"(21.38734628, -157.74453513)"
FRTRK1001,move to,LOC_남측제1방어선,2026-09-11T13:26:04,"(21.38743456, -157.74453662)"
FRM113007,move to,LOC_중앙킬존남측,2026-09-11T13:26:04,"(21.39064168, -157.74257285)"
FRM113006,move to,LOC_중앙킬존남측,2026-09-11T13:26:04,"(21.39067578, -157.74245966)"
FRTRK1005,move to,LOC_남측제1방어선,2026-09-11T13:26:04,"(21.38722066, -157.74450615)"
FRTRK2001,move to,LOC_남측제1방어선,2026-09-11T13:26:04,"(21.38730160, -157.74452615)"
FRM113005,move to,LOC_중앙킬존남측,2026-09-11T13:26:04,"(21.39065646, -157.74236706)"
FRTRK1002,move to,LOC_남측제1방어선,2026-09-11T13:26:04,"(21.38738997, -157.74453234)"
FRTRK2003,move to,LOC_남측제1방어선,2026-09-11T13:26:04,"(21.38713785, -157.74436881)"
FRM109004,move to,LOC_중앙킬존남측,2026-09-11T13:26:04,"(21.39087012, -157.74327617)"
FRM113003,move to,LOC_중앙킬존남측,2026-09-11T13:26:04,"(21.39056656, -157.74220299)"
FRLAV002,move to,LOC_중앙킬존남측,2026-09-11T13:26:04,"(21.39026840, -157.74138260)"
FRLAV006,move to,LOC_중앙킬존남측,2026-09-11T13:26:04,"(21.39040015, -157.74172780)"
FRM113002,move to,LOC_중앙킬존남측,2026-09-11T13:26:04,"(21.39052492, -157.74211975)"
FRLAV008,move to,LOC_중앙킬존남측,2026-09-11T13:26:04,"(21.39046098, -157.74190231)"
FRLAV001,move to,LOC_중앙킬존남측,2026-09-11T13:26:04,"(21.39019826, -157.74131640)"
FRLAV003,move to,LOC_중앙킬존남측,2026-09-11T13:26:04,"(21.39026873, -157.74148606)"
FRM113001,move to,LOC_중앙킬존남측,2026-09-11T13:26:04,"(21.39048600, -157.74203538)"
FRLAV005,move to,LOC_중앙킬존남측,2026-09-11T13:26:04,"(21.39033535, -157.74165757)"
FRM113004,move to,LOC_중앙킬존남측,2026-09-11T13:26:04,"(21.39060849, -157.74228621)"
FRLAV007,move to,LOC_중앙킬존남측,2026-09-11T13:26:04,"(21.39044418, -157.74180861)"
FRLAV004,move to,LOC_중앙킬존남측,2026-09-11T13:26:04,"(21.39031280, -157.74156634)"
FRTRK1004,move to,LOC_남측제1방어선,2026-09-11T13:26:04,"(21.38709297, -157.74436276)"
FRAHS001,FFE-on-Location,LOC_적포병진지,2026-09-11T13:26:04,"(21.39112388, -157.73719220)"
FRTRK2002,move to,LOC_남측제1방어선,2026-09-11T13:26:04,"(21.38725740, -157.74452098)"
FRTRK2004,move to,LOC_남측제1방어선,2026-09-11T13:26:04,"(21.38717179, -157.74438559)"
FRM109002,move to,LOC_중앙킬존남측,2026-09-11T13:26:05,"(21.38174282, -157.74680561)"
FRAHS002,move to,LOC_아군후방지휘소,2026-09-11T13:26:05,"(21.39217774, -157.74446574)"
FRTRK1003,move to,LOC_남측제1방어선,2026-09-11T13:26:05,"(21.38734628, -157.74453513)"
FRTRK1001,move to,LOC_남측제1방어선,2026-09-11T13:26:05,"(21.38743456, -157.74453662)"
FRM113007,move to,LOC_중앙킬존남측,2026-09-11T13:26:05,"(21.39064168, -157.74257285)"
FRM113006,move to,LOC_중앙킬존남측,2026-09-11T13:26:05,"(21.39067578, -157.74245966)"
FRTRK1005,move to,LOC_남측제1방어선,2026-09-11T13:26:05,"(21.38722066, -157.74450615)"
FRTRK2001,move to,LOC_남측제1방어선,2026-09-11T13:26:05,"(21.38730160, -157.74452615)"
FRM113005,move to,LOC_중앙킬존남측,2026-09-11T13:26:05,"(21.39065646, -157.74236706)"
FRTRK1002,move to,LOC_남측제1방어선,2026-09-11T13:26:05,"(21.38738997, -157.74453234)"
FRTRK2003,move to,LOC_남측제1방어선,2026-09-11T13:26:05,"(21.38713785, -157.74436881)"
FRM109004,move to,LOC_중앙킬존남측,2026-09-11T13:26:05,"(21.39087012, -157.74327617)"
FRM113003,move to,LOC_중앙킬존남측,2026-09-11T13:26:05,"(21.39056656, -157.74220299)"
FRLAV002,move to,LOC_중앙킬존남측,2026-09-11T13:26:05,"(21.39026840, -157.74138260)"
FRLAV006,move to,LOC_중앙킬존남측,2026-09-11T13:26:05,"(21.39040015, -157.74172780)"
FRM113002,move to,LOC_중앙킬존남측,2026-09-11T13:26:05,"(21.39052492, -157.74211975)"
FRLAV008,move to,LOC_중앙킬존남측,2026-09-11T13:26:05,"(21.39046098, -157.74190231)"
FRLAV001,move to,LOC_중앙킬존남측,2026-09-11T13:26:05,"(21.39019826, -157.74131640)"
FRLAV003,move to,LOC_중앙킬존남측,2026-09-11T13:26:05,"(21.39026873, -157.74148606)"
FRM113001,move to,LOC_중앙킬존남측,2026-09-11T13:26:05,"(21.39048600, -157.74203538)"
FRLAV005,move to,LOC_중앙킬존남측,2026-09-11T13:26:05,"(21.39033535, -157.74165757)"
FRM113004,move to,LOC_중앙킬존남측,2026-09-11T13:26:05,"(21.39060849, -157.74228621)"
FRLAV007,move to,LOC_중앙킬존남측,2026-09-11T13:26:05,"(21.39044418, -157.74180861)"
FRLAV004,move to,LOC_중앙킬존남측,2026-09-11T13:26:05,"(21.39031280, -157.74156634)"
FRTRK1004,move to,LOC_남측제1방어선,2026-09-11T13:26:05,"(21.38709297, -157.74436276)"
FRAHS001,FFE-on-Location,LOC_적포병진지,2026-09-11T13:26:05,"(21.39112388, -157.73719220)"
FRTRK2002,move to,LOC_남측제1방어선,2026-09-11T13:26:05,"(21.38725740, -157.74452098)"
FRTRK2004,move to,LOC_남측제1방어선,2026-09-11T13:26:05,"(21.38717179, -157.74438559)"
FRM109002,move to,LOC_중앙킬존남측,2026-09-11T13:26:06,"(21.38157361, -157.74673202)"
FRTRK1003,move to,LOC_남측제1방어선,2026-09-11T13:26:06,"(21.38734689, -157.74453976)"
FRTRK1001,move to,LOC_남측제1방어선,2026-09-11T13:26:06,"(21.38743517, -157.74454071)"
FRTRK1005,move to,LOC_남측제1방어선,2026-09-11T13:26:06,"(21.38722060, -157.74450562)"
FRTRK2001,move to,LOC_남측제1방어선,2026-09-11T13:26:06,"(21.38730154, -157.74452572)"
FRTRK1002,move to,LOC_남측제1방어선,2026-09-11T13:26:06,"(21.38739029, -157.74453461)"
FRTRK2003,move to,LOC_남측제1방어선,2026-09-11T13:26:06,"(21.38713782, -157.74436849)"
FRLAV002,move to,LOC_중앙킬존남측,2026-09-11T13:26:06,"(21.39026925, -157.74138215)"
FRLAV001,move to,LOC_중앙킬존남측,2026-09-11T13:26:06,"(21.39019725, -157.74131695)"
FRLAV003,move to,LOC_중앙킬존남측,2026-09-11T13:26:06,"(21.39027031, -157.74148523)"
FRLAV005,move to,LOC_중앙킬존남측,2026-09-11T13:26:06,"(21.39033703, -157.74165673)"
FRLAV004,move to,LOC_중앙킬존남측,2026-09-11T13:26:06,"(21.39031435, -157.74156554)"
FRTRK1004,move to,LOC_남측제1방어선,2026-09-11T13:26:06,"(21.38709299, -157.74436305)"
FRAHS001,FFE-on-Location,LOC_적포병진지,2026-09-11T13:26:06,"(21.39112388, -157.73719220)"
FRTRK2002,move to,LOC_남측제1방어선,2026-09-11T13:26:06,"(21.38725734, -157.74452048)"
FRTRK2004,move to,LOC_남측제1방어선,2026-09-11T13:26:06,"(21.38717179, -157.74438559)"
FRM109002,move to,LOC_중앙킬존남측,2026-09-11T13:26:07,"(21.38157361, -157.74673202)"
FRTRK1003,move to,LOC_남측제1방어선,2026-09-11T13:26:07,"(21.38734689, -157.74453976)"
FRTRK1001,move to,LOC_남측제1방어선,2026-09-11T13:26:07,"(21.38743517, -157.74454071)"
FRTRK1005,move to,LOC_남측제1방어선,2026-09-11T13:26:07,"(21.38722060, -157.74450562)"
FRTRK2001,move to,LOC_남측제1방어선,2026-09-11T13:26:07,"(21.38730154, -157.74452572)"
FRTRK1002,move to,LOC_남측제1방어선,2026-09-11T13:26:07,"(21.38739029, -157.74453461)"
FRTRK2003,move to,LOC_남측제1방어선,2026-09-11T13:26:07,"(21.38713782, -157.74436849)"
FRLAV002,move to,LOC_중앙킬존남측,2026-09-11T13:26:07,"(21.39026925, -157.74138215)"
FRLAV001,move to,LOC_중앙킬존남측,2026-09-11T13:26:07,"(21.39019725, -157.74131695)"
FRLAV003,move to,LOC_중앙킬존남측,2026-09-11T13:26:07,"(21.39027031, -157.74148523)"
FRLAV005,move to,LOC_중앙킬존남측,2026-09-11T13:26:07,"(21.39033703, -157.74165673)"
FRLAV004,move to,LOC_중앙킬존남측,2026-09-11T13:26:07,"(21.39031435, -157.74156554)"
FRTRK1004,move to,LOC_남측제1방어선,2026-09-11T13:26:07,"(21.38709299, -157.74436305)"
FRAHS001,FFE-on-Location,LOC_적포병진지,2026-09-11T13:26:07,"(21.39112388, -157.73719220)"
FRTRK2002,move to,LOC_남측제1방어선,2026-09-11T13:26:07,"(21.38725734, -157.74452048)"
FRTRK2004,move to,LOC_남측제1방어선,2026-09-11T13:26:07,"(21.38717179, -157.74438559)"
FRM109002,move to,LOC_중앙킬존남측,2026-09-11T13:26:08,"(21.38139202, -157.74665306)"
FRTRK1003,move to,LOC_남측제1방어선,2026-09-11T13:26:08,"(21.38734709, -157.74454133)"
FRTRK1001,move to,LOC_남측제1방어선,2026-09-11T13:26:08,"(21.38743593, -157.74454587)"
FRTRK1005,move to,LOC_남측제1방어선,2026-09-11T13:26:08,"(21.38722073, -157.74450677)"
FRTRK2001,move to,LOC_남측제1방어선,2026-09-11T13:26:08,"(21.38730204, -157.74452973)"
FRTRK1002,move to,LOC_남측제1방어선,2026-09-11T13:26:08,"(21.38739105, -157.74454005)"
FRTRK2003,move to,LOC_남측제1방어선,2026-09-11T13:26:08,"(21.38713820, -157.74437241)"
FRLAV002,move to,LOC_중앙킬존남측,2026-09-11T13:26:08,"(21.39027038, -157.74138154)"
FRLAV001,move to,LOC_중앙킬존남측,2026-09-11T13:26:08,"(21.39019654, -157.74131733)"
FRLAV003,move to,LOC_중앙킬존남측,2026-09-11T13:26:08,"(21.39027209, -157.74148430)"
FRLAV005,move to,LOC_중앙킬존남측,2026-09-11T13:26:08,"(21.39033487, -157.74165781)"
FRLAV004,move to,LOC_중앙킬존남측,2026-09-11T13:26:08,"(21.39031599, -157.74156470)"
FRTRK1004,move to,LOC_남측제1방어선,2026-09-11T13:26:08,"(21.38709335, -157.74436717)"
FRAHS001,FFE-on-Location,LOC_적포병진지,2026-09-11T13:26:08,"(21.39112388, -157.73719220)"
FRTRK2002,move to,LOC_남측제1방어선,2026-09-11T13:26:08,"(21.38725770, -157.74452355)"
FRTRK2004,move to,LOC_남측제1방어선,2026-09-11T13:26:08,"(21.38717135, -157.74438126)"
FRM109002,move to,LOC_중앙킬존남측,2026-09-11T13:26:09,"(21.38139202, -157.74665306)"
FRTRK1003,move to,LOC_남측제1방어선,2026-09-11T13:26:09,"(21.38734709, -157.74454133)"
FRTRK1001,move to,LOC_남측제1방어선,2026-09-11T13:26:09,"(21.38743593, -157.74454587)"
FRTRK1005,move to,LOC_남측제1방어선,2026-09-11T13:26:09,"(21.38722073, -157.74450677)"
FRTRK2001,move to,LOC_남측제1방어선,2026-09-11T13:26:09,"(21.38730204, -157.74452973)"
FRTRK1002,move to,LOC_남측제1방어선,2026-09-11T13:26:09,"(21.38739105, -157.74454005)"
FRTRK2003,move to,LOC_남측제1방어선,2026-09-11T13:26:09,"(21.38713820, -157.74437241)"
FRLAV002,move to,LOC_중앙킬존남측,2026-09-11T13:26:09,"(21.39027038, -157.74138154)"
FRLAV001,move to,LOC_중앙킬존남측,2026-09-11T13:26:09,"(21.39019654, -157.74131733)"
FRLAV003,move to,LOC_중앙킬존남측,2026-09-11T13:26:09,"(21.39027209, -157.74148430)"
FRLAV005,move to,LOC_중앙킬존남측,2026-09-11T13:26:09,"(21.39033487, -157.74165781)"
FRLAV004,move to,LOC_중앙킬존남측,2026-09-11T13:26:09,"(21.39031599, -157.74156470)"
FRTRK1004,move to,LOC_남측제1방어선,2026-09-11T13:26:09,"(21.38709335, -157.74436717)"
FRAHS001,FFE-on-Location,LOC_적포병진지,2026-09-11T13:26:09,"(21.39112388, -157.73719220)"
FRTRK2002,move to,LOC_남측제1방어선,2026-09-11T13:26:09,"(21.38725770, -157.74452355)"
FRTRK2004,move to,LOC_남측제1방어선,2026-09-11T13:26:09,"(21.38717135, -157.74438126)"
FRM109002,move to,LOC_중앙킬존남측,2026-09-11T13:26:10,"(21.38123806, -157.74658611)"
FRTRK1003,move to,LOC_남측제1방어선,2026-09-11T13:26:10,"(21.38734677, -157.74453887)"
FRTRK1001,move to,LOC_남측제1방어선,2026-09-11T13:26:10,"(21.38743616, -157.74454743)"
FRTRK1005,move to,LOC_남측제1방어선,2026-09-11T13:26:10,"(21.38722099, -157.74450919)"
FRTRK2001,move to,LOC_남측제1방어선,2026-09-11T13:26:10,"(21.38730261, -157.74453434)"
FRTRK1002,move to,LOC_남측제1방어선,2026-09-11T13:26:10,"(21.38739152, -157.74454341)"
FRTRK2003,move to,LOC_남측제1방어선,2026-09-11T13:26:10,"(21.38713863, -157.74437689)"
FRLAV002,move to,LOC_중앙킬존남측,2026-09-11T13:26:10,"(21.39027151, -157.74138094)"
FRLAV001,move to,LOC_중앙킬존남측,2026-09-11T13:26:10,"(21.39019625, -157.74131749)"
FRLAV003,move to,LOC_중앙킬존남측,2026-09-11T13:26:10,"(21.39027359, -157.74148351)"
FRLAV005,move to,LOC_중앙킬존남측,2026-09-11T13:26:10,"(21.39033331, -157.74165859)"
FRLAV004,move to,LOC_중앙킬존남측,2026-09-11T13:26:10,"(21.39031732, -157.74156402)"
FRTRK1004,move to,LOC_남측제1방어선,2026-09-11T13:26:10,"(21.38709373, -157.74437138)"
FRAHS001,FFE-on-Location,LOC_적포병진지,2026-09-11T13:26:10,"(21.39112388, -157.73719220)"
FRTRK2002,move to,LOC_남측제1방어선,2026-09-11T13:26:10,"(21.38725817, -157.74452763)"
FRTRK2004,move to,LOC_남측제1방어선,2026-09-11T13:26:10,"(21.38717089, -157.74437681)"
FRM109002,move to,LOC_중앙킬존남측,2026-09-11T13:26:11,"(21.38123806, -157.74658611)"
FRTRK1003,move to,LOC_남측제1방어선,2026-09-11T13:26:11,"(21.38734677, -157.74453887)"
FRTRK1001,move to,LOC_남측제1방어선,2026-09-11T13:26:11,"(21.38743616, -157.74454743)"
FRTRK1005,move to,LOC_남측제1방어선,2026-09-11T13:26:11,"(21.38722099, -157.74450919)"
FRTRK2001,move to,LOC_남측제1방어선,2026-09-11T13:26:11,"(21.38730261, -157.74453434)"
FRTRK1002,move to,LOC_남측제1방어선,2026-09-11T13:26:11,"(21.38739152, -157.74454341)"
FRTRK2003,move to,LOC_남측제1방어선,2026-09-11T13:26:11,"(21.38713863, -157.74437689)"
FRLAV002,move to,LOC_중앙킬존남측,2026-09-11T13:26:11,"(21.39027151, -157.74138094)"
FRLAV001,move to,LOC_중앙킬존남측,2026-09-11T13:26:11,"(21.39019625, -157.74131749)"
FRLAV003,move to,LOC_중앙킬존남측,2026-09-11T13:26:11,"(21.39027359, -157.74148351)"
FRLAV005,move to,LOC_중앙킬존남측,2026-09-11T13:26:11,"(21.39033331, -157.74165859)"
FRLAV004,move to,LOC_중앙킬존남측,2026-09-11T13:26:11,"(21.39031732, -157.74156402)"
FRTRK1004,move to,LOC_남측제1방어선,2026-09-11T13:26:11,"(21.38709373, -157.74437138)"
FRAHS001,FFE-on-Location,LOC_적포병진지,2026-09-11T13:26:11,"(21.39112388, -157.73719220)"
FRTRK2002,move to,LOC_남측제1방어선,2026-09-11T13:26:11,"(21.38725817, -157.74452763)"
FRTRK2004,move to,LOC_남측제1방어선,2026-09-11T13:26:11,"(21.38717089, -157.74437681)"
FRM109002,move to,LOC_중앙킬존남측,2026-09-11T13:26:12,"(21.38106278, -157.74650989)"
FRTRK1003,move to,LOC_남측제1방어선,2026-09-11T13:26:12,"(21.38734612, -157.74453391)"
FRTRK1001,move to,LOC_남측제1방어선,2026-09-11T13:26:12,"(21.38743577, -157.74454476)"
FRTRK1005,move to,LOC_남측제1방어선,2026-09-11T13:26:12,"(21.38722146, -157.74451347)"
FRTRK2001,move to,LOC_남측제1방어선,2026-09-11T13:26:12,"(21.38730298, -157.74453732)"
FRTRK1002,move to,LOC_남측제1방어선,2026-09-11T13:26:12,"(21.38739146, -157.74454301)"
FRTRK2003,move to,LOC_남측제1방어선,2026-09-11T13:26:12,"(21.38713892, -157.74437988)"
FRLAV002,move to,LOC_중앙킬존남측,2026-09-11T13:26:12,"(21.39027298, -157.74138016)"
FRLAV001,move to,LOC_중앙킬존남측,2026-09-11T13:26:12,"(21.39019628, -157.74131747)"
FRLAV003,move to,LOC_중앙킬존남측,2026-09-11T13:26:12,"(21.39026948, -157.74148566)"
FRLAV005,move to,LOC_중앙킬존남측,2026-09-11T13:26:12,"(21.39033268, -157.74165891)"
FRLAV004,move to,LOC_중앙킬존남측,2026-09-11T13:26:12,"(21.39031877, -157.74156328)"
FRTRK1004,move to,LOC_남측제1방어선,2026-09-11T13:26:12,"(21.38709396, -157.74437402)"
FRAHS001,FFE-on-Location,LOC_적포병진지,2026-09-11T13:26:12,"(21.39112388, -157.73719220)"
FRTRK2002,move to,LOC_남측제1방어선,2026-09-11T13:26:12,"(21.38725859, -157.74453131)"
FRTRK2004,move to,LOC_남측제1방어선,2026-09-11T13:26:12,"(21.38717063, -157.74437428)"
FRM109002,move to,LOC_중앙킬존남측,2026-09-11T13:26:13,"(21.38106278, -157.74650989)"
FRTRK1003,move to,LOC_남측제1방어선,2026-09-11T13:26:13,"(21.38734612, -157.74453391)"
FRTRK1001,move to,LOC_남측제1방어선,2026-09-11T13:26:13,"(21.38743577, -157.74454476)"
FRTRK1005,move to,LOC_남측제1방어선,2026-09-11T13:26:13,"(21.38722146, -157.74451347)"
FRTRK2001,move to,LOC_남측제1방어선,2026-09-11T13:26:13,"(21.38730298, -157.74453732)"
FRTRK1002,move to,LOC_남측제1방어선,2026-09-11T13:26:13,"(21.38739146, -157.74454301)"
FRTRK2003,move to,LOC_남측제1방어선,2026-09-11T13:26:13,"(21.38713892, -157.74437988)"
FRLAV002,move to,LOC_중앙킬존남측,2026-09-11T13:26:13,"(21.39027298, -157.74138016)"
FRLAV001,move to,LOC_중앙킬존남측,2026-09-11T13:26:13,"(21.39019628, -157.74131747)"
FRLAV003,move to,LOC_중앙킬존남측,2026-09-11T13:26:13,"(21.39026948, -157.74148566)"
FRLAV005,move to,LOC_중앙킬존남측,2026-09-11T13:26:13,"(21.39033268, -157.74165891)"
FRLAV004,move to,LOC_중앙킬존남측,2026-09-11T13:26:13,"(21.39031877, -157.74156328)"
FRTRK1004,move to,LOC_남측제1방어선,2026-09-11T13:26:13,"(21.38709396, -157.74437402)"
FRAHS001,FFE-on-Location,LOC_적포병진지,2026-09-11T13:26:13,"(21.39112388, -157.73719220)"
FRTRK2002,move to,LOC_남측제1방어선,2026-09-11T13:26:13,"(21.38725859, -157.74453131)"
FRTRK2004,move to,LOC_남측제1방어선,2026-09-11T13:26:13,"(21.38717063, -157.74437428)"
FRM109002,move to,LOC_중앙킬존남측,2026-09-11T13:26:14,"(21.38097071, -157.74646985)"
FRTRK1003,move to,LOC_남측제1방어선,2026-09-11T13:26:14,"(21.38734565, -157.74453040)"
FRTRK1001,move to,LOC_남측제1방어선,2026-09-11T13:26:14,"(21.38743503, -157.74453975)"
FRTRK1005,move to,LOC_남측제1방어선,2026-09-11T13:26:14,"(21.38722197, -157.74451814)"
FRTRK2001,move to,LOC_남측제1방어선,2026-09-11T13:26:14,"(21.38730281, -157.74453597)"
FRTRK1002,move to,LOC_남측제1방어선,2026-09-11T13:26:14,"(21.38739086, -157.74453869)"
FRTRK2003,move to,LOC_남측제1방어선,2026-09-11T13:26:14,"(21.38713882, -157.74437881)"
FRLAV002,move to,LOC_중앙킬존남측,2026-09-11T13:26:14,"(21.39027459, -157.74137930)"
FRLAV001,move to,LOC_중앙킬존남측,2026-09-11T13:26:14,"(21.39019667, -157.74131726)"
FRLAV003,move to,LOC_중앙킬존남측,2026-09-11T13:26:14,"(21.39026805, -157.74148641)"
FRLAV005,move to,LOC_중앙킬존남측,2026-09-11T13:26:14,"(21.39033309, -157.74165870)"
FRLAV004,move to,LOC_중앙킬존남측,2026-09-11T13:26:14,"(21.39032013, -157.74156258)"
FRTRK1004,move to,LOC_남측제1방어선,2026-09-11T13:26:14,"(21.38709386, -157.74437293)"
FRAHS001,FFE-on-Location,LOC_적포병진지,2026-09-11T13:26:14,"(21.39112388, -157.73719220)"
FRTRK2002,move to,LOC_남측제1방어선,2026-09-11T13:26:14,"(21.38725867, -157.74453201)"
FRTRK2004,move to,LOC_남측제1방어선,2026-09-11T13:26:14,"(21.38717080, -157.74437597)"
FRM109002,move to,LOC_중앙킬존남측,2026-09-11T13:26:15,"(21.38097071, -157.74646985)"
FRTRK1003,move to,LOC_남측제1방어선,2026-09-11T13:26:15,"(21.38734565, -157.74453040)"
FRTRK1001,move to,LOC_남측제1방어선,2026-09-11T13:26:15,"(21.38743503, -157.74453975)"
FRTRK1005,move to,LOC_남측제1방어선,2026-09-11T13:26:15,"(21.38722197, -157.74451814)"
FRTRK2001,move to,LOC_남측제1방어선,2026-09-11T13:26:15,"(21.38730281, -157.74453597)"
FRTRK1002,move to,LOC_남측제1방어선,2026-09-11T13:26:15,"(21.38739086, -157.74453869)"
FRTRK2003,move to,LOC_남측제1방어선,2026-09-11T13:26:15,"(21.38713882, -157.74437881)"
FRLAV002,move to,LOC_중앙킬존남측,2026-09-11T13:26:15,"(21.39027459, -157.74137930)"
FRLAV001,move to,LOC_중앙킬존남측,2026-09-11T13:26:15,"(21.39019667, -157.74131726)"
FRLAV003,move to,LOC_중앙킬존남측,2026-09-11T13:26:15,"(21.39026805, -157.74148641)"
FRLAV005,move to,LOC_중앙킬존남측,2026-09-11T13:26:15,"(21.39033309, -157.74165870)"
FRLAV004,move to,LOC_중앙킬존남측,2026-09-11T13:26:15,"(21.39032013, -157.74156258)"
FRTRK1004,move to,LOC_남측제1방어선,2026-09-11T13:26:15,"(21.38709386, -157.74437293)"
FRAHS001,FFE-on-Location,LOC_적포병진지,2026-09-11T13:26:15,"(21.39112388, -157.73719220)"
FRTRK2002,move to,LOC_남측제1방어선,2026-09-11T13:26:15,"(21.38725867, -157.74453201)"
FRTRK2004,move to,LOC_남측제1방어선,2026-09-11T13:26:15,"(21.38717080, -157.74437597)"
FRM109002,move to,LOC_중앙킬존남측,2026-09-11T13:26:16,"(21.38097071, -157.74646985)"
FRTRK1003,move to,LOC_남측제1방어선,2026-09-11T13:26:16,"(21.38734565, -157.74453040)"
FRTRK1001,move to,LOC_남측제1방어선,2026-09-11T13:26:16,"(21.38743503, -157.74453975)"
FRTRK1005,move to,LOC_남측제1방어선,2026-09-11T13:26:16,"(21.38722197, -157.74451814)"
FRTRK2001,move to,LOC_남측제1방어선,2026-09-11T13:26:16,"(21.38730281, -157.74453597)"
FRTRK1002,move to,LOC_남측제1방어선,2026-09-11T13:26:16,"(21.38739086, -157.74453869)"
FRTRK2003,move to,LOC_남측제1방어선,2026-09-11T13:26:16,"(21.38713882, -157.74437881)"
FRLAV002,move to,LOC_중앙킬존남측,2026-09-11T13:26:16,"(21.39027459, -157.74137930)"
FRLAV001,move to,LOC_중앙킬존남측,2026-09-11T13:26:16,"(21.39019667, -157.74131726)"
FRLAV003,move to,LOC_중앙킬존남측,2026-09-11T13:26:16,"(21.39026805, -157.74148641)"
FRLAV005,move to,LOC_중앙킬존남측,2026-09-11T13:26:16,"(21.39033309, -157.74165870)"
FRLAV004,move to,LOC_중앙킬존남측,2026-09-11T13:26:16,"(21.39032013, -157.74156258)"
FRTRK1004,move to,LOC_남측제1방어선,2026-09-11T13:26:16,"(21.38709386, -157.74437293)"
FRAHS001,FFE-on-Location,LOC_적포병진지,2026-09-11T13:26:16,"(21.39112388, -157.73719220)"
FRTRK2002,move to,LOC_남측제1방어선,2026-09-11T13:26:16,"(21.38725867, -157.74453201)"
FRTRK2004,move to,LOC_남측제1방어선,2026-09-11T13:26:16,"(21.38717080, -157.74437597)"
FRM109002,move to,LOC_중앙킬존남측,2026-09-11T13:26:17,"(21.38094491, -157.74645865)"
FRTRK1003,move to,LOC_남측제1방어선,2026-09-11T13:26:17,"(21.38734570, -157.74453077)"
FRTRK1001,move to,LOC_남측제1방어선,2026-09-11T13:26:17,"(21.38743454, -157.74453647)"
FRTRK1005,move to,LOC_남측제1방어선,2026-09-11T13:26:17,"(21.38722230, -157.74452119)"
FRTRK2001,move to,LOC_남측제1방어선,2026-09-11T13:26:17,"(21.38730225, -157.74453147)"
FRTRK1002,move to,LOC_남측제1방어선,2026-09-11T13:26:17,"(21.38739021, -157.74453408)"
FRTRK2003,move to,LOC_남측제1방어선,2026-09-11T13:26:17,"(21.38713841, -157.74437459)"
FRLAV002,move to,LOC_중앙킬존남측,2026-09-11T13:26:17,"(21.39027618, -157.74137845)"
FRLAV001,move to,LOC_중앙킬존남측,2026-09-11T13:26:17,"(21.39019740, -157.74131686)"
FRLAV003,move to,LOC_중앙킬존남측,2026-09-11T13:26:17,"(21.39026723, -157.74148684)"
FRLAV005,move to,LOC_중앙킬존남측,2026-09-11T13:26:17,"(21.39033446, -157.74165801)"
FRLAV004,move to,LOC_중앙킬존남측,2026-09-11T13:26:17,"(21.39032141, -157.74156193)"
FRTRK1004,move to,LOC_남측제1방어선,2026-09-11T13:26:17,"(21.38709351, -157.74436895)"
FRAHS001,FFE-on-Location,LOC_적포병진지,2026-09-11T13:26:17,"(21.39112388, -157.73719220)"
FRTRK2002,move to,LOC_남측제1방어선,2026-09-11T13:26:17,"(21.38725838, -157.74452948)"
FRTRK2004,move to,LOC_남측제1방어선,2026-09-11T13:26:17,"(21.38717127, -157.74438051)"
FRM109002,move to,LOC_중앙킬존남측,2026-09-11T13:26:18,"(21.38094491, -157.74645865)"
FRTRK1003,move to,LOC_남측제1방어선,2026-09-11T13:26:18,"(21.38734570, -157.74453077)"
FRTRK1001,move to,LOC_남측제1방어선,2026-09-11T13:26:18,"(21.38743454, -157.74453647)"
FRTRK1005,move to,LOC_남측제1방어선,2026-09-11T13:26:18,"(21.38722230, -157.74452119)"
FRTRK2001,move to,LOC_남측제1방어선,2026-09-11T13:26:18,"(21.38730225, -157.74453147)"
FRTRK1002,move to,LOC_남측제1방어선,2026-09-11T13:26:18,"(21.38739021, -157.74453408)"
FRTRK2003,move to,LOC_남측제1방어선,2026-09-11T13:26:18,"(21.38713841, -157.74437459)"
FRLAV002,move to,LOC_중앙킬존남측,2026-09-11T13:26:18,"(21.39027618, -157.74137845)"
FRLAV001,move to,LOC_중앙킬존남측,2026-09-11T13:26:18,"(21.39019740, -157.74131686)"
FRLAV003,move to,LOC_중앙킬존남측,2026-09-11T13:26:18,"(21.39026723, -157.74148684)"
FRLAV005,move to,LOC_중앙킬존남측,2026-09-11T13:26:18,"(21.39033446, -157.74165801)"
FRLAV004,move to,LOC_중앙킬존남측,2026-09-11T13:26:18,"(21.39032141, -157.74156193)"
FRTRK1004,move to,LOC_남측제1방어선,2026-09-11T13:26:18,"(21.38709351, -157.74436895)"
FRAHS001,FFE-on-Location,LOC_적포병진지,2026-09-11T13:26:18,"(21.39112388, -157.73719220)"
FRTRK2002,move to,LOC_남측제1방어선,2026-09-11T13:26:18,"(21.38725838, -157.74452948)"
FRTRK2004,move to,LOC_남측제1방어선,2026-09-11T13:26:18,"(21.38717127, -157.74438051)"
FRM109002,move to,LOC_중앙킬존남측,2026-09-11T13:26:19,"(21.38091314, -157.74644488)"
FRTRK1003,move to,LOC_남측제1방어선,2026-09-11T13:26:19,"(21.38734623, -157.74453481)"
FRTRK1001,move to,LOC_남측제1방어선,2026-09-11T13:26:19,"(21.38743467, -157.74453735)"
FRTRK1005,move to,LOC_남측제1방어선,2026-09-11T13:26:19,"(21.38722234, -157.74452151)"
FRTRK2001,move to,LOC_남측제1방어선,2026-09-11T13:26:19,"(21.38730170, -157.74452701)"
FRTRK1002,move to,LOC_남측제1방어선,2026-09-11T13:26:19,"(21.38739002, -157.74453270)"
FRTRK2003,move to,LOC_남측제1방어선,2026-09-11T13:26:19,"(21.38713798, -157.74437008)"
FRLAV002,move to,LOC_중앙킬존남측,2026-09-11T13:26:19,"(21.39027782, -157.74137757)"
FRLAV001,move to,LOC_중앙킬존남측,2026-09-11T13:26:19,"(21.39019851, -157.74131626)"
FRLAV003,move to,LOC_중앙킬존남측,2026-09-11T13:26:19,"(21.39026698, -157.74148697)"
FRLAV005,move to,LOC_중앙킬존남측,2026-09-11T13:26:19,"(21.39033619, -157.74165715)"
FRLAV004,move to,LOC_중앙킬존남측,2026-09-11T13:26:19,"(21.39032266, -157.74156129)"
FRTRK1004,move to,LOC_남측제1방어선,2026-09-11T13:26:19,"(21.38709312, -157.74436456)"
FRAHS001,FFE-on-Location,LOC_적포병진지,2026-09-11T13:26:19,"(21.39112388, -157.73719220)"
FRTRK2002,move to,LOC_남측제1방어선,2026-09-11T13:26:19,"(21.38725788, -157.74452512)"
FRTRK2004,move to,LOC_남측제1방어선,2026-09-11T13:26:19,"(21.38717171, -157.74438479)"
FRM109002,move to,LOC_중앙킬존남측,2026-09-11T13:26:20,"(21.38091314, -157.74644488)"
FRTRK1003,move to,LOC_남측제1방어선,2026-09-11T13:26:20,"(21.38734623, -157.74453481)"
FRTRK1001,move to,LOC_남측제1방어선,2026-09-11T13:26:20,"(21.38743467, -157.74453735)"
FRTRK1005,move to,LOC_남측제1방어선,2026-09-11T13:26:20,"(21.38722234, -157.74452151)"
FRTRK2001,move to,LOC_남측제1방어선,2026-09-11T13:26:20,"(21.38730170, -157.74452701)"
FRTRK1002,move to,LOC_남측제1방어선,2026-09-11T13:26:20,"(21.38739002, -157.74453270)"
FRTRK2003,move to,LOC_남측제1방어선,2026-09-11T13:26:20,"(21.38713798, -157.74437008)"
FRLAV002,move to,LOC_중앙킬존남측,2026-09-11T13:26:20,"(21.39027782, -157.74137757)"
FRLAV001,move to,LOC_중앙킬존남측,2026-09-11T13:26:20,"(21.39019851, -157.74131626)"
FRLAV003,move to,LOC_중앙킬존남측,2026-09-11T13:26:20,"(21.39026698, -157.74148697)"
FRLAV005,move to,LOC_중앙킬존남측,2026-09-11T13:26:20,"(21.39033619, -157.74165715)"
FRLAV004,move to,LOC_중앙킬존남측,2026-09-11T13:26:20,"(21.39032266, -157.74156129)"
FRTRK1004,move to,LOC_남측제1방어선,2026-09-11T13:26:20,"(21.38709312, -157.74436456)"
FRAHS001,FFE-on-Location,LOC_적포병진지,2026-09-11T13:26:20,"(21.39112388, -157.73719220)"
FRTRK2002,move to,LOC_남측제1방어선,2026-09-11T13:26:20,"(21.38725788, -157.74452512)"
FRTRK2004,move to,LOC_남측제1방어선,2026-09-11T13:26:20,"(21.38717171, -157.74438479)"
FRM109002,move to,LOC_중앙킬존남측,2026-09-11T13:26:21,"(21.38087766, -157.74642949)"
FRTRK1003,move to,LOC_남측제1방어선,2026-09-11T13:26:21,"(21.38734683, -157.74453934)"
FRTRK1001,move to,LOC_남측제1방어선,2026-09-11T13:26:21,"(21.38743532, -157.74454174)"
FRTRK1005,move to,LOC_남측제1방어선,2026-09-11T13:26:21,"(21.38722205, -157.74451891)"
FRTRK2001,move to,LOC_남측제1방어선,2026-09-11T13:26:21,"(21.38730156, -157.74452584)"
FRTRK1002,move to,LOC_남측제1방어선,2026-09-11T13:26:21,"(21.38739045, -157.74453578)"
FRTRK2003,move to,LOC_남측제1방어선,2026-09-11T13:26:21,"(21.38713782, -157.74436849)"
FRLAV002,move to,LOC_중앙킬존남측,2026-09-11T13:26:21,"(21.39027432, -157.74137944)"
FRLAV001,move to,LOC_중앙킬존남측,2026-09-11T13:26:21,"(21.39019992, -157.74131549)"
FRLAV003,move to,LOC_중앙킬존남측,2026-09-11T13:26:21,"(21.39026733, -157.74148678)"
FRLAV005,move to,LOC_중앙킬존남측,2026-09-11T13:26:21,"(21.39033790, -157.74165629)"
FRLAV004,move to,LOC_중앙킬존남측,2026-09-11T13:26:21,"(21.39032384, -157.74156068)"
FRTRK1004,move to,LOC_남측제1방어선,2026-09-11T13:26:21,"(21.38709297, -157.74436275)"
FRAHS001,FFE-on-Location,LOC_적포병진지,2026-09-11T13:26:21,"(21.39112388, -157.73719220)"
FRTRK2002,move to,LOC_남측제1방어선,2026-09-11T13:26:21,"(21.38725747, -157.74452162)"
FRTRK2004,move to,LOC_남측제1방어선,2026-09-11T13:26:21,"(21.38717179, -157.74438561)"
FRM109002,move to,LOC_중앙킬존남측,2026-09-11T13:26:21,"(21.38087766, -157.74642949)"
FRTRK1003,move to,LOC_남측제1방어선,2026-09-11T13:26:21,"(21.38734683, -157.74453934)"
FRTRK1001,move to,LOC_남측제1방어선,2026-09-11T13:26:21,"(21.38743532, -157.74454174)"
FRTRK1005,move to,LOC_남측제1방어선,2026-09-11T13:26:21,"(21.38722205, -157.74451891)"
FRTRK2001,move to,LOC_남측제1방어선,2026-09-11T13:26:21,"(21.38730156, -157.74452584)"
FRTRK1002,move to,LOC_남측제1방어선,2026-09-11T13:26:21,"(21.38739045, -157.74453578)"
FRTRK2003,move to,LOC_남측제1방어선,2026-09-11T13:26:21,"(21.38713782, -157.74436849)"
FRLAV002,move to,LOC_중앙킬존남측,2026-09-11T13:26:21,"(21.39027432, -157.74137944)"
FRLAV001,move to,LOC_중앙킬존남측,2026-09-11T13:26:21,"(21.39019992, -157.74131549)"
FRLAV003,move to,LOC_중앙킬존남측,2026-09-11T13:26:21,"(21.39026733, -157.74148678)"
FRLAV005,move to,LOC_중앙킬존남측,2026-09-11T13:26:21,"(21.39033790, -157.74165629)"
FRLAV004,move to,LOC_중앙킬존남측,2026-09-11T13:26:21,"(21.39032384, -157.74156068)"
FRTRK1004,move to,LOC_남측제1방어선,2026-09-11T13:26:21,"(21.38709297, -157.74436275)"
FRAHS001,FFE-on-Location,LOC_적포병진지,2026-09-11T13:26:21,"(21.39112388, -157.73719220)"
FRTRK2002,move to,LOC_남측제1방어선,2026-09-11T13:26:21,"(21.38725747, -157.74452162)"
FRTRK2004,move to,LOC_남측제1방어선,2026-09-11T13:26:21,"(21.38717179, -157.74438561)"
FRTRK1003,move to,LOC_남측제1방어선,2026-09-11T13:26:22,"(21.38734706, -157.74454109)"
FRTRK1001,move to,LOC_남측제1방어선,2026-09-11T13:26:22,"(21.38743597, -157.74454613)"
FRTRK1005,move to,LOC_남측제1방어선,2026-09-11T13:26:22,"(21.38722157, -157.74451453)"
FRTRK2001,move to,LOC_남측제1방어선,2026-09-11T13:26:22,"(21.38730192, -157.74452877)"
FRTRK1002,move to,LOC_남측제1방어선,2026-09-11T13:26:22,"(21.38739115, -157.74454077)"
FRTRK2003,move to,LOC_남측제1방어선,2026-09-11T13:26:22,"(21.38713805, -157.74437088)"
FRLAV002,move to,LOC_중앙킬존남측,2026-09-11T13:26:22,"(21.39027239, -157.74138047)"
FRLAV001,move to,LOC_중앙킬존남측,2026-09-11T13:26:22,"(21.39020158, -157.74131459)"
FRLAV003,move to,LOC_중앙킬존남측,2026-09-11T13:26:22,"(21.39026829, -157.74148629)"
FRLAV005,move to,LOC_중앙킬존남측,2026-09-11T13:26:22,"(21.39033377, -157.74165836)"
FRLAV004,move to,LOC_중앙킬존남측,2026-09-11T13:26:22,"(21.39032498, -157.74156010)"
FRTRK1004,move to,LOC_남측제1방어선,2026-09-11T13:26:22,"(21.38709314, -157.74436471)"
FRAHS001,FFE-on-Location,LOC_적포병진지,2026-09-11T13:26:22,"(21.39112388, -157.73719220)"
FRTRK2002,move to,LOC_남측제1방어선,2026-09-11T13:26:22,"(21.38725738, -157.74452084)"
FRTRK2004,move to,LOC_남측제1방어선,2026-09-11T13:26:22,"(21.38717146, -157.74438236)"
ENM35004,move to,LOC_적북측접근로,2026-09-11T13:26:22,"(21.37135376, -157.74164473)"
ENM35001,move to,LOC_적북측접근로,2026-09-11T13:26:22,"(21.37137640, -157.74154478)"
FRTRK1003,move to,LOC_남측제1방어선,2026-09-11T13:26:23,"(21.38734706, -157.74454109)"
FRTRK1001,move to,LOC_남측제1방어선,2026-09-11T13:26:23,"(21.38743597, -157.74454613)"
FRTRK1005,move to,LOC_남측제1방어선,2026-09-11T13:26:23,"(21.38722157, -157.74451453)"
FRTRK2001,move to,LOC_남측제1방어선,2026-09-11T13:26:23,"(21.38730192, -157.74452877)"
FRTRK1002,move to,LOC_남측제1방어선,2026-09-11T13:26:23,"(21.38739115, -157.74454077)"
FRTRK2003,move to,LOC_남측제1방어선,2026-09-11T13:26:23,"(21.38713805, -157.74437088)"
FRLAV002,move to,LOC_중앙킬존남측,2026-09-11T13:26:23,"(21.39027239, -157.74138047)"
FRLAV001,move to,LOC_중앙킬존남측,2026-09-11T13:26:23,"(21.39020158, -157.74131459)"
FRLAV003,move to,LOC_중앙킬존남측,2026-09-11T13:26:23,"(21.39026829, -157.74148629)"
FRLAV005,move to,LOC_중앙킬존남측,2026-09-11T13:26:23,"(21.39033377, -157.74165836)"
FRLAV004,move to,LOC_중앙킬존남측,2026-09-11T13:26:23,"(21.39032498, -157.74156010)"
FRTRK1004,move to,LOC_남측제1방어선,2026-09-11T13:26:23,"(21.38709314, -157.74436471)"
FRAHS001,FFE-on-Location,LOC_적포병진지,2026-09-11T13:26:23,"(21.39112388, -157.73719220)"
FRTRK2002,move to,LOC_남측제1방어선,2026-09-11T13:26:23,"(21.38725738, -157.74452084)"
FRTRK2004,move to,LOC_남측제1방어선,2026-09-11T13:26:23,"(21.38717146, -157.74438236)"
ENM35004,move to,LOC_적북측접근로,2026-09-11T13:26:23,"(21.37135376, -157.74164473)"
ENM35001,move to,LOC_적북측접근로,2026-09-11T13:26:23,"(21.37137640, -157.74154478)"
FRTRK1003,move to,LOC_남측제1방어선,2026-09-11T13:26:24,"(21.38734676, -157.74453877)"
FRTRK1001,move to,LOC_남측제1방어선,2026-09-11T13:26:24,"(21.38743609, -157.74454695)"
FRTRK1005,move to,LOC_남측제1방어선,2026-09-11T13:26:24,"(21.38722113, -157.74451052)"
FRTRK2001,move to,LOC_남측제1방어선,2026-09-11T13:26:24,"(21.38730251, -157.74453354)"
FRTRK1002,move to,LOC_남측제1방어선,2026-09-11T13:26:24,"(21.38739153, -157.74454351)"
FRTRK2003,move to,LOC_남측제1방어선,2026-09-11T13:26:24,"(21.38713849, -157.74437546)"
FRLAV002,move to,LOC_중앙킬존남측,2026-09-11T13:26:24,"(21.39027093, -157.74138125)"
FRLAV001,move to,LOC_중앙킬존남측,2026-09-11T13:26:24,"(21.39020320, -157.74131371)"
FRTRK1004,move to,LOC_남측제1방어선,2026-09-11T13:26:24,"(21.38709352, -157.74436900)"
FRAHS001,FFE-on-Location,LOC_적포병진지,2026-09-11T13:26:24,"(21.39112388, -157.73719220)"
FRTRK2002,move to,LOC_남측제1방어선,2026-09-11T13:26:24,"(21.38725765, -157.74452319)"
FRTRK2004,move to,LOC_남측제1방어선,2026-09-11T13:26:24,"(21.38717097, -157.74437765)"
ENM35001,move to,LOC_적북측접근로,2026-09-11T13:26:24,"(21.37138007, -157.74152928)"
FRTRK1003,move to,LOC_남측제1방어선,2026-09-11T13:26:25,"(21.38734676, -157.74453877)"
FRTRK1001,move to,LOC_남측제1방어선,2026-09-11T13:26:25,"(21.38743609, -157.74454695)"
FRTRK1005,move to,LOC_남측제1방어선,2026-09-11T13:26:25,"(21.38722113, -157.74451052)"
FRTRK2001,move to,LOC_남측제1방어선,2026-09-11T13:26:25,"(21.38730251, -157.74453354)"
FRTRK1002,move to,LOC_남측제1방어선,2026-09-11T13:26:25,"(21.38739153, -157.74454351)"
FRTRK2003,move to,LOC_남측제1방어선,2026-09-11T13:26:25,"(21.38713849, -157.74437546)"
FRLAV002,move to,LOC_중앙킬존남측,2026-09-11T13:26:25,"(21.39027093, -157.74138125)"
FRLAV001,move to,LOC_중앙킬존남측,2026-09-11T13:26:25,"(21.39020320, -157.74131371)"
FRTRK1004,move to,LOC_남측제1방어선,2026-09-11T13:26:25,"(21.38709352, -157.74436900)"
FRAHS001,FFE-on-Location,LOC_적포병진지,2026-09-11T13:26:25,"(21.39112388, -157.73719220)"
FRTRK2002,move to,LOC_남측제1방어선,2026-09-11T13:26:25,"(21.38725765, -157.74452319)"
FRTRK2004,move to,LOC_남측제1방어선,2026-09-11T13:26:25,"(21.38717097, -157.74437765)"
ENM35001,move to,LOC_적북측접근로,2026-09-11T13:26:25,"(21.37138007, -157.74152928)"
FRTRK1003,move to,LOC_남측제1방어선,2026-09-11T13:26:26,"(21.38734676, -157.74453877)"
FRTRK1001,move to,LOC_남측제1방어선,2026-09-11T13:26:26,"(21.38743609, -157.74454695)"
FRTRK1005,move to,LOC_남측제1방어선,2026-09-11T13:26:26,"(21.38722113, -157.74451052)"
FRTRK2001,move to,LOC_남측제1방어선,2026-09-11T13:26:26,"(21.38730251, -157.74453354)"
FRTRK1002,move to,LOC_남측제1방어선,2026-09-11T13:26:26,"(21.38739153, -157.74454351)"
FRTRK2003,move to,LOC_남측제1방어선,2026-09-11T13:26:26,"(21.38713849, -157.74437546)"
FRLAV002,move to,LOC_중앙킬존남측,2026-09-11T13:26:26,"(21.39027093, -157.74138125)"
FRLAV001,move to,LOC_중앙킬존남측,2026-09-11T13:26:26,"(21.39020320, -157.74131371)"
FRTRK1004,move to,LOC_남측제1방어선,2026-09-11T13:26:26,"(21.38709352, -157.74436900)"
FRAHS001,FFE-on-Location,LOC_적포병진지,2026-09-11T13:26:26,"(21.39112388, -157.73719220)"
FRTRK2002,move to,LOC_남측제1방어선,2026-09-11T13:26:26,"(21.38725765, -157.74452319)"
FRTRK2004,move to,LOC_남측제1방어선,2026-09-11T13:26:26,"(21.38717097, -157.74437765)"
ENM35001,move to,LOC_적북측접근로,2026-09-11T13:26:26,"(21.37138007, -157.74152928)"
FRTRK1003,move to,LOC_남측제1방어선,2026-09-11T13:26:27,"(21.38734616, -157.74453425)"
FRTRK1001,move to,LOC_남측제1방어선,2026-09-11T13:26:27,"(21.38743562, -157.74454373)"
FRTRK1005,move to,LOC_남측제1방어선,2026-09-11T13:26:27,"(21.38722089, -157.74450825)"
FRTRK2001,move to,LOC_남측제1방어선,2026-09-11T13:26:27,"(21.38730291, -157.74453675)"
FRTRK1002,move to,LOC_남측제1방어선,2026-09-11T13:26:27,"(21.38739133, -157.74454205)"
FRTRK2003,move to,LOC_남측제1방어선,2026-09-11T13:26:27,"(21.38713884, -157.74437902)"
FRTRK1004,move to,LOC_남측제1방어선,2026-09-11T13:26:27,"(21.38709384, -157.74437270)"
FRTRK2002,move to,LOC_남측제1방어선,2026-09-11T13:26:27,"(21.38725812, -157.74452723)"
FRTRK2004,move to,LOC_남측제1방어선,2026-09-11T13:26:27,"(21.38717068, -157.74437478)"
ENM35001,move to,LOC_적북측접근로,2026-09-11T13:26:27,"(21.37138021, -157.74152869)"
FRTRK1003,move to,LOC_남측제1방어선,2026-09-11T13:26:28,"(21.38734616, -157.74453425)"
FRTRK1001,move to,LOC_남측제1방어선,2026-09-11T13:26:28,"(21.38743562, -157.74454373)"
FRTRK1005,move to,LOC_남측제1방어선,2026-09-11T13:26:28,"(21.38722089, -157.74450825)"
FRTRK2001,move to,LOC_남측제1방어선,2026-09-11T13:26:28,"(21.38730291, -157.74453675)"
FRTRK1002,move to,LOC_남측제1방어선,2026-09-11T13:26:28,"(21.38739133, -157.74454205)"
FRTRK2003,move to,LOC_남측제1방어선,2026-09-11T13:26:28,"(21.38713884, -157.74437902)"
FRTRK1004,move to,LOC_남측제1방어선,2026-09-11T13:26:28,"(21.38709384, -157.74437270)"
FRTRK2002,move to,LOC_남측제1방어선,2026-09-11T13:26:28,"(21.38725812, -157.74452723)"
FRTRK2004,move to,LOC_남측제1방어선,2026-09-11T13:26:28,"(21.38717068, -157.74437478)"
ENM35001,move to,LOC_적북측접근로,2026-09-11T13:26:28,"(21.37138021, -157.74152869)"
FRTRK1003,move to,LOC_남측제1방어선,2026-09-11T13:26:29,"(21.38734571, -157.74453085)"
FRTRK1001,move to,LOC_남측제1방어선,2026-09-11T13:26:29,"(21.38743494, -157.74453917)"
FRTRK1005,move to,LOC_남측제1방어선,2026-09-11T13:26:29,"(21.38722083, -157.74450770)"
FRTRK2001,move to,LOC_남측제1방어선,2026-09-11T13:26:29,"(21.38730285, -157.74453633)"
FRTRK1002,move to,LOC_남측제1방어선,2026-09-11T13:26:29,"(21.38739072, -157.74453771)"
FRTRK2003,move to,LOC_남측제1방어선,2026-09-11T13:26:29,"(21.38713887, -157.74437935)"
FRTRK1004,move to,LOC_남측제1방어선,2026-09-11T13:26:29,"(21.38709393, -157.74437368)"
FRTRK2002,move to,LOC_남측제1방어선,2026-09-11T13:26:29,"(21.38725851, -157.74453063)"
FRTRK2004,move to,LOC_남측제1방어선,2026-09-11T13:26:29,"(21.38717076, -157.74437551)"
ENM35001,move to,LOC_적북측접근로,2026-09-11T13:26:29,"(21.37137698, -157.74154234)"
FRTRK1003,move to,LOC_남측제1방어선,2026-09-11T13:26:30,"(21.38734571, -157.74453085)"
FRTRK1001,move to,LOC_남측제1방어선,2026-09-11T13:26:30,"(21.38743494, -157.74453917)"
FRTRK1005,move to,LOC_남측제1방어선,2026-09-11T13:26:30,"(21.38722083, -157.74450770)"
FRTRK2001,move to,LOC_남측제1방어선,2026-09-11T13:26:30,"(21.38730285, -157.74453633)"
FRTRK1002,move to,LOC_남측제1방어선,2026-09-11T13:26:30,"(21.38739072, -157.74453771)"
FRTRK2003,move to,LOC_남측제1방어선,2026-09-11T13:26:30,"(21.38713887, -157.74437935)"
FRTRK1004,move to,LOC_남측제1방어선,2026-09-11T13:26:30,"(21.38709393, -157.74437368)"
FRTRK2002,move to,LOC_남측제1방어선,2026-09-11T13:26:30,"(21.38725851, -157.74453063)"
FRTRK2004,move to,LOC_남측제1방어선,2026-09-11T13:26:30,"(21.38717076, -157.74437551)"
ENM35001,move to,LOC_적북측접근로,2026-09-11T13:26:30,"(21.37137698, -157.74154234)"
FRTRK1003,move to,LOC_남측제1방어선,2026-09-11T13:26:31,"(21.38734572, -157.74453093)"
FRTRK1001,move to,LOC_남측제1방어선,2026-09-11T13:26:31,"(21.38743455, -157.74453651)"
FRTRK1005,move to,LOC_남측제1방어선,2026-09-11T13:26:31,"(21.38722096, -157.74450889)"
FRTRK2001,move to,LOC_남측제1방어선,2026-09-11T13:26:31,"(21.38730235, -157.74453227)"
FRTRK1002,move to,LOC_남측제1방어선,2026-09-11T13:26:31,"(21.38739014, -157.74453355)"
FRTRK2003,move to,LOC_남측제1방어선,2026-09-11T13:26:31,"(21.38713855, -157.74437599)"
FRTRK1004,move to,LOC_남측제1방어선,2026-09-11T13:26:31,"(21.38709371, -157.74437118)"
FRTRK2002,move to,LOC_남측제1방어선,2026-09-11T13:26:31,"(21.38725864, -157.74453169)"
FRTRK2004,move to,LOC_남측제1방어선,2026-09-11T13:26:31,"(21.38717118, -157.74437964)"
FRTRK1003,move to,LOC_남측제1방어선,2026-09-11T13:26:31,"(21.38734572, -157.74453093)"
FRTRK1001,move to,LOC_남측제1방어선,2026-09-11T13:26:31,"(21.38743455, -157.74453651)"
FRTRK1005,move to,LOC_남측제1방어선,2026-09-11T13:26:31,"(21.38722096, -157.74450889)"
FRTRK2001,move to,LOC_남측제1방어선,2026-09-11T13:26:31,"(21.38730235, -157.74453227)"
FRTRK1002,move to,LOC_남측제1방어선,2026-09-11T13:26:31,"(21.38739014, -157.74453355)"
FRTRK2003,move to,LOC_남측제1방어선,2026-09-11T13:26:31,"(21.38713855, -157.74437599)"
FRTRK1004,move to,LOC_남측제1방어선,2026-09-11T13:26:31,"(21.38709371, -157.74437118)"
FRTRK2002,move to,LOC_남측제1방어선,2026-09-11T13:26:31,"(21.38725864, -157.74453169)"
FRTRK2004,move to,LOC_남측제1방어선,2026-09-11T13:26:31,"(21.38717118, -157.74437964)"
FRTRK1003,move to,LOC_남측제1방어선,2026-09-11T13:26:32,"(21.38734621, -157.74453463)"
FRTRK1001,move to,LOC_남측제1방어선,2026-09-11T13:26:32,"(21.38743480, -157.74453821)"
FRTRK1005,move to,LOC_남측제1방어선,2026-09-11T13:26:32,"(21.38722128, -157.74451186)"
FRTRK2001,move to,LOC_남측제1방어선,2026-09-11T13:26:32,"(21.38730180, -157.74452784)"
FRTRK1002,move to,LOC_남측제1방어선,2026-09-11T13:26:32,"(21.38739011, -157.74453330)"
FRTRK2003,move to,LOC_남측제1방어선,2026-09-11T13:26:32,"(21.38713811, -157.74437148)"
FRTRK1004,move to,LOC_남측제1방어선,2026-09-11T13:26:32,"(21.38709333, -157.74436688)"
FRTRK2002,move to,LOC_남측제1방어선,2026-09-11T13:26:32,"(21.38725839, -157.74452953)"
FRTRK2004,move to,LOC_남측제1방어선,2026-09-11T13:26:32,"(21.38717162, -157.74438396)"
ENM35001,move to,LOC_적북측접근로,2026-09-11T13:26:32,"(21.37136089, -157.74161033)"
FRTRK1003,move to,LOC_남측제1방어선,2026-09-11T13:26:33,"(21.38734621, -157.74453463)"
FRTRK1001,move to,LOC_남측제1방어선,2026-09-11T13:26:33,"(21.38743480, -157.74453821)"
FRTRK1005,move to,LOC_남측제1방어선,2026-09-11T13:26:33,"(21.38722128, -157.74451186)"
FRTRK2001,move to,LOC_남측제1방어선,2026-09-11T13:26:33,"(21.38730180, -157.74452784)"
FRTRK1002,move to,LOC_남측제1방어선,2026-09-11T13:26:33,"(21.38739011, -157.74453330)"
FRTRK2003,move to,LOC_남측제1방어선,2026-09-11T13:26:33,"(21.38713811, -157.74437148)"
FRTRK1004,move to,LOC_남측제1방어선,2026-09-11T13:26:33,"(21.38709333, -157.74436688)"
FRTRK2002,move to,LOC_남측제1방어선,2026-09-11T13:26:33,"(21.38725839, -157.74452953)"
FRTRK2004,move to,LOC_남측제1방어선,2026-09-11T13:26:33,"(21.38717162, -157.74438396)"
ENM35001,move to,LOC_적북측접근로,2026-09-11T13:26:33,"(21.37136089, -157.74161033)"
FRTRK1003,move to,LOC_남측제1방어선,2026-09-11T13:26:34,"(21.38734621, -157.74453463)"
FRTRK1001,move to,LOC_남측제1방어선,2026-09-11T13:26:34,"(21.38743480, -157.74453821)"
FRTRK1005,move to,LOC_남측제1방어선,2026-09-11T13:26:34,"(21.38722128, -157.74451186)"
FRTRK2001,move to,LOC_남측제1방어선,2026-09-11T13:26:34,"(21.38730180, -157.74452784)"
FRTRK1002,move to,LOC_남측제1방어선,2026-09-11T13:26:34,"(21.38739011, -157.74453330)"
FRTRK2003,move to,LOC_남측제1방어선,2026-09-11T13:26:34,"(21.38713811, -157.74437148)"
FRTRK1004,move to,LOC_남측제1방어선,2026-09-11T13:26:34,"(21.38709333, -157.74436688)"
FRTRK2002,move to,LOC_남측제1방어선,2026-09-11T13:26:34,"(21.38725839, -157.74452953)"
FRTRK2004,move to,LOC_남측제1방어선,2026-09-11T13:26:34,"(21.38717162, -157.74438396)"
ENM35001,move to,LOC_적북측접근로,2026-09-11T13:26:34,"(21.37136089, -157.74161033)"
FRTRK1005,move to,LOC_남측제1방어선,2026-09-11T13:26:35,"(21.38722172, -157.74451589)"
FRTRK2001,move to,LOC_남측제1방어선,2026-09-11T13:26:35,"(21.38730159, -157.74452607)"
FRTRK2003,move to,LOC_남측제1방어선,2026-09-11T13:26:35,"(21.38713786, -157.74436891)"
FRTRK1004,move to,LOC_남측제1방어선,2026-09-11T13:26:35,"(21.38709304, -157.74436362)"
FRTRK2002,move to,LOC_남측제1방어선,2026-09-11T13:26:35,"(21.38725794, -157.74452563)"
FRTRK2004,move to,LOC_남측제1방어선,2026-09-11T13:26:35,"(21.38717178, -157.74438549)"
ENM35001,move to,LOC_적북측접근로,2026-09-11T13:26:35,"(21.37135270, -157.74164495)"
FRTRK1005,move to,LOC_남측제1방어선,2026-09-11T13:26:36,"(21.38722172, -157.74451589)"
FRTRK2001,move to,LOC_남측제1방어선,2026-09-11T13:26:36,"(21.38730159, -157.74452607)"
FRTRK2003,move to,LOC_남측제1방어선,2026-09-11T13:26:36,"(21.38713786, -157.74436891)"
FRTRK1004,move to,LOC_남측제1방어선,2026-09-11T13:26:36,"(21.38709304, -157.74436362)"
FRTRK2002,move to,LOC_남측제1방어선,2026-09-11T13:26:36,"(21.38725794, -157.74452563)"
FRTRK2004,move to,LOC_남측제1방어선,2026-09-11T13:26:36,"(21.38717178, -157.74438549)"
ENM35001,move to,LOC_적북측접근로,2026-09-11T13:26:36,"(21.37135270, -157.74164495)"
ENM35001,move to,LOC_적북측접근로,2026-09-11T13:26:37,"(21.37134956, -157.74165819)"
ENM35001,move to,LOC_적북측접근로,2026-09-11T13:26:38,"(21.37134956, -157.74165819)"
ENM35001,move to,LOC_적북측접근로,2026-09-11T13:26:39,"(21.37135250, -157.74164576)"
ENM35001,move to,LOC_적북측접근로,2026-09-11T13:26:40,"(21.37135250, -157.74164576)"
ENM35001,move to,LOC_적북측접근로,2026-09-11T13:26:41,"(21.37136075, -157.74161091)"
ENM35001,move to,LOC_적북측접근로,2026-09-11T13:26:42,"(21.37136075, -157.74161091)"
ENM35001,move to,LOC_적북측접근로,2026-09-11T13:26:42,"(21.37136075, -157.74161091)"
ENM35001,move to,LOC_적북측접근로,2026-09-11T13:26:47,"(21.37138138, -157.74152373)"
ENM35001,move to,LOC_적북측접근로,2026-09-11T13:26:48,"(21.37138138, -157.74152373)"
ENM35001,move to,LOC_적북측접근로,2026-09-11T13:26:49,"(21.37138138, -157.74152373)"
ENM35001,move to,LOC_적북측접근로,2026-09-11T13:26:50,"(21.37138161, -157.74152277)"
ENM35001,move to,LOC_적북측접근로,2026-09-11T13:26:50,"(21.37138161, -157.74152277)"
ENM35001,move to,LOC_적북측접근로,2026-09-11T13:26:51,"(21.37137794, -157.74153828)"
ENM35001,move to,LOC_적북측접근로,2026-09-11T13:26:52,"(21.37137794, -157.74153828)"
ENM35001,move to,LOC_적북측접근로,2026-09-11T13:26:55,"(21.37136199, -157.74160569)"
ENM35001,move to,LOC_적북측접근로,2026-09-11T13:26:56,"(21.37136199, -157.74160569)"
ENM35001,move to,LOC_적북측접근로,2026-09-11T13:26:57,"(21.37135431, -157.74163811)"
ENM35001,move to,LOC_적북측접근로,2026-09-11T13:26:58,"(21.37135431, -157.74163811)"
ENM35001,move to,LOC_적북측접근로,2026-09-11T13:26:59,"(21.37135431, -157.74163811)"
ENM35001,move to,LOC_적북측접근로,2026-09-11T13:27:00,"(21.37135178, -157.74164881)"
ENM35001,move to,LOC_적북측접근로,2026-09-11T13:27:00,"(21.37135178, -157.74164881)"
ENM35001,move to,LOC_적북측접근로,2026-09-11T13:27:01,"(21.37135497, -157.74163535)"
ENM35001,move to,LOC_적북측접근로,2026-09-11T13:27:02,"(21.37135497, -157.74163535)"
ENM35001,move to,LOC_적북측접근로,2026-09-11T13:27:03,"(21.37135497, -157.74163535)"
ENM35001,move to,LOC_적북측접근로,2026-09-11T13:27:03,"(21.37136238, -157.74160401)"
ENM35001,move to,LOC_적북측접근로,2026-09-11T13:27:04,"(21.37136238, -157.74160401)"
ENM35001,move to,LOC_적북측접근로,2026-09-11T13:27:07,"(21.37137578, -157.74154741)"
ENM35001,move to,LOC_적북측접근로,2026-09-11T13:27:08,"(21.37137578, -157.74154741)"
ENM35001,move to,LOC_적북측접근로,2026-09-11T13:27:09,"(21.37137578, -157.74154741)"
ENM35001,move to,LOC_적북측접근로,2026-09-11T13:27:10,"(21.37137814, -157.74153745)"
ENM35001,move to,LOC_적북측접근로,2026-09-11T13:27:11,"(21.37137814, -157.74153745)"
ENM35001,move to,LOC_적북측접근로,2026-09-11T13:27:11,"(21.37137707, -157.74154194)"
ENM35001,move to,LOC_적북측접근로,2026-09-11T13:27:12,"(21.37137707, -157.74154194)"
ENM35001,move to,LOC_적북측접근로,2026-09-11T13:27:13,"(21.37137707, -157.74154194)"
ENM35002,move to,LOC_적북측접근로,2026-09-11T13:27:14,"(21.37135407, -157.74164355)"
ENM35002,move to,LOC_적북측접근로,2026-09-11T13:27:15,"(21.37135407, -157.74164355)"
ENM35001,move to,LOC_적북측접근로,2026-09-11T13:27:18,"(21.37135671, -157.74162797)"
ENM35001,move to,LOC_적북측접근로,2026-09-11T13:27:19,"(21.37135671, -157.74162797)"
FRCMD001,move to,LOC_중앙킬존남측,2026-09-11T13:27:34,"(21.38188440, -157.74703327)"
FRCMD001,move to,LOC_중앙킬존남측,2026-09-11T13:27:35,"(21.38188440, -157.74703327)"
FRCMD001,move to,LOC_중앙킬존남측,2026-09-11T13:27:36,"(21.38186226, -157.74702013)"
FRCMD001,move to,LOC_중앙킬존남측,2026-09-11T13:27:37,"(21.38186226, -157.74702013)"
FRCMD001,move to,LOC_중앙킬존남측,2026-09-11T13:27:38,"(21.38183967, -157.74700671)"
FRCMD001,move to,LOC_중앙킬존남측,2026-09-11T13:27:39,"(21.38183967, -157.74700671)"
FRCMD001,move to,LOC_중앙킬존남측,2026-09-11T13:27:40,"(21.38181838, -157.74699406)"
FRCMD001,move to,LOC_중앙킬존남측,2026-09-11T13:27:41,"(21.38181838, -157.74699406)"
FRCMD001,move to,LOC_중앙킬존남측,2026-09-11T13:27:42,"(21.38181838, -157.74699406)"
FRCMD001,move to,LOC_중앙킬존남측,2026-09-11T13:27:43,"(21.38179443, -157.74697983)"
FRSNP006,move to,LOC_적북측접근로,2026-09-11T13:27:43,"(21.38154865, -157.74870798)"
FRSNP007,move to,LOC_적북측접근로,2026-09-11T13:27:43,"(21.38158361, -157.74870597)"
FRSNP005,move to,LOC_적북측접근로,2026-09-11T13:27:43,"(21.38167599, -157.74872153)"
FRSNP008,move to,LOC_적북측접근로,2026-09-11T13:27:43,"(21.38157225, -157.74871372)"
FRSNP001,move to,LOC_적북측접근로,2026-09-11T13:27:43,"(21.38164128, -157.74854792)"
FRSNP004,move to,LOC_적북측접근로,2026-09-11T13:27:43,"(21.38157135, -157.74869249)"
FRSNP002,move to,LOC_적북측접근로,2026-09-11T13:27:43,"(21.38161028, -157.74857245)"
FRSNP003,move to,LOC_적북측접근로,2026-09-11T13:27:43,"(21.38153638, -157.74869449)"
FRCMD001,move to,LOC_중앙킬존남측,2026-09-11T13:27:44,"(21.38179443, -157.74697983)"
FRSNP006,move to,LOC_적북측접근로,2026-09-11T13:27:44,"(21.38154865, -157.74870798)"
FRSNP007,move to,LOC_적북측접근로,2026-09-11T13:27:44,"(21.38158361, -157.74870597)"
FRSNP005,move to,LOC_적북측접근로,2026-09-11T13:27:44,"(21.38167599, -157.74872153)"
FRSNP008,move to,LOC_적북측접근로,2026-09-11T13:27:44,"(21.38157225, -157.74871372)"
FRSNP001,move to,LOC_적북측접근로,2026-09-11T13:27:44,"(21.38164128, -157.74854792)"
FRSNP004,move to,LOC_적북측접근로,2026-09-11T13:27:44,"(21.38157135, -157.74869249)"
FRSNP002,move to,LOC_적북측접근로,2026-09-11T13:27:44,"(21.38161028, -157.74857245)"
FRSNP003,move to,LOC_적북측접근로,2026-09-11T13:27:44,"(21.38153638, -157.74869449)"
FRCMD001,move to,LOC_중앙킬존남측,2026-09-11T13:27:45,"(21.38177330, -157.74696728)"
FRSNP006,move to,LOC_적북측접근로,2026-09-11T13:27:45,"(21.38152661, -157.74869295)"
FRSNP007,move to,LOC_적북측접근로,2026-09-11T13:27:45,"(21.38156156, -157.74869099)"
FRSNP005,move to,LOC_적북측접근로,2026-09-11T13:27:45,"(21.38165393, -157.74870665)"
FRSNP008,move to,LOC_적북측접근로,2026-09-11T13:27:45,"(21.38155021, -157.74869871)"
FRSNP001,move to,LOC_적북측접근로,2026-09-11T13:27:45,"(21.38161912, -157.74853329)"
FRSNP004,move to,LOC_적북측접근로,2026-09-11T13:27:45,"(21.38154929, -157.74867751)"
FRSNP002,move to,LOC_적북측접근로,2026-09-11T13:27:45,"(21.38158812, -157.74855772)"
FRSNP003,move to,LOC_적북측접근로,2026-09-11T13:27:45,"(21.38151433, -157.74867946)"
FRCMD001,move to,LOC_중앙킬존남측,2026-09-11T13:27:46,"(21.38177330, -157.74696728)"
FRSNP006,move to,LOC_적북측접근로,2026-09-11T13:27:46,"(21.38152661, -157.74869295)"
FRSNP007,move to,LOC_적북측접근로,2026-09-11T13:27:46,"(21.38156156, -157.74869099)"
FRSNP005,move to,LOC_적북측접근로,2026-09-11T13:27:46,"(21.38165393, -157.74870665)"
FRSNP008,move to,LOC_적북측접근로,2026-09-11T13:27:46,"(21.38155021, -157.74869871)"
FRSNP001,move to,LOC_적북측접근로,2026-09-11T13:27:46,"(21.38161912, -157.74853329)"
FRSNP004,move to,LOC_적북측접근로,2026-09-11T13:27:46,"(21.38154929, -157.74867751)"
FRSNP002,move to,LOC_적북측접근로,2026-09-11T13:27:46,"(21.38158812, -157.74855772)"
FRSNP003,move to,LOC_적북측접근로,2026-09-11T13:27:46,"(21.38151433, -157.74867946)"
FRCMD001,move to,LOC_중앙킬존남측,2026-09-11T13:27:47,"(21.38175062, -157.74695381)"
FRSNP006,move to,LOC_적북측접근로,2026-09-11T13:27:47,"(21.38150294, -157.74867681)"
FRSNP007,move to,LOC_적북측접근로,2026-09-11T13:27:47,"(21.38153788, -157.74867490)"
FRSNP005,move to,LOC_적북측접근로,2026-09-11T13:27:47,"(21.38163024, -157.74869066)"
FRSNP001,move to,LOC_적북측접근로,2026-09-11T13:27:47,"(21.38159531, -157.74851757)"
FRSNP004,move to,LOC_적북측접근로,2026-09-11T13:27:47,"(21.38152559, -157.74866142)"
FRSNP002,move to,LOC_적북측접근로,2026-09-11T13:27:47,"(21.38156436, -157.74854192)"
FRSNP003,move to,LOC_적북측접근로,2026-09-11T13:27:47,"(21.38149064, -157.74866332)"
FRCMD001,move to,LOC_중앙킬존남측,2026-09-11T13:27:48,"(21.38175062, -157.74695381)"
FRSNP006,move to,LOC_적북측접근로,2026-09-11T13:27:48,"(21.38150294, -157.74867681)"
FRSNP007,move to,LOC_적북측접근로,2026-09-11T13:27:48,"(21.38153788, -157.74867490)"
FRSNP005,move to,LOC_적북측접근로,2026-09-11T13:27:48,"(21.38163024, -157.74869066)"
FRSNP001,move to,LOC_적북측접근로,2026-09-11T13:27:48,"(21.38159531, -157.74851757)"
FRSNP004,move to,LOC_적북측접근로,2026-09-11T13:27:48,"(21.38152559, -157.74866142)"
FRSNP002,move to,LOC_적북측접근로,2026-09-11T13:27:48,"(21.38156436, -157.74854192)"
FRSNP003,move to,LOC_적북측접근로,2026-09-11T13:27:48,"(21.38149064, -157.74866332)"
FRCMD001,move to,LOC_중앙킬존남측,2026-09-11T13:27:49,"(21.38172832, -157.74694056)"
FRSNP006,move to,LOC_적북측접근로,2026-09-11T13:27:49,"(21.38147965, -157.74866092)"
FRSNP007,move to,LOC_적북측접근로,2026-09-11T13:27:49,"(21.38151457, -157.74865906)"
FRSNP005,move to,LOC_적북측접근로,2026-09-11T13:27:49,"(21.38160693, -157.74867493)"
FRSNP001,move to,LOC_적북측접근로,2026-09-11T13:27:49,"(21.38157190, -157.74850211)"
FRSNP004,move to,LOC_적북측접근로,2026-09-11T13:27:49,"(21.38150229, -157.74864560)"
FRSNP002,move to,LOC_적북측접근로,2026-09-11T13:27:49,"(21.38154099, -157.74852639)"
FRSNP003,move to,LOC_적북측접근로,2026-09-11T13:27:49,"(21.38146735, -157.74864745)"
FRCMD001,move to,LOC_중앙킬존남측,2026-09-11T13:27:49,"(21.38172832, -157.74694056)"
FRSNP006,move to,LOC_적북측접근로,2026-09-11T13:27:49,"(21.38147965, -157.74866092)"
FRSNP007,move to,LOC_적북측접근로,2026-09-11T13:27:49,"(21.38151457, -157.74865906)"
FRSNP005,move to,LOC_적북측접근로,2026-09-11T13:27:49,"(21.38160693, -157.74867493)"
FRSNP001,move to,LOC_적북측접근로,2026-09-11T13:27:49,"(21.38157190, -157.74850211)"
FRSNP004,move to,LOC_적북측접근로,2026-09-11T13:27:49,"(21.38150229, -157.74864560)"
FRSNP002,move to,LOC_적북측접근로,2026-09-11T13:27:49,"(21.38154099, -157.74852639)"
FRSNP003,move to,LOC_적북측접근로,2026-09-11T13:27:49,"(21.38146735, -157.74864745)"
FRCMD001,move to,LOC_중앙킬존남측,2026-09-11T13:27:50,"(21.38170400, -157.74692611)"
FRSNP006,move to,LOC_적북측접근로,2026-09-11T13:27:50,"(21.38145423, -157.74864359)"
FRSNP007,move to,LOC_적북측접근로,2026-09-11T13:27:50,"(21.38148914, -157.74864178)"
FRSNP005,move to,LOC_적북측접근로,2026-09-11T13:27:50,"(21.38158147, -157.74865775)"
FRSNP001,move to,LOC_적북측접근로,2026-09-11T13:27:50,"(21.38154635, -157.74848524)"
FRSNP004,move to,LOC_적북측접근로,2026-09-11T13:27:50,"(21.38147687, -157.74862834)"
FRSNP002,move to,LOC_적북측접근로,2026-09-11T13:27:50,"(21.38151543, -157.74850941)"
FRSNP003,move to,LOC_적북측접근로,2026-09-11T13:27:50,"(21.38144195, -157.74863014)"
FRSNP008,move to,LOC_적북측접근로,2026-09-11T13:27:50,"(21.38147782, -157.74864941)"
FRCMD001,move to,LOC_중앙킬존남측,2026-09-11T13:27:51,"(21.38170400, -157.74692611)"
FRSNP006,move to,LOC_적북측접근로,2026-09-11T13:27:51,"(21.38145423, -157.74864359)"
FRSNP007,move to,LOC_적북측접근로,2026-09-11T13:27:51,"(21.38148914, -157.74864178)"
FRSNP005,move to,LOC_적북측접근로,2026-09-11T13:27:51,"(21.38158147, -157.74865775)"
FRSNP001,move to,LOC_적북측접근로,2026-09-11T13:27:51,"(21.38154635, -157.74848524)"
FRSNP004,move to,LOC_적북측접근로,2026-09-11T13:27:51,"(21.38147687, -157.74862834)"
FRSNP002,move to,LOC_적북측접근로,2026-09-11T13:27:51,"(21.38151543, -157.74850941)"
FRSNP003,move to,LOC_적북측접근로,2026-09-11T13:27:51,"(21.38144195, -157.74863014)"
FRSNP008,move to,LOC_적북측접근로,2026-09-11T13:27:51,"(21.38147782, -157.74864941)"
FRCMD001,move to,LOC_중앙킬존남측,2026-09-11T13:27:52,"(21.38170400, -157.74692611)"
FRSNP006,move to,LOC_적북측접근로,2026-09-11T13:27:52,"(21.38145423, -157.74864359)"
FRSNP007,move to,LOC_적북측접근로,2026-09-11T13:27:52,"(21.38148914, -157.74864178)"
FRSNP005,move to,LOC_적북측접근로,2026-09-11T13:27:52,"(21.38158147, -157.74865775)"
FRSNP001,move to,LOC_적북측접근로,2026-09-11T13:27:52,"(21.38154635, -157.74848524)"
FRSNP004,move to,LOC_적북측접근로,2026-09-11T13:27:52,"(21.38147687, -157.74862834)"
FRSNP002,move to,LOC_적북측접근로,2026-09-11T13:27:52,"(21.38151543, -157.74850941)"
FRSNP003,move to,LOC_적북측접근로,2026-09-11T13:27:52,"(21.38144195, -157.74863014)"
FRSNP008,move to,LOC_적북측접근로,2026-09-11T13:27:52,"(21.38147782, -157.74864941)"
FRCMD001,move to,LOC_중앙킬존남측,2026-09-11T13:27:53,"(21.38168329, -157.74691382)"
FRSNP006,move to,LOC_적북측접근로,2026-09-11T13:27:53,"(21.38143259, -157.74862883)"
FRSNP007,move to,LOC_적북측접근로,2026-09-11T13:27:53,"(21.38146748, -157.74862707)"
FRSNP005,move to,LOC_적북측접근로,2026-09-11T13:27:53,"(21.38155979, -157.74864311)"
FRSNP001,move to,LOC_적북측접근로,2026-09-11T13:27:53,"(21.38152453, -157.74847083)"
FRSNP004,move to,LOC_적북측접근로,2026-09-11T13:27:53,"(21.38145520, -157.74861363)"
FRSNP002,move to,LOC_적북측접근로,2026-09-11T13:27:53,"(21.38149365, -157.74849493)"
FRSNP003,move to,LOC_적북측접근로,2026-09-11T13:27:53,"(21.38142030, -157.74861538)"
FRSNP008,move to,LOC_적북측접근로,2026-09-11T13:27:53,"(21.38145617, -157.74863468)"
FRCMD001,move to,LOC_중앙킬존남측,2026-09-11T13:27:54,"(21.38168329, -157.74691382)"
FRSNP006,move to,LOC_적북측접근로,2026-09-11T13:27:54,"(21.38143259, -157.74862883)"
FRSNP007,move to,LOC_적북측접근로,2026-09-11T13:27:54,"(21.38146748, -157.74862707)"
FRSNP005,move to,LOC_적북측접근로,2026-09-11T13:27:54,"(21.38155979, -157.74864311)"
FRSNP001,move to,LOC_적북측접근로,2026-09-11T13:27:54,"(21.38152453, -157.74847083)"
FRSNP004,move to,LOC_적북측접근로,2026-09-11T13:27:54,"(21.38145520, -157.74861363)"
FRSNP002,move to,LOC_적북측접근로,2026-09-11T13:27:54,"(21.38149365, -157.74849493)"
FRSNP003,move to,LOC_적북측접근로,2026-09-11T13:27:54,"(21.38142030, -157.74861538)"
FRSNP008,move to,LOC_적북측접근로,2026-09-11T13:27:54,"(21.38145617, -157.74863468)"
FRSNP005,move to,LOC_적북측접근로,2026-09-11T13:27:55,"(21.38153603, -157.74862708)"
FRSNP001,move to,LOC_적북측접근로,2026-09-11T13:27:55,"(21.38150059, -157.74845502)"
FRSNP004,move to,LOC_적북측접근로,2026-09-11T13:27:55,"(21.38143143, -157.74859749)"
FRSNP002,move to,LOC_적북측접근로,2026-09-11T13:27:55,"(21.38146977, -157.74847905)"
FRSNP003,move to,LOC_적북측접근로,2026-09-11T13:27:55,"(21.38139655, -157.74859920)"
FRSNP008,move to,LOC_적북측접근로,2026-09-11T13:27:55,"(21.38143243, -157.74861850)"
FRSNP005,move to,LOC_적북측접근로,2026-09-11T13:27:56,"(21.38153603, -157.74862708)"
FRSNP001,move to,LOC_적북측접근로,2026-09-11T13:27:56,"(21.38150059, -157.74845502)"
FRSNP004,move to,LOC_적북측접근로,2026-09-11T13:27:56,"(21.38143143, -157.74859749)"
FRSNP002,move to,LOC_적북측접근로,2026-09-11T13:27:56,"(21.38146977, -157.74847905)"
FRSNP003,move to,LOC_적북측접근로,2026-09-11T13:27:56,"(21.38139655, -157.74859920)"
FRSNP008,move to,LOC_적북측접근로,2026-09-11T13:27:56,"(21.38143243, -157.74861850)"
FRSNP005,move to,LOC_적북측접근로,2026-09-11T13:27:56,"(21.38153603, -157.74862708)"
FRSNP001,move to,LOC_적북측접근로,2026-09-11T13:27:56,"(21.38150059, -157.74845502)"
FRSNP004,move to,LOC_적북측접근로,2026-09-11T13:27:56,"(21.38143143, -157.74859749)"
FRSNP002,move to,LOC_적북측접근로,2026-09-11T13:27:56,"(21.38146977, -157.74847905)"
FRSNP003,move to,LOC_적북측접근로,2026-09-11T13:27:56,"(21.38139655, -157.74859920)"
FRSNP008,move to,LOC_적북측접근로,2026-09-11T13:27:56,"(21.38143243, -157.74861850)"
FRSNP005,move to,LOC_적북측접근로,2026-09-11T13:27:57,"(21.38151166, -157.74861063)"
FRSNP001,move to,LOC_적북측접근로,2026-09-11T13:27:57,"(21.38147607, -157.74843883)"
FRSNP004,move to,LOC_적북측접근로,2026-09-11T13:27:57,"(21.38140708, -157.74858096)"
FRSNP002,move to,LOC_적북측접근로,2026-09-11T13:27:57,"(21.38144528, -157.74846278)"
FRSNP003,move to,LOC_적북측접근로,2026-09-11T13:27:57,"(21.38137222, -157.74858262)"
FRSNP008,move to,LOC_적북측접근로,2026-09-11T13:27:57,"(21.38140810, -157.74860194)"
FRSNP006,move to,LOC_적북측접근로,2026-09-11T13:27:57,"(21.38138452, -157.74859605)"
FRSNP007,move to,LOC_적북측접근로,2026-09-11T13:27:57,"(21.38141938, -157.74859439)"
FRSNP005,move to,LOC_적북측접근로,2026-09-11T13:27:58,"(21.38151166, -157.74861063)"
FRSNP001,move to,LOC_적북측접근로,2026-09-11T13:27:58,"(21.38147607, -157.74843883)"
FRSNP004,move to,LOC_적북측접근로,2026-09-11T13:27:58,"(21.38140708, -157.74858096)"
FRSNP002,move to,LOC_적북측접근로,2026-09-11T13:27:58,"(21.38144528, -157.74846278)"
FRSNP003,move to,LOC_적북측접근로,2026-09-11T13:27:58,"(21.38137222, -157.74858262)"
FRSNP008,move to,LOC_적북측접근로,2026-09-11T13:27:58,"(21.38140810, -157.74860194)"
FRSNP006,move to,LOC_적북측접근로,2026-09-11T13:27:58,"(21.38138452, -157.74859605)"
FRSNP007,move to,LOC_적북측접근로,2026-09-11T13:27:58,"(21.38141938, -157.74859439)"
FRSNP005,move to,LOC_적북측접근로,2026-09-11T13:27:59,"(21.38148838, -157.74859492)"
FRSNP001,move to,LOC_적북측접근로,2026-09-11T13:27:59,"(21.38145266, -157.74842337)"
FRSNP004,move to,LOC_적북측접근로,2026-09-11T13:27:59,"(21.38138382, -157.74856517)"
FRSNP002,move to,LOC_적북측접근로,2026-09-11T13:27:59,"(21.38142190, -157.74844723)"
FRSNP003,move to,LOC_적북측접근로,2026-09-11T13:27:59,"(21.38134899, -157.74856679)"
FRSNP008,move to,LOC_적북측접근로,2026-09-11T13:27:59,"(21.38138486, -157.74858611)"
FRSNP006,move to,LOC_적북측접근로,2026-09-11T13:27:59,"(21.38136130, -157.74858021)"
FRSNP007,move to,LOC_적북측접근로,2026-09-11T13:27:59,"(21.38139613, -157.74857859)"
FRCMD002,move to,LOC_북측전방방어선,2026-09-11T13:27:59,"(21.38200549, -157.75084113)"
FRCMD001,move to,LOC_중앙킬존남측,2026-09-11T13:27:59,"(21.38161511, -157.74687332)"
FRSNP005,move to,LOC_적북측접근로,2026-09-11T13:28:00,"(21.38148838, -157.74859492)"
FRSNP001,move to,LOC_적북측접근로,2026-09-11T13:28:00,"(21.38145266, -157.74842337)"
FRSNP004,move to,LOC_적북측접근로,2026-09-11T13:28:00,"(21.38138382, -157.74856517)"
FRSNP002,move to,LOC_적북측접근로,2026-09-11T13:28:00,"(21.38142190, -157.74844723)"
FRSNP003,move to,LOC_적북측접근로,2026-09-11T13:28:00,"(21.38134899, -157.74856679)"
FRSNP008,move to,LOC_적북측접근로,2026-09-11T13:28:00,"(21.38138486, -157.74858611)"
FRSNP006,move to,LOC_적북측접근로,2026-09-11T13:28:00,"(21.38136130, -157.74858021)"
FRSNP007,move to,LOC_적북측접근로,2026-09-11T13:28:00,"(21.38139613, -157.74857859)"
FRCMD002,move to,LOC_북측전방방어선,2026-09-11T13:28:00,"(21.38200549, -157.75084113)"
FRCMD001,move to,LOC_중앙킬존남측,2026-09-11T13:28:00,"(21.38161511, -157.74687332)"
FRSNP005,move to,LOC_적북측접근로,2026-09-11T13:28:01,"(21.38146514, -157.74857924)"
FRSNP001,move to,LOC_적북측접근로,2026-09-11T13:28:01,"(21.38142927, -157.74840793)"
FRSNP004,move to,LOC_적북측접근로,2026-09-11T13:28:01,"(21.38136062, -157.74854942)"
FRSNP002,move to,LOC_적북측접근로,2026-09-11T13:28:01,"(21.38139855, -157.74843172)"
FRSNP003,move to,LOC_적북측접근로,2026-09-11T13:28:01,"(21.38132583, -157.74855100)"
FRSNP008,move to,LOC_적북측접근로,2026-09-11T13:28:01,"(21.38136166, -157.74857032)"
FRSNP006,move to,LOC_적북측접근로,2026-09-11T13:28:01,"(21.38133811, -157.74856440)"
FRSNP007,move to,LOC_적북측접근로,2026-09-11T13:28:01,"(21.38137291, -157.74856281)"
FRCMD002,move to,LOC_북측전방방어선,2026-09-11T13:28:01,"(21.38198666, -157.75082282)"
FRCMD001,move to,LOC_중앙킬존남측,2026-09-11T13:28:01,"(21.38159293, -157.74686014)"
FRTRK1003,move to,LOC_남측제1방어선,2026-09-11T13:28:01,"(21.38734663, -157.74453784)"
FRTRK1001,move to,LOC_남측제1방어선,2026-09-11T13:28:01,"(21.38743596, -157.74454605)"
FRM113007,move to,LOC_중앙킬존남측,2026-09-11T13:28:01,"(21.39065397, -157.74256803)"
FRM113006,move to,LOC_중앙킬존남측,2026-09-11T13:28:01,"(21.39069579, -157.74245161)"
FRTRK1005,move to,LOC_남측제1방어선,2026-09-11T13:28:01,"(21.38722183, -157.74451692)"
FRTRK2001,move to,LOC_남측제1방어선,2026-09-11T13:28:01,"(21.38730190, -157.74452862)"
FRM113005,move to,LOC_중앙킬존남측,2026-09-11T13:28:01,"(21.39065735, -157.74236669)"
FRTRK1002,move to,LOC_남측제1방어선,2026-09-11T13:28:01,"(21.38739133, -157.74454205)"
FRM113004,move to,LOC_중앙킬존남측,2026-09-11T13:28:01,"(21.39060837, -157.74228626)"
FRTRK2003,move to,LOC_남측제1방어선,2026-09-11T13:28:01,"(21.38713847, -157.74437523)"
FRAHS002,move to,LOC_아군후방지휘소,2026-09-11T13:28:01,"(21.39217738, -157.74446693)"
FRM109004,move to,LOC_중앙킬존남측,2026-09-11T13:28:01,"(21.39087221, -157.74327552)"
FRTRK1004,move to,LOC_남측제1방어선,2026-09-11T13:28:01,"(21.38709384, -157.74437263)"
FRSNP005,move to,LOC_적북측접근로,2026-09-11T13:28:02,"(21.38146514, -157.74857924)"
FRSNP001,move to,LOC_적북측접근로,2026-09-11T13:28:02,"(21.38142927, -157.74840793)"
FRSNP004,move to,LOC_적북측접근로,2026-09-11T13:28:02,"(21.38136062, -157.74854942)"
FRSNP002,move to,LOC_적북측접근로,2026-09-11T13:28:02,"(21.38139855, -157.74843172)"
FRSNP003,move to,LOC_적북측접근로,2026-09-11T13:28:02,"(21.38132583, -157.74855100)"
FRSNP008,move to,LOC_적북측접근로,2026-09-11T13:28:02,"(21.38136166, -157.74857032)"
FRSNP006,move to,LOC_적북측접근로,2026-09-11T13:28:02,"(21.38133811, -157.74856440)"
FRSNP007,move to,LOC_적북측접근로,2026-09-11T13:28:02,"(21.38137291, -157.74856281)"
FRCMD002,move to,LOC_북측전방방어선,2026-09-11T13:28:02,"(21.38198666, -157.75082282)"
FRCMD001,move to,LOC_중앙킬존남측,2026-09-11T13:28:02,"(21.38159293, -157.74686014)"
FRTRK1003,move to,LOC_남측제1방어선,2026-09-11T13:28:02,"(21.38734663, -157.74453784)"
FRTRK1001,move to,LOC_남측제1방어선,2026-09-11T13:28:02,"(21.38743596, -157.74454605)"
FRM113007,move to,LOC_중앙킬존남측,2026-09-11T13:28:02,"(21.39065397, -157.74256803)"
FRM113006,move to,LOC_중앙킬존남측,2026-09-11T13:28:02,"(21.39069579, -157.74245161)"
FRTRK1005,move to,LOC_남측제1방어선,2026-09-11T13:28:02,"(21.38722183, -157.74451692)"
FRTRK2001,move to,LOC_남측제1방어선,2026-09-11T13:28:02,"(21.38730190, -157.74452862)"
FRM113005,move to,LOC_중앙킬존남측,2026-09-11T13:28:02,"(21.39065735, -157.74236669)"
FRTRK1002,move to,LOC_남측제1방어선,2026-09-11T13:28:02,"(21.38739133, -157.74454205)"
FRM113004,move to,LOC_중앙킬존남측,2026-09-11T13:28:02,"(21.39060837, -157.74228626)"
FRTRK2003,move to,LOC_남측제1방어선,2026-09-11T13:28:02,"(21.38713847, -157.74437523)"
FRAHS002,move to,LOC_아군후방지휘소,2026-09-11T13:28:02,"(21.39217738, -157.74446693)"
FRM109004,move to,LOC_중앙킬존남측,2026-09-11T13:28:02,"(21.39087221, -157.74327552)"
FRTRK1004,move to,LOC_남측제1방어선,2026-09-11T13:28:02,"(21.38709384, -157.74437263)"
FRSNP005,move to,LOC_적북측접근로,2026-09-11T13:28:03,"(21.38144218, -157.74856375)"
FRSNP001,move to,LOC_적북측접근로,2026-09-11T13:28:03,"(21.38140619, -157.74839269)"
FRSNP004,move to,LOC_적북측접근로,2026-09-11T13:28:03,"(21.38133773, -157.74853388)"
FRSNP002,move to,LOC_적북측접근로,2026-09-11T13:28:03,"(21.38137551, -157.74841640)"
FRSNP003,move to,LOC_적북측접근로,2026-09-11T13:28:03,"(21.38130295, -157.74853542)"
FRSNP008,move to,LOC_적북측접근로,2026-09-11T13:28:03,"(21.38133878, -157.74855474)"
FRSNP006,move to,LOC_적북측접근로,2026-09-11T13:28:03,"(21.38131525, -157.74854881)"
FRSNP007,move to,LOC_적북측접근로,2026-09-11T13:28:03,"(21.38135003, -157.74854727)"
FRCMD002,move to,LOC_북측전방방어선,2026-09-11T13:28:03,"(21.38196806, -157.75080474)"
FRCMD001,move to,LOC_중앙킬존남측,2026-09-11T13:28:03,"(21.38157102, -157.74684712)"
FRTRK1003,move to,LOC_남측제1방어선,2026-09-11T13:28:03,"(21.38734691, -157.74453991)"
FRTRK1001,move to,LOC_남측제1방어선,2026-09-11T13:28:03,"(21.38743583, -157.74454522)"
FRM113007,move to,LOC_중앙킬존남측,2026-09-11T13:28:03,"(21.39065550, -157.74256743)"
FRM113006,move to,LOC_중앙킬존남측,2026-09-11T13:28:03,"(21.39069576, -157.74245162)"
FRTRK1005,move to,LOC_남측제1방어선,2026-09-11T13:28:03,"(21.38722152, -157.74451404)"
FRTRK2001,move to,LOC_남측제1방어선,2026-09-11T13:28:03,"(21.38730171, -157.74452711)"
FRM113005,move to,LOC_중앙킬존남측,2026-09-11T13:28:03,"(21.39065733, -157.74236670)"
FRTRK1002,move to,LOC_남측제1방어선,2026-09-11T13:28:03,"(21.38739135, -157.74454218)"
FRM113004,move to,LOC_중앙킬존남측,2026-09-11T13:28:03,"(21.39060846, -157.74228622)"
FRTRK2003,move to,LOC_남측제1방어선,2026-09-11T13:28:03,"(21.38713813, -157.74437173)"
FRAHS002,move to,LOC_아군후방지휘소,2026-09-11T13:28:03,"(21.39217737, -157.74446695)"
FRM109004,move to,LOC_중앙킬존남측,2026-09-11T13:28:03,"(21.39087216, -157.74327553)"
FRTRK1004,move to,LOC_남측제1방어선,2026-09-11T13:28:03,"(21.38709372, -157.74437135)"
FRM113003,move to,LOC_중앙킬존남측,2026-09-11T13:28:03,"(21.39056549, -157.74220345)"
FRLAV002,move to,LOC_중앙킬존남측,2026-09-11T13:28:03,"(21.39026682, -157.74138345)"
FRLAV006,move to,LOC_중앙킬존남측,2026-09-11T13:28:03,"(21.39039650, -157.74172959)"
FRM113002,move to,LOC_중앙킬존남측,2026-09-11T13:28:03,"(21.39052555, -157.74211947)"
FRLAV008,move to,LOC_중앙킬존남측,2026-09-11T13:28:03,"(21.39046293, -157.74190139)"
FRLAV001,move to,LOC_중앙킬존남측,2026-09-11T13:28:03,"(21.39019576, -157.74131776)"
FRLAV003,move to,LOC_중앙킬존남측,2026-09-11T13:28:03,"(21.39027075, -157.74148500)"
FRM113001,move to,LOC_중앙킬존남측,2026-09-11T13:28:03,"(21.39048106, -157.74203762)"
FRLAV005,move to,LOC_중앙킬존남측,2026-09-11T13:28:03,"(21.39033564, -157.74165743)"
FRLAV007,move to,LOC_중앙킬존남측,2026-09-11T13:28:03,"(21.39044299, -157.74180918)"
FRLAV004,move to,LOC_중앙킬존남측,2026-09-11T13:28:03,"(21.39031112, -157.74156720)"
FRSNP005,move to,LOC_적북측접근로,2026-09-11T13:28:04,"(21.38144218, -157.74856375)"
FRSNP001,move to,LOC_적북측접근로,2026-09-11T13:28:04,"(21.38140619, -157.74839269)"
FRSNP004,move to,LOC_적북측접근로,2026-09-11T13:28:04,"(21.38133773, -157.74853388)"
FRSNP002,move to,LOC_적북측접근로,2026-09-11T13:28:04,"(21.38137551, -157.74841640)"
FRSNP003,move to,LOC_적북측접근로,2026-09-11T13:28:04,"(21.38130295, -157.74853542)"
FRSNP008,move to,LOC_적북측접근로,2026-09-11T13:28:04,"(21.38133878, -157.74855474)"
FRSNP006,move to,LOC_적북측접근로,2026-09-11T13:28:04,"(21.38131525, -157.74854881)"
FRSNP007,move to,LOC_적북측접근로,2026-09-11T13:28:04,"(21.38135003, -157.74854727)"
FRCMD002,move to,LOC_북측전방방어선,2026-09-11T13:28:04,"(21.38196806, -157.75080474)"
FRCMD001,move to,LOC_중앙킬존남측,2026-09-11T13:28:04,"(21.38157102, -157.74684712)"
FRTRK1003,move to,LOC_남측제1방어선,2026-09-11T13:28:04,"(21.38734691, -157.74453991)"
FRTRK1001,move to,LOC_남측제1방어선,2026-09-11T13:28:04,"(21.38743583, -157.74454522)"
FRM113007,move to,LOC_중앙킬존남측,2026-09-11T13:28:04,"(21.39065550, -157.74256743)"
FRM113006,move to,LOC_중앙킬존남측,2026-09-11T13:28:04,"(21.39069576, -157.74245162)"
FRTRK1005,move to,LOC_남측제1방어선,2026-09-11T13:28:04,"(21.38722152, -157.74451404)"
FRTRK2001,move to,LOC_남측제1방어선,2026-09-11T13:28:04,"(21.38730171, -157.74452711)"
FRM113005,move to,LOC_중앙킬존남측,2026-09-11T13:28:04,"(21.39065733, -157.74236670)"
FRTRK1002,move to,LOC_남측제1방어선,2026-09-11T13:28:04,"(21.38739135, -157.74454218)"
FRM113004,move to,LOC_중앙킬존남측,2026-09-11T13:28:04,"(21.39060846, -157.74228622)"
FRTRK2003,move to,LOC_남측제1방어선,2026-09-11T13:28:04,"(21.38713813, -157.74437173)"
FRAHS002,move to,LOC_아군후방지휘소,2026-09-11T13:28:04,"(21.39217737, -157.74446695)"
FRM109004,move to,LOC_중앙킬존남측,2026-09-11T13:28:04,"(21.39087216, -157.74327553)"
FRTRK1004,move to,LOC_남측제1방어선,2026-09-11T13:28:04,"(21.38709372, -157.74437135)"
FRM113003,move to,LOC_중앙킬존남측,2026-09-11T13:28:04,"(21.39056549, -157.74220345)"
FRLAV002,move to,LOC_중앙킬존남측,2026-09-11T13:28:04,"(21.39026682, -157.74138345)"
FRLAV006,move to,LOC_중앙킬존남측,2026-09-11T13:28:04,"(21.39039650, -157.74172959)"
FRM113002,move to,LOC_중앙킬존남측,2026-09-11T13:28:04,"(21.39052555, -157.74211947)"
FRLAV008,move to,LOC_중앙킬존남측,2026-09-11T13:28:04,"(21.39046293, -157.74190139)"
FRLAV001,move to,LOC_중앙킬존남측,2026-09-11T13:28:04,"(21.39019576, -157.74131776)"
FRLAV003,move to,LOC_중앙킬존남측,2026-09-11T13:28:04,"(21.39027075, -157.74148500)"
FRM113001,move to,LOC_중앙킬존남측,2026-09-11T13:28:04,"(21.39048106, -157.74203762)"
FRLAV005,move to,LOC_중앙킬존남측,2026-09-11T13:28:04,"(21.39033564, -157.74165743)"
FRLAV007,move to,LOC_중앙킬존남측,2026-09-11T13:28:04,"(21.39044299, -157.74180918)"
FRLAV004,move to,LOC_중앙킬존남측,2026-09-11T13:28:04,"(21.39031112, -157.74156720)"
FRSNP005,move to,LOC_적북측접근로,2026-09-11T13:28:05,"(21.38141834, -157.74854765)"
FRSNP001,move to,LOC_적북측접근로,2026-09-11T13:28:05,"(21.38138220, -157.74837685)"
FRSNP004,move to,LOC_적북측접근로,2026-09-11T13:28:05,"(21.38131393, -157.74851772)"
FRSNP002,move to,LOC_적북측접근로,2026-09-11T13:28:05,"(21.38135156, -157.74840049)"
FRSNP003,move to,LOC_적북측접근로,2026-09-11T13:28:05,"(21.38127917, -157.74851921)"
FRSNP008,move to,LOC_적북측접근로,2026-09-11T13:28:05,"(21.38131501, -157.74853855)"
FRSNP006,move to,LOC_적북측접근로,2026-09-11T13:28:05,"(21.38129148, -157.74853260)"
FRSNP007,move to,LOC_적북측접근로,2026-09-11T13:28:05,"(21.38132624, -157.74853110)"
FRCMD002,move to,LOC_북측전방방어선,2026-09-11T13:28:05,"(21.38194873, -157.75078594)"
FRCMD001,move to,LOC_중앙킬존남측,2026-09-11T13:28:05,"(21.38154825, -157.74683360)"
FRTRK1003,move to,LOC_남측제1방어선,2026-09-11T13:28:05,"(21.38734677, -157.74453884)"
FRTRK1001,move to,LOC_남측제1방어선,2026-09-11T13:28:05,"(21.38743529, -157.74454156)"
FRM113007,move to,LOC_중앙킬존남측,2026-09-11T13:28:05,"(21.39065700, -157.74256684)"
FRM113006,move to,LOC_중앙킬존남측,2026-09-11T13:28:05,"(21.39069571, -157.74245164)"
FRTRK1005,move to,LOC_남측제1방어선,2026-09-11T13:28:05,"(21.38722124, -157.74451148)"
FRTRK2001,move to,LOC_남측제1방어선,2026-09-11T13:28:05,"(21.38730191, -157.74452873)"
FRM113005,move to,LOC_중앙킬존남측,2026-09-11T13:28:05,"(21.39065731, -157.74236671)"
FRTRK1002,move to,LOC_남측제1방어선,2026-09-11T13:28:05,"(21.38739090, -157.74453902)"
FRM113004,move to,LOC_중앙킬존남측,2026-09-11T13:28:05,"(21.39060886, -157.74228606)"
FRTRK2003,move to,LOC_남측제1방어선,2026-09-11T13:28:05,"(21.38713795, -157.74436983)"
FRAHS002,move to,LOC_아군후방지휘소,2026-09-11T13:28:05,"(21.39217736, -157.74446697)"
FRM109004,move to,LOC_중앙킬존남측,2026-09-11T13:28:05,"(21.39087474, -157.74327473)"
FRTRK1004,move to,LOC_남측제1방어선,2026-09-11T13:28:05,"(21.38709343, -157.74436803)"
FRM113003,move to,LOC_중앙킬존남측,2026-09-11T13:28:05,"(21.39056628, -157.74220311)"
FRLAV002,move to,LOC_중앙킬존남측,2026-09-11T13:28:05,"(21.39026682, -157.74138344)"
FRLAV006,move to,LOC_중앙킬존남측,2026-09-11T13:28:05,"(21.39039547, -157.74173010)"
FRM113002,move to,LOC_중앙킬존남측,2026-09-11T13:28:05,"(21.39052672, -157.74211895)"
FRLAV008,move to,LOC_중앙킬존남측,2026-09-11T13:28:05,"(21.39046134, -157.74190214)"
FRLAV001,move to,LOC_중앙킬존남측,2026-09-11T13:28:05,"(21.39019624, -157.74131750)"
FRLAV003,move to,LOC_중앙킬존남측,2026-09-11T13:28:05,"(21.39027242, -157.74148412)"
FRM113001,move to,LOC_중앙킬존남측,2026-09-11T13:28:05,"(21.39048121, -157.74203755)"
FRLAV005,move to,LOC_중앙킬존남측,2026-09-11T13:28:05,"(21.39033738, -157.74165655)"
FRLAV007,move to,LOC_중앙킬존남측,2026-09-11T13:28:05,"(21.39044213, -157.74180959)"
FRLAV004,move to,LOC_중앙킬존남측,2026-09-11T13:28:05,"(21.39030951, -157.74156802)"
FRAHS001,FFE-on-Location,LOC_적포병진지,2026-09-11T13:28:05,"(21.39112388, -157.73719220)"
FRTRK2002,move to,LOC_남측제1방어선,2026-09-11T13:28:05,"(21.38725794, -157.74452569)"
FRSNP005,move to,LOC_적북측접근로,2026-09-11T13:28:06,"(21.38141834, -157.74854765)"
FRSNP001,move to,LOC_적북측접근로,2026-09-11T13:28:06,"(21.38138220, -157.74837685)"
FRSNP004,move to,LOC_적북측접근로,2026-09-11T13:28:06,"(21.38131393, -157.74851772)"
FRSNP002,move to,LOC_적북측접근로,2026-09-11T13:28:06,"(21.38135156, -157.74840049)"
FRSNP003,move to,LOC_적북측접근로,2026-09-11T13:28:06,"(21.38127917, -157.74851921)"
FRSNP008,move to,LOC_적북측접근로,2026-09-11T13:28:06,"(21.38131501, -157.74853855)"
FRSNP006,move to,LOC_적북측접근로,2026-09-11T13:28:06,"(21.38129148, -157.74853260)"
FRSNP007,move to,LOC_적북측접근로,2026-09-11T13:28:06,"(21.38132624, -157.74853110)"
FRCMD002,move to,LOC_북측전방방어선,2026-09-11T13:28:06,"(21.38194873, -157.75078594)"
FRCMD001,move to,LOC_중앙킬존남측,2026-09-11T13:28:06,"(21.38154825, -157.74683360)"
FRTRK1003,move to,LOC_남측제1방어선,2026-09-11T13:28:06,"(21.38734677, -157.74453884)"
FRTRK1001,move to,LOC_남측제1방어선,2026-09-11T13:28:06,"(21.38743529, -157.74454156)"
FRM113007,move to,LOC_중앙킬존남측,2026-09-11T13:28:06,"(21.39065700, -157.74256684)"
FRM113006,move to,LOC_중앙킬존남측,2026-09-11T13:28:06,"(21.39069571, -157.74245164)"
FRTRK1005,move to,LOC_남측제1방어선,2026-09-11T13:28:06,"(21.38722124, -157.74451148)"
FRTRK2001,move to,LOC_남측제1방어선,2026-09-11T13:28:06,"(21.38730191, -157.74452873)"
FRM113005,move to,LOC_중앙킬존남측,2026-09-11T13:28:06,"(21.39065731, -157.74236671)"
FRTRK1002,move to,LOC_남측제1방어선,2026-09-11T13:28:06,"(21.38739090, -157.74453902)"
FRM113004,move to,LOC_중앙킬존남측,2026-09-11T13:28:06,"(21.39060886, -157.74228606)"
FRTRK2003,move to,LOC_남측제1방어선,2026-09-11T13:28:06,"(21.38713795, -157.74436983)"
FRAHS002,move to,LOC_아군후방지휘소,2026-09-11T13:28:06,"(21.39217736, -157.74446697)"
FRM109004,move to,LOC_중앙킬존남측,2026-09-11T13:28:06,"(21.39087474, -157.74327473)"
FRTRK1004,move to,LOC_남측제1방어선,2026-09-11T13:28:06,"(21.38709343, -157.74436803)"
FRM113003,move to,LOC_중앙킬존남측,2026-09-11T13:28:06,"(21.39056628, -157.74220311)"
FRLAV002,move to,LOC_중앙킬존남측,2026-09-11T13:28:06,"(21.39026682, -157.74138344)"
FRLAV006,move to,LOC_중앙킬존남측,2026-09-11T13:28:06,"(21.39039547, -157.74173010)"
FRM113002,move to,LOC_중앙킬존남측,2026-09-11T13:28:06,"(21.39052672, -157.74211895)"
FRLAV008,move to,LOC_중앙킬존남측,2026-09-11T13:28:06,"(21.39046134, -157.74190214)"
FRLAV001,move to,LOC_중앙킬존남측,2026-09-11T13:28:06,"(21.39019624, -157.74131750)"
FRLAV003,move to,LOC_중앙킬존남측,2026-09-11T13:28:06,"(21.39027242, -157.74148412)"
FRM113001,move to,LOC_중앙킬존남측,2026-09-11T13:28:06,"(21.39048121, -157.74203755)"
FRLAV005,move to,LOC_중앙킬존남측,2026-09-11T13:28:06,"(21.39033738, -157.74165655)"
FRLAV007,move to,LOC_중앙킬존남측,2026-09-11T13:28:06,"(21.39044213, -157.74180959)"
FRLAV004,move to,LOC_중앙킬존남측,2026-09-11T13:28:06,"(21.39030951, -157.74156802)"
FRAHS001,FFE-on-Location,LOC_적포병진지,2026-09-11T13:28:06,"(21.39112388, -157.73719220)"
FRTRK2002,move to,LOC_남측제1방어선,2026-09-11T13:28:06,"(21.38725794, -157.74452569)"
FRSNP005,move to,LOC_적북측접근로,2026-09-11T13:28:07,"(21.38141834, -157.74854765)"
FRSNP001,move to,LOC_적북측접근로,2026-09-11T13:28:07,"(21.38138220, -157.74837685)"
FRSNP004,move to,LOC_적북측접근로,2026-09-11T13:28:07,"(21.38131393, -157.74851772)"
FRSNP002,move to,LOC_적북측접근로,2026-09-11T13:28:07,"(21.38135156, -157.74840049)"
FRSNP003,move to,LOC_적북측접근로,2026-09-11T13:28:07,"(21.38127917, -157.74851921)"
FRSNP008,move to,LOC_적북측접근로,2026-09-11T13:28:07,"(21.38131501, -157.74853855)"
FRSNP006,move to,LOC_적북측접근로,2026-09-11T13:28:07,"(21.38129148, -157.74853260)"
FRSNP007,move to,LOC_적북측접근로,2026-09-11T13:28:07,"(21.38132624, -157.74853110)"
FRCMD002,move to,LOC_북측전방방어선,2026-09-11T13:28:07,"(21.38194873, -157.75078594)"
FRCMD001,move to,LOC_중앙킬존남측,2026-09-11T13:28:07,"(21.38154825, -157.74683360)"
FRTRK1003,move to,LOC_남측제1방어선,2026-09-11T13:28:07,"(21.38734677, -157.74453884)"
FRTRK1001,move to,LOC_남측제1방어선,2026-09-11T13:28:07,"(21.38743529, -157.74454156)"
FRM113007,move to,LOC_중앙킬존남측,2026-09-11T13:28:07,"(21.39065700, -157.74256684)"
FRM113006,move to,LOC_중앙킬존남측,2026-09-11T13:28:07,"(21.39069571, -157.74245164)"
FRTRK1005,move to,LOC_남측제1방어선,2026-09-11T13:28:07,"(21.38722124, -157.74451148)"
FRTRK2001,move to,LOC_남측제1방어선,2026-09-11T13:28:07,"(21.38730191, -157.74452873)"
FRM113005,move to,LOC_중앙킬존남측,2026-09-11T13:28:07,"(21.39065731, -157.74236671)"
FRTRK1002,move to,LOC_남측제1방어선,2026-09-11T13:28:07,"(21.38739090, -157.74453902)"
FRM113004,move to,LOC_중앙킬존남측,2026-09-11T13:28:07,"(21.39060886, -157.74228606)"
FRTRK2003,move to,LOC_남측제1방어선,2026-09-11T13:28:07,"(21.38713795, -157.74436983)"
FRAHS002,move to,LOC_아군후방지휘소,2026-09-11T13:28:07,"(21.39217736, -157.74446697)"
FRM109004,move to,LOC_중앙킬존남측,2026-09-11T13:28:07,"(21.39087474, -157.74327473)"
FRTRK1004,move to,LOC_남측제1방어선,2026-09-11T13:28:07,"(21.38709343, -157.74436803)"
FRM113003,move to,LOC_중앙킬존남측,2026-09-11T13:28:07,"(21.39056628, -157.74220311)"
FRLAV002,move to,LOC_중앙킬존남측,2026-09-11T13:28:07,"(21.39026682, -157.74138344)"
FRLAV006,move to,LOC_중앙킬존남측,2026-09-11T13:28:07,"(21.39039547, -157.74173010)"
FRM113002,move to,LOC_중앙킬존남측,2026-09-11T13:28:07,"(21.39052672, -157.74211895)"
FRLAV008,move to,LOC_중앙킬존남측,2026-09-11T13:28:07,"(21.39046134, -157.74190214)"
FRLAV001,move to,LOC_중앙킬존남측,2026-09-11T13:28:07,"(21.39019624, -157.74131750)"
FRLAV003,move to,LOC_중앙킬존남측,2026-09-11T13:28:07,"(21.39027242, -157.74148412)"
FRM113001,move to,LOC_중앙킬존남측,2026-09-11T13:28:07,"(21.39048121, -157.74203755)"
FRLAV005,move to,LOC_중앙킬존남측,2026-09-11T13:28:07,"(21.39033738, -157.74165655)"
FRLAV007,move to,LOC_중앙킬존남측,2026-09-11T13:28:07,"(21.39044213, -157.74180959)"
FRLAV004,move to,LOC_중앙킬존남측,2026-09-11T13:28:07,"(21.39030951, -157.74156802)"
FRAHS001,FFE-on-Location,LOC_적포병진지,2026-09-11T13:28:07,"(21.39112388, -157.73719220)"
FRTRK2002,move to,LOC_남측제1방어선,2026-09-11T13:28:07,"(21.38725794, -157.74452569)"
FRSNP005,move to,LOC_적북측접근로,2026-09-11T13:28:07,"(21.38139461, -157.74853164)"
FRSNP001,move to,LOC_적북측접근로,2026-09-11T13:28:07,"(21.38135834, -157.74836109)"
FRSNP004,move to,LOC_적북측접근로,2026-09-11T13:28:07,"(21.38129024, -157.74850163)"
FRSNP002,move to,LOC_적북측접근로,2026-09-11T13:28:07,"(21.38132774, -157.74838465)"
FRSNP003,move to,LOC_적북측접근로,2026-09-11T13:28:07,"(21.38125550, -157.74850308)"
FRSNP008,move to,LOC_적북측접근로,2026-09-11T13:28:07,"(21.38129134, -157.74852243)"
FRSNP006,move to,LOC_적북측접근로,2026-09-11T13:28:07,"(21.38126783, -157.74851647)"
FRTRK1003,move to,LOC_남측제1방어선,2026-09-11T13:28:07,"(21.38734630, -157.74453531)"
FRTRK1001,move to,LOC_남측제1방어선,2026-09-11T13:28:07,"(21.38743478, -157.74453811)"
FRM113007,move to,LOC_중앙킬존남측,2026-09-11T13:28:07,"(21.39065836, -157.74256631)"
FRM113006,move to,LOC_중앙킬존남측,2026-09-11T13:28:07,"(21.39069565, -157.74245167)"
FRTRK1005,move to,LOC_남측제1방어선,2026-09-11T13:28:07,"(21.38722113, -157.74451044)"
FRTRK2001,move to,LOC_남측제1방어선,2026-09-11T13:28:07,"(21.38730237, -157.74453237)"
FRM113005,move to,LOC_중앙킬존남측,2026-09-11T13:28:07,"(21.39065729, -157.74236671)"
FRTRK1002,move to,LOC_남측제1방어선,2026-09-11T13:28:07,"(21.38739037, -157.74453517)"
FRM113004,move to,LOC_중앙킬존남측,2026-09-11T13:28:07,"(21.39060956, -157.74228576)"
FRTRK2003,move to,LOC_남측제1방어선,2026-09-11T13:28:07,"(21.38713806, -157.74437100)"
FRAHS002,move to,LOC_아군후방지휘소,2026-09-11T13:28:07,"(21.39217736, -157.74446699)"
FRM109004,move to,LOC_중앙킬존남측,2026-09-11T13:28:07,"(21.39087135, -157.74327579)"
FRTRK1004,move to,LOC_남측제1방어선,2026-09-11T13:28:07,"(21.38709316, -157.74436491)"
FRM113003,move to,LOC_중앙킬존남측,2026-09-11T13:28:07,"(21.39056737, -157.74220263)"
FRLAV002,move to,LOC_중앙킬존남측,2026-09-11T13:28:07,"(21.39026703, -157.74138333)"
FRLAV006,move to,LOC_중앙킬존남측,2026-09-11T13:28:07,"(21.39039512, -157.74173027)"
FRM113002,move to,LOC_중앙킬존남측,2026-09-11T13:28:07,"(21.39052839, -157.74211821)"
FRLAV008,move to,LOC_중앙킬존남측,2026-09-11T13:28:07,"(21.39046072, -157.74190243)"
FRLAV001,move to,LOC_중앙킬존남측,2026-09-11T13:28:07,"(21.39019709, -157.74131703)"
FRLAV003,move to,LOC_중앙킬존남측,2026-09-11T13:28:07,"(21.39027175, -157.74148448)"
FRM113001,move to,LOC_중앙킬존남측,2026-09-11T13:28:07,"(21.39048189, -157.74203724)"
FRLAV005,move to,LOC_중앙킬존남측,2026-09-11T13:28:07,"(21.39033535, -157.74165757)"
FRLAV007,move to,LOC_중앙킬존남측,2026-09-11T13:28:07,"(21.39044212, -157.74180960)"
FRLAV004,move to,LOC_중앙킬존남측,2026-09-11T13:28:07,"(21.39030794, -157.74156882)"
FRAHS001,FFE-on-Location,LOC_적포병진지,2026-09-11T13:28:07,"(21.39112388, -157.73719220)"
FRTRK2002,move to,LOC_남측제1방어선,2026-09-11T13:28:07,"(21.38725831, -157.74452886)"
FRSNP005,move to,LOC_적북측접근로,2026-09-11T13:28:08,"(21.38139461, -157.74853164)"
FRSNP001,move to,LOC_적북측접근로,2026-09-11T13:28:08,"(21.38135834, -157.74836109)"
FRSNP004,move to,LOC_적북측접근로,2026-09-11T13:28:08,"(21.38129024, -157.74850163)"
FRSNP002,move to,LOC_적북측접근로,2026-09-11T13:28:08,"(21.38132774, -157.74838465)"
FRSNP003,move to,LOC_적북측접근로,2026-09-11T13:28:08,"(21.38125550, -157.74850308)"
FRSNP008,move to,LOC_적북측접근로,2026-09-11T13:28:08,"(21.38129134, -157.74852243)"
FRSNP006,move to,LOC_적북측접근로,2026-09-11T13:28:08,"(21.38126783, -157.74851647)"
FRTRK1003,move to,LOC_남측제1방어선,2026-09-11T13:28:08,"(21.38734630, -157.74453531)"
FRTRK1001,move to,LOC_남측제1방어선,2026-09-11T13:28:08,"(21.38743478, -157.74453811)"
FRM113007,move to,LOC_중앙킬존남측,2026-09-11T13:28:08,"(21.39065836, -157.74256631)"
FRM113006,move to,LOC_중앙킬존남측,2026-09-11T13:28:08,"(21.39069565, -157.74245167)"
FRTRK1005,move to,LOC_남측제1방어선,2026-09-11T13:28:08,"(21.38722113, -157.74451044)"
FRTRK2001,move to,LOC_남측제1방어선,2026-09-11T13:28:08,"(21.38730237, -157.74453237)"
FRM113005,move to,LOC_중앙킬존남측,2026-09-11T13:28:08,"(21.39065729, -157.74236671)"
FRTRK1002,move to,LOC_남측제1방어선,2026-09-11T13:28:08,"(21.38739037, -157.74453517)"
FRM113004,move to,LOC_중앙킬존남측,2026-09-11T13:28:08,"(21.39060956, -157.74228576)"
FRTRK2003,move to,LOC_남측제1방어선,2026-09-11T13:28:08,"(21.38713806, -157.74437100)"
FRAHS002,move to,LOC_아군후방지휘소,2026-09-11T13:28:08,"(21.39217736, -157.74446699)"
FRM109004,move to,LOC_중앙킬존남측,2026-09-11T13:28:08,"(21.39087135, -157.74327579)"
FRTRK1004,move to,LOC_남측제1방어선,2026-09-11T13:28:08,"(21.38709316, -157.74436491)"
FRM113003,move to,LOC_중앙킬존남측,2026-09-11T13:28:08,"(21.39056737, -157.74220263)"
FRLAV002,move to,LOC_중앙킬존남측,2026-09-11T13:28:08,"(21.39026703, -157.74138333)"
FRLAV006,move to,LOC_중앙킬존남측,2026-09-11T13:28:08,"(21.39039512, -157.74173027)"
FRM113002,move to,LOC_중앙킬존남측,2026-09-11T13:28:08,"(21.39052839, -157.74211821)"
FRLAV008,move to,LOC_중앙킬존남측,2026-09-11T13:28:08,"(21.39046072, -157.74190243)"
FRLAV001,move to,LOC_중앙킬존남측,2026-09-11T13:28:08,"(21.39019709, -157.74131703)"
FRLAV003,move to,LOC_중앙킬존남측,2026-09-11T13:28:08,"(21.39027175, -157.74148448)"
FRM113001,move to,LOC_중앙킬존남측,2026-09-11T13:28:08,"(21.39048189, -157.74203724)"
FRLAV005,move to,LOC_중앙킬존남측,2026-09-11T13:28:08,"(21.39033535, -157.74165757)"
FRLAV007,move to,LOC_중앙킬존남측,2026-09-11T13:28:08,"(21.39044212, -157.74180960)"
FRLAV004,move to,LOC_중앙킬존남측,2026-09-11T13:28:08,"(21.39030794, -157.74156882)"
FRAHS001,FFE-on-Location,LOC_적포병진지,2026-09-11T13:28:08,"(21.39112388, -157.73719220)"
FRTRK2002,move to,LOC_남측제1방어선,2026-09-11T13:28:08,"(21.38725831, -157.74452886)"
FRSNP005,move to,LOC_적북측접근로,2026-09-11T13:28:09,"(21.38137077, -157.74851555)"
FRSNP001,move to,LOC_적북측접근로,2026-09-11T13:28:09,"(21.38133436, -157.74834526)"
FRSNP004,move to,LOC_적북측접근로,2026-09-11T13:28:09,"(21.38126643, -157.74848547)"
FRSNP002,move to,LOC_적북측접근로,2026-09-11T13:28:09,"(21.38130381, -157.74836874)"
FRSNP003,move to,LOC_적북측접근로,2026-09-11T13:28:09,"(21.38123171, -157.74848687)"
FRSNP008,move to,LOC_적북측접근로,2026-09-11T13:28:09,"(21.38126756, -157.74850624)"
FRSNP006,move to,LOC_적북측접근로,2026-09-11T13:28:09,"(21.38124405, -157.74850026)"
FRTRK1003,move to,LOC_남측제1방어선,2026-09-11T13:28:09,"(21.38734587, -157.74453203)"
FRTRK1001,move to,LOC_남측제1방어선,2026-09-11T13:28:09,"(21.38743471, -157.74453763)"
FRM113007,move to,LOC_중앙킬존남측,2026-09-11T13:28:09,"(21.39065958, -157.74256583)"
FRM113006,move to,LOC_중앙킬존남측,2026-09-11T13:28:09,"(21.39069557, -157.74245170)"
FRTRK1005,move to,LOC_남측제1방어선,2026-09-11T13:28:09,"(21.38722123, -157.74451135)"
FRTRK2001,move to,LOC_남측제1방어선,2026-09-11T13:28:09,"(21.38730274, -157.74453537)"
FRM113005,move to,LOC_중앙킬존남측,2026-09-11T13:28:09,"(21.39065727, -157.74236672)"
FRTRK1002,move to,LOC_남측제1방어선,2026-09-11T13:28:09,"(21.38739017, -157.74453375)"
FRM113004,move to,LOC_중앙킬존남측,2026-09-11T13:28:09,"(21.39061058, -157.74228533)"
FRTRK2003,move to,LOC_남측제1방어선,2026-09-11T13:28:09,"(21.38713840, -157.74437444)"
FRAHS002,move to,LOC_아군후방지휘소,2026-09-11T13:28:09,"(21.39217735, -157.74446702)"
FRM109004,move to,LOC_중앙킬존남측,2026-09-11T13:28:09,"(21.39087268, -157.74327537)"
FRTRK1004,move to,LOC_남측제1방어선,2026-09-11T13:28:09,"(21.38709308, -157.74436409)"
FRM113003,move to,LOC_중앙킬존남측,2026-09-11T13:28:09,"(21.39056878, -157.74220203)"
FRLAV002,move to,LOC_중앙킬존남측,2026-09-11T13:28:09,"(21.39026745, -157.74138311)"
FRLAV006,move to,LOC_중앙킬존남측,2026-09-11T13:28:09,"(21.39039545, -157.74173011)"
FRM113002,move to,LOC_중앙킬존남측,2026-09-11T13:28:09,"(21.39053012, -157.74211744)"
FRLAV008,move to,LOC_중앙킬존남측,2026-09-11T13:28:09,"(21.39046103, -157.74190228)"
FRLAV001,move to,LOC_중앙킬존남측,2026-09-11T13:28:09,"(21.39019830, -157.74131637)"
FRLAV003,move to,LOC_중앙킬존남측,2026-09-11T13:28:09,"(21.39026884, -157.74148600)"
FRM113001,move to,LOC_중앙킬존남측,2026-09-11T13:28:09,"(21.39048309, -157.74203670)"
FRLAV005,move to,LOC_중앙킬존남측,2026-09-11T13:28:09,"(21.39033619, -157.74165715)"
FRLAV007,move to,LOC_중앙킬존남측,2026-09-11T13:28:09,"(21.39044295, -157.74180920)"
FRLAV004,move to,LOC_중앙킬존남측,2026-09-11T13:28:09,"(21.39030644, -157.74156959)"
FRAHS001,FFE-on-Location,LOC_적포병진지,2026-09-11T13:28:09,"(21.39112388, -157.73719220)"
FRTRK2002,move to,LOC_남측제1방어선,2026-09-11T13:28:09,"(21.38725850, -157.74453054)"
FRCMD002,move to,LOC_북측전방방어선,2026-09-11T13:28:09,"(21.38191019, -157.75074847)"
FRSNP005,move to,LOC_적북측접근로,2026-09-11T13:28:10,"(21.38137077, -157.74851555)"
FRSNP001,move to,LOC_적북측접근로,2026-09-11T13:28:10,"(21.38133436, -157.74834526)"
FRSNP004,move to,LOC_적북측접근로,2026-09-11T13:28:10,"(21.38126643, -157.74848547)"
FRSNP002,move to,LOC_적북측접근로,2026-09-11T13:28:10,"(21.38130381, -157.74836874)"
FRSNP003,move to,LOC_적북측접근로,2026-09-11T13:28:10,"(21.38123171, -157.74848687)"
FRSNP008,move to,LOC_적북측접근로,2026-09-11T13:28:10,"(21.38126756, -157.74850624)"
FRSNP006,move to,LOC_적북측접근로,2026-09-11T13:28:10,"(21.38124405, -157.74850026)"
FRTRK1003,move to,LOC_남측제1방어선,2026-09-11T13:28:10,"(21.38734587, -157.74453203)"
FRTRK1001,move to,LOC_남측제1방어선,2026-09-11T13:28:10,"(21.38743471, -157.74453763)"
FRM113007,move to,LOC_중앙킬존남측,2026-09-11T13:28:10,"(21.39065958, -157.74256583)"
FRM113006,move to,LOC_중앙킬존남측,2026-09-11T13:28:10,"(21.39069557, -157.74245170)"
FRTRK1005,move to,LOC_남측제1방어선,2026-09-11T13:28:10,"(21.38722123, -157.74451135)"
FRTRK2001,move to,LOC_남측제1방어선,2026-09-11T13:28:10,"(21.38730274, -157.74453537)"
FRM113005,move to,LOC_중앙킬존남측,2026-09-11T13:28:10,"(21.39065727, -157.74236672)"
FRTRK1002,move to,LOC_남측제1방어선,2026-09-11T13:28:10,"(21.38739017, -157.74453375)"
FRM113004,move to,LOC_중앙킬존남측,2026-09-11T13:28:10,"(21.39061058, -157.74228533)"
FRTRK2003,move to,LOC_남측제1방어선,2026-09-11T13:28:10,"(21.38713840, -157.74437444)"
FRAHS002,move to,LOC_아군후방지휘소,2026-09-11T13:28:10,"(21.39217735, -157.74446702)"
FRM109004,move to,LOC_중앙킬존남측,2026-09-11T13:28:10,"(21.39087268, -157.74327537)"
FRTRK1004,move to,LOC_남측제1방어선,2026-09-11T13:28:10,"(21.38709308, -157.74436409)"
FRM113003,move to,LOC_중앙킬존남측,2026-09-11T13:28:10,"(21.39056878, -157.74220203)"
FRLAV002,move to,LOC_중앙킬존남측,2026-09-11T13:28:10,"(21.39026745, -157.74138311)"
FRLAV006,move to,LOC_중앙킬존남측,2026-09-11T13:28:10,"(21.39039545, -157.74173011)"
FRM113002,move to,LOC_중앙킬존남측,2026-09-11T13:28:10,"(21.39053012, -157.74211744)"
FRLAV008,move to,LOC_중앙킬존남측,2026-09-11T13:28:10,"(21.39046103, -157.74190228)"
FRLAV001,move to,LOC_중앙킬존남측,2026-09-11T13:28:10,"(21.39019830, -157.74131637)"
FRLAV003,move to,LOC_중앙킬존남측,2026-09-11T13:28:10,"(21.39026884, -157.74148600)"
FRM113001,move to,LOC_중앙킬존남측,2026-09-11T13:28:10,"(21.39048309, -157.74203670)"
FRLAV005,move to,LOC_중앙킬존남측,2026-09-11T13:28:10,"(21.39033619, -157.74165715)"
FRLAV007,move to,LOC_중앙킬존남측,2026-09-11T13:28:10,"(21.39044295, -157.74180920)"
FRLAV004,move to,LOC_중앙킬존남측,2026-09-11T13:28:10,"(21.39030644, -157.74156959)"
FRAHS001,FFE-on-Location,LOC_적포병진지,2026-09-11T13:28:10,"(21.39112388, -157.73719220)"
FRTRK2002,move to,LOC_남측제1방어선,2026-09-11T13:28:10,"(21.38725850, -157.74453054)"
FRCMD002,move to,LOC_북측전방방어선,2026-09-11T13:28:10,"(21.38191019, -157.75074847)"
FRSNP005,move to,LOC_적북측접근로,2026-09-11T13:28:11,"(21.38134836, -157.74850043)"
FRSNP001,move to,LOC_적북측접근로,2026-09-11T13:28:11,"(21.38131182, -157.74833038)"
FRSNP004,move to,LOC_적북측접근로,2026-09-11T13:28:11,"(21.38124404, -157.74847027)"
FRSNP002,move to,LOC_적북측접근로,2026-09-11T13:28:11,"(21.38128130, -157.74835378)"
FRSNP003,move to,LOC_적북측접근로,2026-09-11T13:28:11,"(21.38120935, -157.74847163)"
FRSNP008,move to,LOC_적북측접근로,2026-09-11T13:28:11,"(21.38124519, -157.74849101)"
FRSNP006,move to,LOC_적북측접근로,2026-09-11T13:28:11,"(21.38122168, -157.74848500)"
FRTRK1003,move to,LOC_남측제1방어선,2026-09-11T13:28:11,"(21.38734579, -157.74453147)"
FRTRK1001,move to,LOC_남측제1방어선,2026-09-11T13:28:11,"(21.38743511, -157.74454032)"
FRM113007,move to,LOC_중앙킬존남측,2026-09-11T13:28:11,"(21.39066060, -157.74256543)"
FRM113006,move to,LOC_중앙킬존남측,2026-09-11T13:28:11,"(21.39069549, -157.74245173)"
FRTRK1005,move to,LOC_남측제1방어선,2026-09-11T13:28:11,"(21.38722148, -157.74451366)"
FRTRK2001,move to,LOC_남측제1방어선,2026-09-11T13:28:11,"(21.38730276, -157.74453557)"
FRM113005,move to,LOC_중앙킬존남측,2026-09-11T13:28:11,"(21.39065724, -157.74236673)"
FRTRK1002,move to,LOC_남측제1방어선,2026-09-11T13:28:11,"(21.38739045, -157.74453578)"
FRM113004,move to,LOC_중앙킬존남측,2026-09-11T13:28:11,"(21.39061182, -157.74228481)"
FRTRK2003,move to,LOC_남측제1방어선,2026-09-11T13:28:11,"(21.38713869, -157.74437750)"
FRAHS002,move to,LOC_아군후방지휘소,2026-09-11T13:28:11,"(21.39217734, -157.74446704)"
FRM109004,move to,LOC_중앙킬존남측,2026-09-11T13:28:11,"(21.39087344, -157.74327513)"
FRTRK1004,move to,LOC_남측제1방어선,2026-09-11T13:28:11,"(21.38709325, -157.74436600)"
FRM113003,move to,LOC_중앙킬존남측,2026-09-11T13:28:11,"(21.39057034, -157.74220135)"
FRLAV002,move to,LOC_중앙킬존남측,2026-09-11T13:28:11,"(21.39026804, -157.74138279)"
FRLAV006,move to,LOC_중앙킬존남측,2026-09-11T13:28:11,"(21.39039638, -157.74172965)"
FRM113002,move to,LOC_중앙킬존남측,2026-09-11T13:28:11,"(21.39052900, -157.74211794)"
FRLAV008,move to,LOC_중앙킬존남측,2026-09-11T13:28:11,"(21.39046214, -157.74190176)"
FRLAV001,move to,LOC_중앙킬존남측,2026-09-11T13:28:11,"(21.39019976, -157.74131558)"
FRLAV003,move to,LOC_중앙킬존남측,2026-09-11T13:28:11,"(21.39026767, -157.74148661)"
FRM113001,move to,LOC_중앙킬존남측,2026-09-11T13:28:11,"(21.39048461, -157.74203601)"
FRLAV005,move to,LOC_중앙킬존남측,2026-09-11T13:28:11,"(21.39033775, -157.74165637)"
FRLAV007,move to,LOC_중앙킬존남측,2026-09-11T13:28:11,"(21.39044445, -157.74180848)"
FRLAV004,move to,LOC_중앙킬존남측,2026-09-11T13:28:11,"(21.39030512, -157.74157027)"
FRAHS001,FFE-on-Location,LOC_적포병진지,2026-09-11T13:28:11,"(21.39112388, -157.73719220)"
FRTRK2002,move to,LOC_남측제1방어선,2026-09-11T13:28:11,"(21.38725842, -157.74452983)"
FRCMD002,move to,LOC_북측전방방어선,2026-09-11T13:28:11,"(21.38189202, -157.75073080)"
FRSNP007,move to,LOC_적북측접근로,2026-09-11T13:28:11,"(21.38125637, -157.74848363)"
FRSNP005,move to,LOC_적북측접근로,2026-09-11T13:28:12,"(21.38134836, -157.74850043)"
FRSNP001,move to,LOC_적북측접근로,2026-09-11T13:28:12,"(21.38131182, -157.74833038)"
FRSNP004,move to,LOC_적북측접근로,2026-09-11T13:28:12,"(21.38124404, -157.74847027)"
FRSNP002,move to,LOC_적북측접근로,2026-09-11T13:28:12,"(21.38128130, -157.74835378)"
FRSNP003,move to,LOC_적북측접근로,2026-09-11T13:28:12,"(21.38120935, -157.74847163)"
FRSNP008,move to,LOC_적북측접근로,2026-09-11T13:28:12,"(21.38124519, -157.74849101)"
FRSNP006,move to,LOC_적북측접근로,2026-09-11T13:28:12,"(21.38122168, -157.74848500)"
FRTRK1003,move to,LOC_남측제1방어선,2026-09-11T13:28:12,"(21.38734579, -157.74453147)"
FRTRK1001,move to,LOC_남측제1방어선,2026-09-11T13:28:12,"(21.38743511, -157.74454032)"
FRM113007,move to,LOC_중앙킬존남측,2026-09-11T13:28:12,"(21.39066060, -157.74256543)"
FRM113006,move to,LOC_중앙킬존남측,2026-09-11T13:28:12,"(21.39069549, -157.74245173)"
FRTRK1005,move to,LOC_남측제1방어선,2026-09-11T13:28:12,"(21.38722148, -157.74451366)"
FRTRK2001,move to,LOC_남측제1방어선,2026-09-11T13:28:12,"(21.38730276, -157.74453557)"
FRM113005,move to,LOC_중앙킬존남측,2026-09-11T13:28:12,"(21.39065724, -157.74236673)"
FRTRK1002,move to,LOC_남측제1방어선,2026-09-11T13:28:12,"(21.38739045, -157.74453578)"
FRM113004,move to,LOC_중앙킬존남측,2026-09-11T13:28:12,"(21.39061182, -157.74228481)"
FRTRK2003,move to,LOC_남측제1방어선,2026-09-11T13:28:12,"(21.38713869, -157.74437750)"
FRAHS002,move to,LOC_아군후방지휘소,2026-09-11T13:28:12,"(21.39217734, -157.74446704)"
FRM109004,move to,LOC_중앙킬존남측,2026-09-11T13:28:12,"(21.39087344, -157.74327513)"
FRTRK1004,move to,LOC_남측제1방어선,2026-09-11T13:28:12,"(21.38709325, -157.74436600)"
FRM113003,move to,LOC_중앙킬존남측,2026-09-11T13:28:12,"(21.39057034, -157.74220135)"
FRLAV002,move to,LOC_중앙킬존남측,2026-09-11T13:28:12,"(21.39026804, -157.74138279)"
FRLAV006,move to,LOC_중앙킬존남측,2026-09-11T13:28:12,"(21.39039638, -157.74172965)"
FRM113002,move to,LOC_중앙킬존남측,2026-09-11T13:28:12,"(21.39052900, -157.74211794)"
FRLAV008,move to,LOC_중앙킬존남측,2026-09-11T13:28:12,"(21.39046214, -157.74190176)"
FRLAV001,move to,LOC_중앙킬존남측,2026-09-11T13:28:12,"(21.39019976, -157.74131558)"
FRLAV003,move to,LOC_중앙킬존남측,2026-09-11T13:28:12,"(21.39026767, -157.74148661)"
FRM113001,move to,LOC_중앙킬존남측,2026-09-11T13:28:12,"(21.39048461, -157.74203601)"
FRLAV005,move to,LOC_중앙킬존남측,2026-09-11T13:28:12,"(21.39033775, -157.74165637)"
FRLAV007,move to,LOC_중앙킬존남측,2026-09-11T13:28:12,"(21.39044445, -157.74180848)"
FRLAV004,move to,LOC_중앙킬존남측,2026-09-11T13:28:12,"(21.39030512, -157.74157027)"
FRAHS001,FFE-on-Location,LOC_적포병진지,2026-09-11T13:28:12,"(21.39112388, -157.73719220)"
FRTRK2002,move to,LOC_남측제1방어선,2026-09-11T13:28:12,"(21.38725842, -157.74452983)"
FRCMD002,move to,LOC_북측전방방어선,2026-09-11T13:28:12,"(21.38189202, -157.75073080)"
FRSNP007,move to,LOC_적북측접근로,2026-09-11T13:28:12,"(21.38125637, -157.74848363)"
FRTRK1003,move to,LOC_남측제1방어선,2026-09-11T13:28:13,"(21.38734613, -157.74453402)"
FRTRK1001,move to,LOC_남측제1방어선,2026-09-11T13:28:13,"(21.38743569, -157.74454427)"
FRM113007,move to,LOC_중앙킬존남측,2026-09-11T13:28:13,"(21.39066153, -157.74256507)"
FRM113006,move to,LOC_중앙킬존남측,2026-09-11T13:28:13,"(21.39069539, -157.74245177)"
FRTRK1005,move to,LOC_남측제1방어선,2026-09-11T13:28:13,"(21.38722180, -157.74451662)"
FRTRK2001,move to,LOC_남측제1방어선,2026-09-11T13:28:13,"(21.38730242, -157.74453281)"
FRM113005,move to,LOC_중앙킬존남측,2026-09-11T13:28:13,"(21.39065721, -157.74236675)"
FRTRK1002,move to,LOC_남측제1방어선,2026-09-11T13:28:13,"(21.38739101, -157.74453978)"
FRM113004,move to,LOC_중앙킬존남측,2026-09-11T13:28:13,"(21.39061344, -157.74228412)"
FRTRK2003,move to,LOC_남측제1방어선,2026-09-11T13:28:13,"(21.38713878, -157.74437840)"
FRAHS002,move to,LOC_아군후방지휘소,2026-09-11T13:28:13,"(21.39217734, -157.74446706)"
FRM109004,move to,LOC_중앙킬존남측,2026-09-11T13:28:13,"(21.39086981, -157.74327627)"
FRTRK1004,move to,LOC_남측제1방어선,2026-09-11T13:28:13,"(21.38709356, -157.74436950)"
FRM113003,move to,LOC_중앙킬존남측,2026-09-11T13:28:13,"(21.39057206, -157.74220060)"
FRLAV002,move to,LOC_중앙킬존남측,2026-09-11T13:28:13,"(21.39026887, -157.74138235)"
FRLAV006,move to,LOC_중앙킬존남측,2026-09-11T13:28:13,"(21.39039797, -157.74172887)"
FRM113002,move to,LOC_중앙킬존남측,2026-09-11T13:28:13,"(21.39052606, -157.74211924)"
FRLAV008,move to,LOC_중앙킬존남측,2026-09-11T13:28:13,"(21.39046388, -157.74190095)"
FRLAV001,move to,LOC_중앙킬존남측,2026-09-11T13:28:13,"(21.39020141, -157.74131468)"
FRLAV003,move to,LOC_중앙킬존남측,2026-09-11T13:28:13,"(21.39026701, -157.74148695)"
FRM113001,move to,LOC_중앙킬존남측,2026-09-11T13:28:13,"(21.39048633, -157.74203523)"
FRLAV005,move to,LOC_중앙킬존남측,2026-09-11T13:28:13,"(21.39033335, -157.74165857)"
FRLAV007,move to,LOC_중앙킬존남측,2026-09-11T13:28:13,"(21.39044620, -157.74180764)"
FRLAV004,move to,LOC_중앙킬존남측,2026-09-11T13:28:13,"(21.39030385, -157.74157091)"
FRAHS001,FFE-on-Location,LOC_적포병진지,2026-09-11T13:28:13,"(21.39112388, -157.73719220)"
FRTRK2002,move to,LOC_남측제1방어선,2026-09-11T13:28:13,"(21.38725810, -157.74452706)"
FRCMD002,move to,LOC_북측전방방어선,2026-09-11T13:28:13,"(21.38187268, -157.75071199)"
FRTRK1003,move to,LOC_남측제1방어선,2026-09-11T13:28:14,"(21.38734613, -157.74453402)"
FRTRK1001,move to,LOC_남측제1방어선,2026-09-11T13:28:14,"(21.38743569, -157.74454427)"
FRM113007,move to,LOC_중앙킬존남측,2026-09-11T13:28:14,"(21.39066153, -157.74256507)"
FRM113006,move to,LOC_중앙킬존남측,2026-09-11T13:28:14,"(21.39069539, -157.74245177)"
FRTRK1005,move to,LOC_남측제1방어선,2026-09-11T13:28:14,"(21.38722180, -157.74451662)"
FRTRK2001,move to,LOC_남측제1방어선,2026-09-11T13:28:14,"(21.38730242, -157.74453281)"
FRM113005,move to,LOC_중앙킬존남측,2026-09-11T13:28:14,"(21.39065721, -157.74236675)"
FRTRK1002,move to,LOC_남측제1방어선,2026-09-11T13:28:14,"(21.38739101, -157.74453978)"
FRM113004,move to,LOC_중앙킬존남측,2026-09-11T13:28:14,"(21.39061344, -157.74228412)"
FRTRK2003,move to,LOC_남측제1방어선,2026-09-11T13:28:14,"(21.38713878, -157.74437840)"
FRAHS002,move to,LOC_아군후방지휘소,2026-09-11T13:28:14,"(21.39217734, -157.74446706)"
FRM109004,move to,LOC_중앙킬존남측,2026-09-11T13:28:14,"(21.39086981, -157.74327627)"
FRTRK1004,move to,LOC_남측제1방어선,2026-09-11T13:28:14,"(21.38709356, -157.74436950)"
FRM113003,move to,LOC_중앙킬존남측,2026-09-11T13:28:14,"(21.39057206, -157.74220060)"
FRLAV002,move to,LOC_중앙킬존남측,2026-09-11T13:28:14,"(21.39026887, -157.74138235)"
FRLAV006,move to,LOC_중앙킬존남측,2026-09-11T13:28:14,"(21.39039797, -157.74172887)"
FRM113002,move to,LOC_중앙킬존남측,2026-09-11T13:28:14,"(21.39052606, -157.74211924)"
FRLAV008,move to,LOC_중앙킬존남측,2026-09-11T13:28:14,"(21.39046388, -157.74190095)"
FRLAV001,move to,LOC_중앙킬존남측,2026-09-11T13:28:14,"(21.39020141, -157.74131468)"
FRLAV003,move to,LOC_중앙킬존남측,2026-09-11T13:28:14,"(21.39026701, -157.74148695)"
FRM113001,move to,LOC_중앙킬존남측,2026-09-11T13:28:14,"(21.39048633, -157.74203523)"
FRLAV005,move to,LOC_중앙킬존남측,2026-09-11T13:28:14,"(21.39033335, -157.74165857)"
FRLAV007,move to,LOC_중앙킬존남측,2026-09-11T13:28:14,"(21.39044620, -157.74180764)"
FRLAV004,move to,LOC_중앙킬존남측,2026-09-11T13:28:14,"(21.39030385, -157.74157091)"
FRAHS001,FFE-on-Location,LOC_적포병진지,2026-09-11T13:28:14,"(21.39112388, -157.73719220)"
FRTRK2002,move to,LOC_남측제1방어선,2026-09-11T13:28:14,"(21.38725810, -157.74452706)"
FRCMD002,move to,LOC_북측전방방어선,2026-09-11T13:28:14,"(21.38187268, -157.75071199)"
FRTRK1003,move to,LOC_남측제1방어선,2026-09-11T13:28:15,"(21.38734613, -157.74453402)"
FRTRK1001,move to,LOC_남측제1방어선,2026-09-11T13:28:15,"(21.38743569, -157.74454427)"
FRM113007,move to,LOC_중앙킬존남측,2026-09-11T13:28:15,"(21.39066153, -157.74256507)"
FRM113006,move to,LOC_중앙킬존남측,2026-09-11T13:28:15,"(21.39069539, -157.74245177)"
FRTRK1005,move to,LOC_남측제1방어선,2026-09-11T13:28:15,"(21.38722180, -157.74451662)"
FRTRK2001,move to,LOC_남측제1방어선,2026-09-11T13:28:15,"(21.38730242, -157.74453281)"
FRM113005,move to,LOC_중앙킬존남측,2026-09-11T13:28:15,"(21.39065721, -157.74236675)"
FRTRK1002,move to,LOC_남측제1방어선,2026-09-11T13:28:15,"(21.38739101, -157.74453978)"
FRM113004,move to,LOC_중앙킬존남측,2026-09-11T13:28:15,"(21.39061344, -157.74228412)"
FRTRK2003,move to,LOC_남측제1방어선,2026-09-11T13:28:15,"(21.38713878, -157.74437840)"
FRAHS002,move to,LOC_아군후방지휘소,2026-09-11T13:28:15,"(21.39217734, -157.74446706)"
FRM109004,move to,LOC_중앙킬존남측,2026-09-11T13:28:15,"(21.39086981, -157.74327627)"
FRTRK1004,move to,LOC_남측제1방어선,2026-09-11T13:28:15,"(21.38709356, -157.74436950)"
FRM113003,move to,LOC_중앙킬존남측,2026-09-11T13:28:15,"(21.39057206, -157.74220060)"
FRLAV002,move to,LOC_중앙킬존남측,2026-09-11T13:28:15,"(21.39026887, -157.74138235)"
FRLAV006,move to,LOC_중앙킬존남측,2026-09-11T13:28:15,"(21.39039797, -157.74172887)"
FRM113002,move to,LOC_중앙킬존남측,2026-09-11T13:28:15,"(21.39052606, -157.74211924)"
FRLAV008,move to,LOC_중앙킬존남측,2026-09-11T13:28:15,"(21.39046388, -157.74190095)"
FRLAV001,move to,LOC_중앙킬존남측,2026-09-11T13:28:15,"(21.39020141, -157.74131468)"
FRLAV003,move to,LOC_중앙킬존남측,2026-09-11T13:28:15,"(21.39026701, -157.74148695)"
FRM113001,move to,LOC_중앙킬존남측,2026-09-11T13:28:15,"(21.39048633, -157.74203523)"
FRLAV005,move to,LOC_중앙킬존남측,2026-09-11T13:28:15,"(21.39033335, -157.74165857)"
FRLAV007,move to,LOC_중앙킬존남측,2026-09-11T13:28:15,"(21.39044620, -157.74180764)"
FRLAV004,move to,LOC_중앙킬존남측,2026-09-11T13:28:15,"(21.39030385, -157.74157091)"
FRAHS001,FFE-on-Location,LOC_적포병진지,2026-09-11T13:28:15,"(21.39112388, -157.73719220)"
FRTRK2002,move to,LOC_남측제1방어선,2026-09-11T13:28:15,"(21.38725810, -157.74452706)"
FRCMD002,move to,LOC_북측전방방어선,2026-09-11T13:28:15,"(21.38187268, -157.75071199)"
FRTRK1003,move to,LOC_남측제1방어선,2026-09-11T13:28:16,"(21.38734663, -157.74453782)"
FRTRK1001,move to,LOC_남측제1방어선,2026-09-11T13:28:16,"(21.38743597, -157.74454615)"
FRM113007,move to,LOC_중앙킬존남측,2026-09-11T13:28:16,"(21.39066232, -157.74256476)"
FRM113006,move to,LOC_중앙킬존남측,2026-09-11T13:28:16,"(21.39069528, -157.74245182)"
FRTRK1005,move to,LOC_남측제1방어선,2026-09-11T13:28:16,"(21.38722203, -157.74451874)"
FRTRK2001,move to,LOC_남측제1방어선,2026-09-11T13:28:16,"(21.38730196, -157.74452910)"
FRM113005,move to,LOC_중앙킬존남측,2026-09-11T13:28:16,"(21.39065718, -157.74236676)"
FRTRK1002,move to,LOC_남측제1방어선,2026-09-11T13:28:16,"(21.38739138, -157.74454241)"
FRM113004,move to,LOC_중앙킬존남측,2026-09-11T13:28:16,"(21.39061518, -157.74228338)"
FRTRK2003,move to,LOC_남측제1방어선,2026-09-11T13:28:16,"(21.38713857, -157.74437622)"
FRAHS002,move to,LOC_아군후방지휘소,2026-09-11T13:28:16,"(21.39217733, -157.74446709)"
FRM109004,move to,LOC_중앙킬존남측,2026-09-11T13:28:16,"(21.39087134, -157.74327579)"
FRTRK1004,move to,LOC_남측제1방어선,2026-09-11T13:28:16,"(21.38709379, -157.74437216)"
FRM113003,move to,LOC_중앙킬존남측,2026-09-11T13:28:16,"(21.39057379, -157.74219986)"
FRLAV002,move to,LOC_중앙킬존남측,2026-09-11T13:28:16,"(21.39026990, -157.74138180)"
FRLAV006,move to,LOC_중앙킬존남측,2026-09-11T13:28:16,"(21.39039970, -157.74172802)"
FRM113002,move to,LOC_중앙킬존남측,2026-09-11T13:28:16,"(21.39052478, -157.74211981)"
FRLAV008,move to,LOC_중앙킬존남측,2026-09-11T13:28:16,"(21.39046562, -157.74190013)"
FRLAV001,move to,LOC_중앙킬존남측,2026-09-11T13:28:16,"(21.39020307, -157.74131377)"
FRLAV003,move to,LOC_중앙킬존남측,2026-09-11T13:28:16,"(21.39026696, -157.74148698)"
FRM113001,move to,LOC_중앙킬존남측,2026-09-11T13:28:16,"(21.39048804, -157.74203445)"
FRLAV005,move to,LOC_중앙킬존남측,2026-09-11T13:28:16,"(21.39033214, -157.74165918)"
FRLAV007,move to,LOC_중앙킬존남측,2026-09-11T13:28:16,"(21.39044795, -157.74180680)"
FRLAV004,move to,LOC_중앙킬존남측,2026-09-11T13:28:16,"(21.39030278, -157.74157146)"
FRAHS001,FFE-on-Location,LOC_적포병진지,2026-09-11T13:28:16,"(21.39112388, -157.73719220)"
FRTRK2002,move to,LOC_남측제1방어선,2026-09-11T13:28:16,"(21.38725773, -157.74452388)"
FRCMD002,move to,LOC_북측전방방어선,2026-09-11T13:28:16,"(21.38185328, -157.75069313)"
FRTRK1003,move to,LOC_남측제1방어선,2026-09-11T13:28:16,"(21.38734663, -157.74453782)"
FRTRK1001,move to,LOC_남측제1방어선,2026-09-11T13:28:16,"(21.38743597, -157.74454615)"
FRM113007,move to,LOC_중앙킬존남측,2026-09-11T13:28:16,"(21.39066232, -157.74256476)"
FRM113006,move to,LOC_중앙킬존남측,2026-09-11T13:28:16,"(21.39069528, -157.74245182)"
FRTRK1005,move to,LOC_남측제1방어선,2026-09-11T13:28:16,"(21.38722203, -157.74451874)"
FRTRK2001,move to,LOC_남측제1방어선,2026-09-11T13:28:16,"(21.38730196, -157.74452910)"
FRM113005,move to,LOC_중앙킬존남측,2026-09-11T13:28:16,"(21.39065718, -157.74236676)"
FRTRK1002,move to,LOC_남측제1방어선,2026-09-11T13:28:16,"(21.38739138, -157.74454241)"
FRM113004,move to,LOC_중앙킬존남측,2026-09-11T13:28:16,"(21.39061518, -157.74228338)"
FRTRK2003,move to,LOC_남측제1방어선,2026-09-11T13:28:16,"(21.38713857, -157.74437622)"
FRAHS002,move to,LOC_아군후방지휘소,2026-09-11T13:28:16,"(21.39217733, -157.74446709)"
FRM109004,move to,LOC_중앙킬존남측,2026-09-11T13:28:16,"(21.39087134, -157.74327579)"
FRTRK1004,move to,LOC_남측제1방어선,2026-09-11T13:28:16,"(21.38709379, -157.74437216)"
FRM113003,move to,LOC_중앙킬존남측,2026-09-11T13:28:16,"(21.39057379, -157.74219986)"
FRLAV002,move to,LOC_중앙킬존남측,2026-09-11T13:28:16,"(21.39026990, -157.74138180)"
FRLAV006,move to,LOC_중앙킬존남측,2026-09-11T13:28:16,"(21.39039970, -157.74172802)"
FRM113002,move to,LOC_중앙킬존남측,2026-09-11T13:28:16,"(21.39052478, -157.74211981)"
FRLAV008,move to,LOC_중앙킬존남측,2026-09-11T13:28:16,"(21.39046562, -157.74190013)"
FRLAV001,move to,LOC_중앙킬존남측,2026-09-11T13:28:16,"(21.39020307, -157.74131377)"
FRLAV003,move to,LOC_중앙킬존남측,2026-09-11T13:28:16,"(21.39026696, -157.74148698)"
FRM113001,move to,LOC_중앙킬존남측,2026-09-11T13:28:16,"(21.39048804, -157.74203445)"
FRLAV005,move to,LOC_중앙킬존남측,2026-09-11T13:28:16,"(21.39033214, -157.74165918)"
FRLAV007,move to,LOC_중앙킬존남측,2026-09-11T13:28:16,"(21.39044795, -157.74180680)"
FRLAV004,move to,LOC_중앙킬존남측,2026-09-11T13:28:16,"(21.39030278, -157.74157146)"
FRAHS001,FFE-on-Location,LOC_적포병진지,2026-09-11T13:28:16,"(21.39112388, -157.73719220)"
FRTRK2002,move to,LOC_남측제1방어선,2026-09-11T13:28:16,"(21.38725773, -157.74452388)"
FRCMD002,move to,LOC_북측전방방어선,2026-09-11T13:28:16,"(21.38185328, -157.75069313)"
FRTRK1003,move to,LOC_남측제1방어선,2026-09-11T13:28:17,"(21.38734690, -157.74453989)"
FRTRK1001,move to,LOC_남측제1방어선,2026-09-11T13:28:17,"(21.38743571, -157.74454438)"
FRM113007,move to,LOC_중앙킬존남측,2026-09-11T13:28:17,"(21.39066297, -157.74256450)"
FRM113006,move to,LOC_중앙킬존남측,2026-09-11T13:28:17,"(21.39069515, -157.74245187)"
FRTRK1005,move to,LOC_남측제1방어선,2026-09-11T13:28:17,"(21.38722207, -157.74451906)"
FRTRK2001,move to,LOC_남측제1방어선,2026-09-11T13:28:17,"(21.38730172, -157.74452719)"
FRM113005,move to,LOC_중앙킬존남측,2026-09-11T13:28:17,"(21.39065715, -157.74236677)"
FRTRK1002,move to,LOC_남측제1방어선,2026-09-11T13:28:17,"(21.38739125, -157.74454148)"
FRM113004,move to,LOC_중앙킬존남측,2026-09-11T13:28:17,"(21.39061693, -157.74228264)"
FRTRK2003,move to,LOC_남측제1방어선,2026-09-11T13:28:17,"(21.38713821, -157.74437255)"
FRAHS002,move to,LOC_아군후방지휘소,2026-09-11T13:28:17,"(21.39217732, -157.74446711)"
FRM109004,move to,LOC_중앙킬존남측,2026-09-11T13:28:17,"(21.39087450, -157.74327480)"
FRTRK1004,move to,LOC_남측제1방어선,2026-09-11T13:28:17,"(21.38709380, -157.74437223)"
FRM113003,move to,LOC_중앙킬존남측,2026-09-11T13:28:17,"(21.39057038, -157.74220133)"
FRLAV002,move to,LOC_중앙킬존남측,2026-09-11T13:28:17,"(21.39027115, -157.74138113)"
FRLAV006,move to,LOC_중앙킬존남측,2026-09-11T13:28:17,"(21.39040143, -157.74172717)"
FRM113002,move to,LOC_중앙킬존남측,2026-09-11T13:28:17,"(21.39052409, -157.74212011)"
FRLAV008,move to,LOC_중앙킬존남측,2026-09-11T13:28:17,"(21.39046432, -157.74190074)"
FRLAV001,move to,LOC_중앙킬존남측,2026-09-11T13:28:17,"(21.39020365, -157.74131346)"
FRLAV003,move to,LOC_중앙킬존남측,2026-09-11T13:28:17,"(21.39026753, -157.74148668)"
FRM113001,move to,LOC_중앙킬존남측,2026-09-11T13:28:17,"(21.39048438, -157.74203612)"
FRLAV005,move to,LOC_중앙킬존남측,2026-09-11T13:28:17,"(21.39033200, -157.74165925)"
FRLAV007,move to,LOC_중앙킬존남측,2026-09-11T13:28:17,"(21.39044473, -157.74180835)"
FRLAV004,move to,LOC_중앙킬존남측,2026-09-11T13:28:17,"(21.39030193, -157.74157190)"
FRAHS001,FFE-on-Location,LOC_적포병진지,2026-09-11T13:28:17,"(21.39112388, -157.73719220)"
FRTRK2002,move to,LOC_남측제1방어선,2026-09-11T13:28:17,"(21.38725754, -157.74452221)"
FRCMD002,move to,LOC_북측전방방어선,2026-09-11T13:28:17,"(21.38183377, -157.75067416)"
FRTRK2004,move to,LOC_남측제1방어선,2026-09-11T13:28:17,"(21.38717166, -157.74438437)"
FRTRK1003,move to,LOC_남측제1방어선,2026-09-11T13:28:18,"(21.38734690, -157.74453989)"
FRTRK1001,move to,LOC_남측제1방어선,2026-09-11T13:28:18,"(21.38743571, -157.74454438)"
FRM113007,move to,LOC_중앙킬존남측,2026-09-11T13:28:18,"(21.39066297, -157.74256450)"
FRM113006,move to,LOC_중앙킬존남측,2026-09-11T13:28:18,"(21.39069515, -157.74245187)"
FRTRK1005,move to,LOC_남측제1방어선,2026-09-11T13:28:18,"(21.38722207, -157.74451906)"
FRTRK2001,move to,LOC_남측제1방어선,2026-09-11T13:28:18,"(21.38730172, -157.74452719)"
FRM113005,move to,LOC_중앙킬존남측,2026-09-11T13:28:18,"(21.39065715, -157.74236677)"
FRTRK1002,move to,LOC_남측제1방어선,2026-09-11T13:28:18,"(21.38739125, -157.74454148)"
FRM113004,move to,LOC_중앙킬존남측,2026-09-11T13:28:18,"(21.39061693, -157.74228264)"
FRTRK2003,move to,LOC_남측제1방어선,2026-09-11T13:28:18,"(21.38713821, -157.74437255)"
FRAHS002,move to,LOC_아군후방지휘소,2026-09-11T13:28:18,"(21.39217732, -157.74446711)"
FRM109004,move to,LOC_중앙킬존남측,2026-09-11T13:28:18,"(21.39087450, -157.74327480)"
FRTRK1004,move to,LOC_남측제1방어선,2026-09-11T13:28:18,"(21.38709380, -157.74437223)"
FRM113003,move to,LOC_중앙킬존남측,2026-09-11T13:28:18,"(21.39057038, -157.74220133)"
FRLAV002,move to,LOC_중앙킬존남측,2026-09-11T13:28:18,"(21.39027115, -157.74138113)"
FRLAV006,move to,LOC_중앙킬존남측,2026-09-11T13:28:18,"(21.39040143, -157.74172717)"
FRM113002,move to,LOC_중앙킬존남측,2026-09-11T13:28:18,"(21.39052409, -157.74212011)"
FRLAV008,move to,LOC_중앙킬존남측,2026-09-11T13:28:18,"(21.39046432, -157.74190074)"
FRLAV001,move to,LOC_중앙킬존남측,2026-09-11T13:28:18,"(21.39020365, -157.74131346)"
FRLAV003,move to,LOC_중앙킬존남측,2026-09-11T13:28:18,"(21.39026753, -157.74148668)"
FRM113001,move to,LOC_중앙킬존남측,2026-09-11T13:28:18,"(21.39048438, -157.74203612)"
FRLAV005,move to,LOC_중앙킬존남측,2026-09-11T13:28:18,"(21.39033200, -157.74165925)"
FRLAV007,move to,LOC_중앙킬존남측,2026-09-11T13:28:18,"(21.39044473, -157.74180835)"
FRLAV004,move to,LOC_중앙킬존남측,2026-09-11T13:28:18,"(21.39030193, -157.74157190)"
FRAHS001,FFE-on-Location,LOC_적포병진지,2026-09-11T13:28:18,"(21.39112388, -157.73719220)"
FRTRK2002,move to,LOC_남측제1방어선,2026-09-11T13:28:18,"(21.38725754, -157.74452221)"
FRCMD002,move to,LOC_북측전방방어선,2026-09-11T13:28:18,"(21.38183377, -157.75067416)"
FRTRK2004,move to,LOC_남측제1방어선,2026-09-11T13:28:18,"(21.38717166, -157.74438437)"
FRTRK1003,move to,LOC_남측제1방어선,2026-09-11T13:28:19,"(21.38734690, -157.74453989)"
FRTRK1001,move to,LOC_남측제1방어선,2026-09-11T13:28:19,"(21.38743571, -157.74454438)"
FRM113007,move to,LOC_중앙킬존남측,2026-09-11T13:28:19,"(21.39066297, -157.74256450)"
FRM113006,move to,LOC_중앙킬존남측,2026-09-11T13:28:19,"(21.39069515, -157.74245187)"
FRTRK1005,move to,LOC_남측제1방어선,2026-09-11T13:28:19,"(21.38722207, -157.74451906)"
FRTRK2001,move to,LOC_남측제1방어선,2026-09-11T13:28:19,"(21.38730172, -157.74452719)"
FRM113005,move to,LOC_중앙킬존남측,2026-09-11T13:28:19,"(21.39065715, -157.74236677)"
FRTRK1002,move to,LOC_남측제1방어선,2026-09-11T13:28:19,"(21.38739125, -157.74454148)"
FRM113004,move to,LOC_중앙킬존남측,2026-09-11T13:28:19,"(21.39061693, -157.74228264)"
FRTRK2003,move to,LOC_남측제1방어선,2026-09-11T13:28:19,"(21.38713821, -157.74437255)"
FRAHS002,move to,LOC_아군후방지휘소,2026-09-11T13:28:19,"(21.39217732, -157.74446711)"
FRM109004,move to,LOC_중앙킬존남측,2026-09-11T13:28:19,"(21.39087450, -157.74327480)"
FRTRK1004,move to,LOC_남측제1방어선,2026-09-11T13:28:19,"(21.38709380, -157.74437223)"
FRM113003,move to,LOC_중앙킬존남측,2026-09-11T13:28:19,"(21.39057038, -157.74220133)"
FRLAV002,move to,LOC_중앙킬존남측,2026-09-11T13:28:19,"(21.39027115, -157.74138113)"
FRLAV006,move to,LOC_중앙킬존남측,2026-09-11T13:28:19,"(21.39040143, -157.74172717)"
FRM113002,move to,LOC_중앙킬존남측,2026-09-11T13:28:19,"(21.39052409, -157.74212011)"
FRLAV008,move to,LOC_중앙킬존남측,2026-09-11T13:28:19,"(21.39046432, -157.74190074)"
FRLAV001,move to,LOC_중앙킬존남측,2026-09-11T13:28:19,"(21.39020365, -157.74131346)"
FRLAV003,move to,LOC_중앙킬존남측,2026-09-11T13:28:19,"(21.39026753, -157.74148668)"
FRM113001,move to,LOC_중앙킬존남측,2026-09-11T13:28:19,"(21.39048438, -157.74203612)"
FRLAV005,move to,LOC_중앙킬존남측,2026-09-11T13:28:19,"(21.39033200, -157.74165925)"
FRLAV007,move to,LOC_중앙킬존남측,2026-09-11T13:28:19,"(21.39044473, -157.74180835)"
FRLAV004,move to,LOC_중앙킬존남측,2026-09-11T13:28:19,"(21.39030193, -157.74157190)"
FRAHS001,FFE-on-Location,LOC_적포병진지,2026-09-11T13:28:19,"(21.39112388, -157.73719220)"
FRTRK2002,move to,LOC_남측제1방어선,2026-09-11T13:28:19,"(21.38725754, -157.74452221)"
FRCMD002,move to,LOC_북측전방방어선,2026-09-11T13:28:19,"(21.38183377, -157.75067416)"
FRTRK2004,move to,LOC_남측제1방어선,2026-09-11T13:28:19,"(21.38717166, -157.74438437)"
FRTRK1003,move to,LOC_남측제1방어선,2026-09-11T13:28:20,"(21.38734676, -157.74453876)"
FRTRK1001,move to,LOC_남측제1방어선,2026-09-11T13:28:20,"(21.38743515, -157.74454059)"
FRM113007,move to,LOC_중앙킬존남측,2026-09-11T13:28:20,"(21.39066344, -157.74256432)"
FRM113006,move to,LOC_중앙킬존남측,2026-09-11T13:28:20,"(21.39069501, -157.74245192)"
FRTRK1005,move to,LOC_남측제1방어선,2026-09-11T13:28:20,"(21.38722190, -157.74451749)"
FRTRK2001,move to,LOC_남측제1방어선,2026-09-11T13:28:20,"(21.38730187, -157.74452840)"
FRM113005,move to,LOC_중앙킬존남측,2026-09-11T13:28:20,"(21.39065712, -157.74236678)"
FRTRK1002,move to,LOC_남측제1방어선,2026-09-11T13:28:20,"(21.38739075, -157.74453792)"
FRM113004,move to,LOC_중앙킬존남측,2026-09-11T13:28:20,"(21.39061301, -157.74228430)"
FRTRK2003,move to,LOC_남측제1방어선,2026-09-11T13:28:20,"(21.38713798, -157.74437014)"
FRAHS002,move to,LOC_아군후방지휘소,2026-09-11T13:28:20,"(21.39217731, -157.74446713)"
FRM109004,move to,LOC_중앙킬존남측,2026-09-11T13:28:20,"(21.39087195, -157.74327560)"
FRTRK1004,move to,LOC_남측제1방어선,2026-09-11T13:28:20,"(21.38709358, -157.74436977)"
FRM113003,move to,LOC_중앙킬존남측,2026-09-11T13:28:20,"(21.39056861, -157.74220210)"
FRLAV002,move to,LOC_중앙킬존남측,2026-09-11T13:28:20,"(21.39027254, -157.74138039)"
FRLAV006,move to,LOC_중앙킬존남측,2026-09-11T13:28:20,"(21.39039908, -157.74172832)"
FRM113002,move to,LOC_중앙킬존남측,2026-09-11T13:28:20,"(21.39052400, -157.74212016)"
FRLAV008,move to,LOC_중앙킬존남측,2026-09-11T13:28:20,"(21.39046199, -157.74190183)"
FRLAV001,move to,LOC_중앙킬존남측,2026-09-11T13:28:20,"(21.39019932, -157.74131582)"
FRLAV003,move to,LOC_중앙킬존남측,2026-09-11T13:28:20,"(21.39026866, -157.74148609)"
FRM113001,move to,LOC_중앙킬존남측,2026-09-11T13:28:20,"(21.39048285, -157.74203681)"
FRLAV005,move to,LOC_중앙킬존남측,2026-09-11T13:28:20,"(21.39033288, -157.74165881)"
FRLAV007,move to,LOC_중앙킬존남측,2026-09-11T13:28:20,"(21.39044310, -157.74180913)"
FRLAV004,move to,LOC_중앙킬존남측,2026-09-11T13:28:20,"(21.39030137, -157.74157218)"
FRAHS001,FFE-on-Location,LOC_적포병진지,2026-09-11T13:28:20,"(21.39112388, -157.73719220)"
FRTRK2002,move to,LOC_남측제1방어선,2026-09-11T13:28:20,"(21.38725763, -157.74452295)"
FRCMD002,move to,LOC_북측전방방어선,2026-09-11T13:28:20,"(21.38181510, -157.75065600)"
FRTRK2004,move to,LOC_남측제1방어선,2026-09-11T13:28:20,"(21.38717158, -157.74438358)"
FRTRK1003,move to,LOC_남측제1방어선,2026-09-11T13:28:20,"(21.38734676, -157.74453876)"
FRTRK1001,move to,LOC_남측제1방어선,2026-09-11T13:28:20,"(21.38743515, -157.74454059)"
FRM113007,move to,LOC_중앙킬존남측,2026-09-11T13:28:20,"(21.39066344, -157.74256432)"
FRM113006,move to,LOC_중앙킬존남측,2026-09-11T13:28:20,"(21.39069501, -157.74245192)"
FRTRK1005,move to,LOC_남측제1방어선,2026-09-11T13:28:20,"(21.38722190, -157.74451749)"
FRTRK2001,move to,LOC_남측제1방어선,2026-09-11T13:28:20,"(21.38730187, -157.74452840)"
FRM113005,move to,LOC_중앙킬존남측,2026-09-11T13:28:20,"(21.39065712, -157.74236678)"
FRTRK1002,move to,LOC_남측제1방어선,2026-09-11T13:28:20,"(21.38739075, -157.74453792)"
FRM113004,move to,LOC_중앙킬존남측,2026-09-11T13:28:20,"(21.39061301, -157.74228430)"
FRTRK2003,move to,LOC_남측제1방어선,2026-09-11T13:28:20,"(21.38713798, -157.74437014)"
FRAHS002,move to,LOC_아군후방지휘소,2026-09-11T13:28:20,"(21.39217731, -157.74446713)"
FRM109004,move to,LOC_중앙킬존남측,2026-09-11T13:28:20,"(21.39087195, -157.74327560)"
FRTRK1004,move to,LOC_남측제1방어선,2026-09-11T13:28:20,"(21.38709358, -157.74436977)"
FRM113003,move to,LOC_중앙킬존남측,2026-09-11T13:28:20,"(21.39056861, -157.74220210)"
FRLAV002,move to,LOC_중앙킬존남측,2026-09-11T13:28:20,"(21.39027254, -157.74138039)"
FRLAV006,move to,LOC_중앙킬존남측,2026-09-11T13:28:20,"(21.39039908, -157.74172832)"
FRM113002,move to,LOC_중앙킬존남측,2026-09-11T13:28:20,"(21.39052400, -157.74212016)"
FRLAV008,move to,LOC_중앙킬존남측,2026-09-11T13:28:20,"(21.39046199, -157.74190183)"
FRLAV001,move to,LOC_중앙킬존남측,2026-09-11T13:28:20,"(21.39019932, -157.74131582)"
FRLAV003,move to,LOC_중앙킬존남측,2026-09-11T13:28:20,"(21.39026866, -157.74148609)"
FRM113001,move to,LOC_중앙킬존남측,2026-09-11T13:28:20,"(21.39048285, -157.74203681)"
FRLAV005,move to,LOC_중앙킬존남측,2026-09-11T13:28:20,"(21.39033288, -157.74165881)"
FRLAV007,move to,LOC_중앙킬존남측,2026-09-11T13:28:20,"(21.39044310, -157.74180913)"
FRLAV004,move to,LOC_중앙킬존남측,2026-09-11T13:28:20,"(21.39030137, -157.74157218)"
FRAHS001,FFE-on-Location,LOC_적포병진지,2026-09-11T13:28:20,"(21.39112388, -157.73719220)"
FRTRK2002,move to,LOC_남측제1방어선,2026-09-11T13:28:20,"(21.38725763, -157.74452295)"
FRCMD002,move to,LOC_북측전방방어선,2026-09-11T13:28:20,"(21.38181510, -157.75065600)"
FRTRK2004,move to,LOC_남측제1방어선,2026-09-11T13:28:20,"(21.38717158, -157.74438358)"
FRTRK1003,move to,LOC_남측제1방어선,2026-09-11T13:28:21,"(21.38734632, -157.74453546)"
FRTRK1001,move to,LOC_남측제1방어선,2026-09-11T13:28:21,"(21.38743474, -157.74453780)"
FRM113007,move to,LOC_중앙킬존남측,2026-09-11T13:28:21,"(21.39066377, -157.74256419)"
FRM113006,move to,LOC_중앙킬존남측,2026-09-11T13:28:21,"(21.39069487, -157.74245198)"
FRTRK1005,move to,LOC_남측제1방어선,2026-09-11T13:28:21,"(21.38722161, -157.74451486)"
FRTRK2001,move to,LOC_남측제1방어선,2026-09-11T13:28:21,"(21.38730228, -157.74453167)"
FRM113005,move to,LOC_중앙킬존남측,2026-09-11T13:28:21,"(21.39065709, -157.74236680)"
FRTRK1002,move to,LOC_남측제1방어선,2026-09-11T13:28:21,"(21.38739029, -157.74453462)"
FRM113004,move to,LOC_중앙킬존남측,2026-09-11T13:28:21,"(21.39061148, -157.74228495)"
FRTRK2003,move to,LOC_남측제1방어선,2026-09-11T13:28:21,"(21.38713800, -157.74437037)"
FRM109004,move to,LOC_중앙킬존남측,2026-09-11T13:28:21,"(21.39087306, -157.74327525)"
FRTRK1004,move to,LOC_남측제1방어선,2026-09-11T13:28:21,"(21.38709329, -157.74436648)"
FRM113003,move to,LOC_중앙킬존남측,2026-09-11T13:28:21,"(21.39056727, -157.74220268)"
FRLAV002,move to,LOC_중앙킬존남측,2026-09-11T13:28:21,"(21.39027407, -157.74137958)"
FRLAV006,move to,LOC_중앙킬존남측,2026-09-11T13:28:21,"(21.39039677, -157.74172946)"
FRM113002,move to,LOC_중앙킬존남측,2026-09-11T13:28:21,"(21.39052444, -157.74211996)"
FRLAV008,move to,LOC_중앙킬존남측,2026-09-11T13:28:21,"(21.39046106, -157.74190227)"
FRLAV001,move to,LOC_중앙킬존남측,2026-09-11T13:28:21,"(21.39019787, -157.74131661)"
FRLAV003,move to,LOC_중앙킬존남측,2026-09-11T13:28:21,"(21.39027022, -157.74148527)"
FRM113001,move to,LOC_중앙킬존남측,2026-09-11T13:28:21,"(21.39048182, -157.74203728)"
FRLAV005,move to,LOC_중앙킬존남측,2026-09-11T13:28:21,"(21.39033447, -157.74165801)"
FRLAV007,move to,LOC_중앙킬존남측,2026-09-11T13:28:21,"(21.39044239, -157.74180947)"
FRLAV004,move to,LOC_중앙킬존남측,2026-09-11T13:28:21,"(21.39030108, -157.74157233)"
FRAHS001,FFE-on-Location,LOC_적포병진지,2026-09-11T13:28:21,"(21.39112388, -157.73719220)"
FRTRK2002,move to,LOC_남측제1방어선,2026-09-11T13:28:21,"(21.38725792, -157.74452553)"
FRTRK2004,move to,LOC_남측제1방어선,2026-09-11T13:28:21,"(21.38717127, -157.74438049)"
FRTRK1003,move to,LOC_남측제1방어선,2026-09-11T13:28:22,"(21.38734632, -157.74453546)"
FRTRK1001,move to,LOC_남측제1방어선,2026-09-11T13:28:22,"(21.38743474, -157.74453780)"
FRM113007,move to,LOC_중앙킬존남측,2026-09-11T13:28:22,"(21.39066377, -157.74256419)"
FRM113006,move to,LOC_중앙킬존남측,2026-09-11T13:28:22,"(21.39069487, -157.74245198)"
FRTRK1005,move to,LOC_남측제1방어선,2026-09-11T13:28:22,"(21.38722161, -157.74451486)"
FRTRK2001,move to,LOC_남측제1방어선,2026-09-11T13:28:22,"(21.38730228, -157.74453167)"
FRM113005,move to,LOC_중앙킬존남측,2026-09-11T13:28:22,"(21.39065709, -157.74236680)"
FRTRK1002,move to,LOC_남측제1방어선,2026-09-11T13:28:22,"(21.38739029, -157.74453462)"
FRM113004,move to,LOC_중앙킬존남측,2026-09-11T13:28:22,"(21.39061148, -157.74228495)"
FRTRK2003,move to,LOC_남측제1방어선,2026-09-11T13:28:22,"(21.38713800, -157.74437037)"
FRM109004,move to,LOC_중앙킬존남측,2026-09-11T13:28:22,"(21.39087306, -157.74327525)"
FRTRK1004,move to,LOC_남측제1방어선,2026-09-11T13:28:22,"(21.38709329, -157.74436648)"
FRM113003,move to,LOC_중앙킬존남측,2026-09-11T13:28:22,"(21.39056727, -157.74220268)"
FRLAV002,move to,LOC_중앙킬존남측,2026-09-11T13:28:22,"(21.39027407, -157.74137958)"
FRLAV006,move to,LOC_중앙킬존남측,2026-09-11T13:28:22,"(21.39039677, -157.74172946)"
FRM113002,move to,LOC_중앙킬존남측,2026-09-11T13:28:22,"(21.39052444, -157.74211996)"
FRLAV008,move to,LOC_중앙킬존남측,2026-09-11T13:28:22,"(21.39046106, -157.74190227)"
FRLAV001,move to,LOC_중앙킬존남측,2026-09-11T13:28:22,"(21.39019787, -157.74131661)"
FRLAV003,move to,LOC_중앙킬존남측,2026-09-11T13:28:22,"(21.39027022, -157.74148527)"
FRM113001,move to,LOC_중앙킬존남측,2026-09-11T13:28:22,"(21.39048182, -157.74203728)"
FRLAV005,move to,LOC_중앙킬존남측,2026-09-11T13:28:22,"(21.39033447, -157.74165801)"
FRLAV007,move to,LOC_중앙킬존남측,2026-09-11T13:28:22,"(21.39044239, -157.74180947)"
FRLAV004,move to,LOC_중앙킬존남측,2026-09-11T13:28:22,"(21.39030108, -157.74157233)"
FRAHS001,FFE-on-Location,LOC_적포병진지,2026-09-11T13:28:22,"(21.39112388, -157.73719220)"
FRTRK2002,move to,LOC_남측제1방어선,2026-09-11T13:28:22,"(21.38725792, -157.74452553)"
FRTRK2004,move to,LOC_남측제1방어선,2026-09-11T13:28:22,"(21.38717127, -157.74438049)"
FRTRK1003,move to,LOC_남측제1방어선,2026-09-11T13:28:23,"(21.38734632, -157.74453546)"
FRTRK1001,move to,LOC_남측제1방어선,2026-09-11T13:28:23,"(21.38743474, -157.74453780)"
FRM113007,move to,LOC_중앙킬존남측,2026-09-11T13:28:23,"(21.39066377, -157.74256419)"
FRM113006,move to,LOC_중앙킬존남측,2026-09-11T13:28:23,"(21.39069487, -157.74245198)"
FRTRK1005,move to,LOC_남측제1방어선,2026-09-11T13:28:23,"(21.38722161, -157.74451486)"
FRTRK2001,move to,LOC_남측제1방어선,2026-09-11T13:28:23,"(21.38730228, -157.74453167)"
FRM113005,move to,LOC_중앙킬존남측,2026-09-11T13:28:23,"(21.39065709, -157.74236680)"
FRTRK1002,move to,LOC_남측제1방어선,2026-09-11T13:28:23,"(21.38739029, -157.74453462)"
FRM113004,move to,LOC_중앙킬존남측,2026-09-11T13:28:23,"(21.39061148, -157.74228495)"
FRTRK2003,move to,LOC_남측제1방어선,2026-09-11T13:28:23,"(21.38713800, -157.74437037)"
FRM109004,move to,LOC_중앙킬존남측,2026-09-11T13:28:23,"(21.39087306, -157.74327525)"
FRTRK1004,move to,LOC_남측제1방어선,2026-09-11T13:28:23,"(21.38709329, -157.74436648)"
FRM113003,move to,LOC_중앙킬존남측,2026-09-11T13:28:23,"(21.39056727, -157.74220268)"
FRLAV002,move to,LOC_중앙킬존남측,2026-09-11T13:28:23,"(21.39027407, -157.74137958)"
FRLAV006,move to,LOC_중앙킬존남측,2026-09-11T13:28:23,"(21.39039677, -157.74172946)"
FRM113002,move to,LOC_중앙킬존남측,2026-09-11T13:28:23,"(21.39052444, -157.74211996)"
FRLAV008,move to,LOC_중앙킬존남측,2026-09-11T13:28:23,"(21.39046106, -157.74190227)"
FRLAV001,move to,LOC_중앙킬존남측,2026-09-11T13:28:23,"(21.39019787, -157.74131661)"
FRLAV003,move to,LOC_중앙킬존남측,2026-09-11T13:28:23,"(21.39027022, -157.74148527)"
FRM113001,move to,LOC_중앙킬존남측,2026-09-11T13:28:23,"(21.39048182, -157.74203728)"
FRLAV005,move to,LOC_중앙킬존남측,2026-09-11T13:28:23,"(21.39033447, -157.74165801)"
FRLAV007,move to,LOC_중앙킬존남측,2026-09-11T13:28:23,"(21.39044239, -157.74180947)"
FRLAV004,move to,LOC_중앙킬존남측,2026-09-11T13:28:23,"(21.39030108, -157.74157233)"
FRAHS001,FFE-on-Location,LOC_적포병진지,2026-09-11T13:28:23,"(21.39112388, -157.73719220)"
FRTRK2002,move to,LOC_남측제1방어선,2026-09-11T13:28:23,"(21.38725792, -157.74452553)"
FRTRK2004,move to,LOC_남측제1방어선,2026-09-11T13:28:23,"(21.38717127, -157.74438049)"
FRTRK1003,move to,LOC_남측제1방어선,2026-09-11T13:28:24,"(21.38734588, -157.74453216)"
FRTRK1001,move to,LOC_남측제1방어선,2026-09-11T13:28:24,"(21.38743478, -157.74453807)"
FRTRK1005,move to,LOC_남측제1방어선,2026-09-11T13:28:24,"(21.38722131, -157.74451214)"
FRTRK2001,move to,LOC_남측제1방어선,2026-09-11T13:28:24,"(21.38730268, -157.74453494)"
FRTRK1002,move to,LOC_남측제1방어선,2026-09-11T13:28:24,"(21.38739021, -157.74453404)"
FRTRK2003,move to,LOC_남측제1방어선,2026-09-11T13:28:24,"(21.38713829, -157.74437330)"
FRTRK1004,move to,LOC_남측제1방어선,2026-09-11T13:28:24,"(21.38709310, -157.74436425)"
FRLAV002,move to,LOC_중앙킬존남측,2026-09-11T13:28:24,"(21.39027574, -157.74137868)"
FRLAV001,move to,LOC_중앙킬존남측,2026-09-11T13:28:24,"(21.39019668, -157.74131726)"
FRLAV003,move to,LOC_중앙킬존남측,2026-09-11T13:28:24,"(21.39027193, -157.74148438)"
FRLAV005,move to,LOC_중앙킬존남측,2026-09-11T13:28:24,"(21.39033622, -157.74165713)"
FRLAV004,move to,LOC_중앙킬존남측,2026-09-11T13:28:24,"(21.39030107, -157.74157234)"
FRAHS001,FFE-on-Location,LOC_적포병진지,2026-09-11T13:28:24,"(21.39112388, -157.73719220)"
FRTRK2002,move to,LOC_남측제1방어선,2026-09-11T13:28:24,"(21.38725829, -157.74452870)"
FRTRK2004,move to,LOC_남측제1방어선,2026-09-11T13:28:24,"(21.38717091, -157.74437706)"
FRTRK1003,move to,LOC_남측제1방어선,2026-09-11T13:28:25,"(21.38734588, -157.74453216)"
FRTRK1001,move to,LOC_남측제1방어선,2026-09-11T13:28:25,"(21.38743478, -157.74453807)"
FRTRK1005,move to,LOC_남측제1방어선,2026-09-11T13:28:25,"(21.38722131, -157.74451214)"
FRTRK2001,move to,LOC_남측제1방어선,2026-09-11T13:28:25,"(21.38730268, -157.74453494)"
FRTRK1002,move to,LOC_남측제1방어선,2026-09-11T13:28:25,"(21.38739021, -157.74453404)"
FRTRK2003,move to,LOC_남측제1방어선,2026-09-11T13:28:25,"(21.38713829, -157.74437330)"
FRTRK1004,move to,LOC_남측제1방어선,2026-09-11T13:28:25,"(21.38709310, -157.74436425)"
FRLAV002,move to,LOC_중앙킬존남측,2026-09-11T13:28:25,"(21.39027574, -157.74137868)"
FRLAV001,move to,LOC_중앙킬존남측,2026-09-11T13:28:25,"(21.39019668, -157.74131726)"
FRLAV003,move to,LOC_중앙킬존남측,2026-09-11T13:28:25,"(21.39027193, -157.74148438)"
FRLAV005,move to,LOC_중앙킬존남측,2026-09-11T13:28:25,"(21.39033622, -157.74165713)"
FRLAV004,move to,LOC_중앙킬존남측,2026-09-11T13:28:25,"(21.39030107, -157.74157234)"
FRAHS001,FFE-on-Location,LOC_적포병진지,2026-09-11T13:28:25,"(21.39112388, -157.73719220)"
FRTRK2002,move to,LOC_남측제1방어선,2026-09-11T13:28:25,"(21.38725829, -157.74452870)"
FRTRK2004,move to,LOC_남측제1방어선,2026-09-11T13:28:25,"(21.38717091, -157.74437706)"
FRTRK1003,move to,LOC_남측제1방어선,2026-09-11T13:28:26,"(21.38734581, -157.74453161)"
FRTRK1001,move to,LOC_남측제1방어선,2026-09-11T13:28:26,"(21.38743528, -157.74454145)"
FRTRK1005,move to,LOC_남측제1방어선,2026-09-11T13:28:26,"(21.38722115, -157.74451069)"
FRTRK2001,move to,LOC_남측제1방어선,2026-09-11T13:28:26,"(21.38730276, -157.74453560)"
FRTRK1002,move to,LOC_남측제1방어선,2026-09-11T13:28:26,"(21.38739062, -157.74453695)"
FRTRK2003,move to,LOC_남측제1방어선,2026-09-11T13:28:26,"(21.38713863, -157.74437681)"
FRTRK1004,move to,LOC_남측제1방어선,2026-09-11T13:28:26,"(21.38709315, -157.74436486)"
FRLAV002,move to,LOC_중앙킬존남측,2026-09-11T13:28:26,"(21.39027741, -157.74137779)"
FRLAV001,move to,LOC_중앙킬존남측,2026-09-11T13:28:26,"(21.39019586, -157.74131770)"
FRLAV003,move to,LOC_중앙킬존남측,2026-09-11T13:28:26,"(21.39027365, -157.74148348)"
FRLAV005,move to,LOC_중앙킬존남측,2026-09-11T13:28:26,"(21.39033797, -157.74165626)"
FRLAV004,move to,LOC_중앙킬존남측,2026-09-11T13:28:26,"(21.39030135, -157.74157219)"
FRAHS001,FFE-on-Location,LOC_적포병진지,2026-09-11T13:28:26,"(21.39112388, -157.73719220)"
FRTRK2002,move to,LOC_남측제1방어선,2026-09-11T13:28:26,"(21.38725849, -157.74453042)"
FRTRK2004,move to,LOC_남측제1방어선,2026-09-11T13:28:26,"(21.38717080, -157.74437594)"
FRTRK1003,move to,LOC_남측제1방어선,2026-09-11T13:28:26,"(21.38734581, -157.74453161)"
FRTRK1001,move to,LOC_남측제1방어선,2026-09-11T13:28:26,"(21.38743528, -157.74454145)"
FRTRK1005,move to,LOC_남측제1방어선,2026-09-11T13:28:26,"(21.38722115, -157.74451069)"
FRTRK2001,move to,LOC_남측제1방어선,2026-09-11T13:28:26,"(21.38730276, -157.74453560)"
FRTRK1002,move to,LOC_남측제1방어선,2026-09-11T13:28:26,"(21.38739062, -157.74453695)"
FRTRK2003,move to,LOC_남측제1방어선,2026-09-11T13:28:26,"(21.38713863, -157.74437681)"
FRTRK1004,move to,LOC_남측제1방어선,2026-09-11T13:28:26,"(21.38709315, -157.74436486)"
FRLAV002,move to,LOC_중앙킬존남측,2026-09-11T13:28:26,"(21.39027741, -157.74137779)"
FRLAV001,move to,LOC_중앙킬존남측,2026-09-11T13:28:26,"(21.39019586, -157.74131770)"
FRLAV003,move to,LOC_중앙킬존남측,2026-09-11T13:28:26,"(21.39027365, -157.74148348)"
FRLAV005,move to,LOC_중앙킬존남측,2026-09-11T13:28:26,"(21.39033797, -157.74165626)"
FRLAV004,move to,LOC_중앙킬존남측,2026-09-11T13:28:26,"(21.39030135, -157.74157219)"
FRAHS001,FFE-on-Location,LOC_적포병진지,2026-09-11T13:28:26,"(21.39112388, -157.73719220)"
FRTRK2002,move to,LOC_남측제1방어선,2026-09-11T13:28:26,"(21.38725849, -157.74453042)"
FRTRK2004,move to,LOC_남측제1방어선,2026-09-11T13:28:26,"(21.38717080, -157.74437594)"
FRTRK1003,move to,LOC_남측제1방어선,2026-09-11T13:28:27,"(21.38734615, -157.74453415)"
FRTRK1001,move to,LOC_남측제1방어선,2026-09-11T13:28:27,"(21.38743580, -157.74454500)"
FRTRK1005,move to,LOC_남측제1방어선,2026-09-11T13:28:27,"(21.38722120, -157.74451110)"
FRTRK2001,move to,LOC_남측제1방어선,2026-09-11T13:28:27,"(21.38730247, -157.74453321)"
FRTRK1002,move to,LOC_남측제1방어선,2026-09-11T13:28:27,"(21.38739115, -157.74454074)"
FRTRK2003,move to,LOC_남측제1방어선,2026-09-11T13:28:27,"(21.38713878, -157.74437838)"
FRTRK1004,move to,LOC_남측제1방어선,2026-09-11T13:28:27,"(21.38709341, -157.74436780)"
FRLAV002,move to,LOC_중앙킬존남측,2026-09-11T13:28:27,"(21.39027575, -157.74137868)"
FRLAV001,move to,LOC_중앙킬존남측,2026-09-11T13:28:27,"(21.39019544, -157.74131793)"
FRLAV003,move to,LOC_중앙킬존남측,2026-09-11T13:28:27,"(21.39026890, -157.74148596)"
FRLAV005,move to,LOC_중앙킬존남측,2026-09-11T13:28:27,"(21.39033305, -157.74165872)"
FRLAV004,move to,LOC_중앙킬존남측,2026-09-11T13:28:27,"(21.39030191, -157.74157191)"
FRAHS001,FFE-on-Location,LOC_적포병진지,2026-09-11T13:28:27,"(21.39112388, -157.73719220)"
FRTRK2002,move to,LOC_남측제1방어선,2026-09-11T13:28:27,"(21.38725841, -157.74452972)"
FRTRK2004,move to,LOC_남측제1방어선,2026-09-11T13:28:27,"(21.38717100, -157.74437787)"
FRTRK1003,move to,LOC_남측제1방어선,2026-09-11T13:28:28,"(21.38734615, -157.74453415)"
FRTRK1001,move to,LOC_남측제1방어선,2026-09-11T13:28:28,"(21.38743580, -157.74454500)"
FRTRK1005,move to,LOC_남측제1방어선,2026-09-11T13:28:28,"(21.38722120, -157.74451110)"
FRTRK2001,move to,LOC_남측제1방어선,2026-09-11T13:28:28,"(21.38730247, -157.74453321)"
FRTRK1002,move to,LOC_남측제1방어선,2026-09-11T13:28:28,"(21.38739115, -157.74454074)"
FRTRK2003,move to,LOC_남측제1방어선,2026-09-11T13:28:28,"(21.38713878, -157.74437838)"
FRTRK1004,move to,LOC_남측제1방어선,2026-09-11T13:28:28,"(21.38709341, -157.74436780)"
FRLAV002,move to,LOC_중앙킬존남측,2026-09-11T13:28:28,"(21.39027575, -157.74137868)"
FRLAV001,move to,LOC_중앙킬존남측,2026-09-11T13:28:28,"(21.39019544, -157.74131793)"
FRLAV003,move to,LOC_중앙킬존남측,2026-09-11T13:28:28,"(21.39026890, -157.74148596)"
FRLAV005,move to,LOC_중앙킬존남측,2026-09-11T13:28:28,"(21.39033305, -157.74165872)"
FRLAV004,move to,LOC_중앙킬존남측,2026-09-11T13:28:28,"(21.39030191, -157.74157191)"
FRAHS001,FFE-on-Location,LOC_적포병진지,2026-09-11T13:28:28,"(21.39112388, -157.73719220)"
FRTRK2002,move to,LOC_남측제1방어선,2026-09-11T13:28:28,"(21.38725841, -157.74452972)"
FRTRK2004,move to,LOC_남측제1방어선,2026-09-11T13:28:28,"(21.38717100, -157.74437787)"
FRTRK1003,move to,LOC_남측제1방어선,2026-09-11T13:28:29,"(21.38734615, -157.74453415)"
FRTRK1001,move to,LOC_남측제1방어선,2026-09-11T13:28:29,"(21.38743580, -157.74454500)"
FRTRK1005,move to,LOC_남측제1방어선,2026-09-11T13:28:29,"(21.38722120, -157.74451110)"
FRTRK2001,move to,LOC_남측제1방어선,2026-09-11T13:28:29,"(21.38730247, -157.74453321)"
FRTRK1002,move to,LOC_남측제1방어선,2026-09-11T13:28:29,"(21.38739115, -157.74454074)"
FRTRK2003,move to,LOC_남측제1방어선,2026-09-11T13:28:29,"(21.38713878, -157.74437838)"
FRTRK1004,move to,LOC_남측제1방어선,2026-09-11T13:28:29,"(21.38709341, -157.74436780)"
FRLAV002,move to,LOC_중앙킬존남측,2026-09-11T13:28:29,"(21.39027575, -157.74137868)"
FRLAV001,move to,LOC_중앙킬존남측,2026-09-11T13:28:29,"(21.39019544, -157.74131793)"
FRLAV003,move to,LOC_중앙킬존남측,2026-09-11T13:28:29,"(21.39026890, -157.74148596)"
FRLAV005,move to,LOC_중앙킬존남측,2026-09-11T13:28:29,"(21.39033305, -157.74165872)"
FRLAV004,move to,LOC_중앙킬존남측,2026-09-11T13:28:29,"(21.39030191, -157.74157191)"
FRAHS001,FFE-on-Location,LOC_적포병진지,2026-09-11T13:28:29,"(21.39112388, -157.73719220)"
FRTRK2002,move to,LOC_남측제1방어선,2026-09-11T13:28:29,"(21.38725841, -157.74452972)"
FRTRK2004,move to,LOC_남측제1방어선,2026-09-11T13:28:29,"(21.38717100, -157.74437787)"
FRTRK1003,move to,LOC_남측제1방어선,2026-09-11T13:28:30,"(21.38734664, -157.74453786)"
FRTRK1001,move to,LOC_남측제1방어선,2026-09-11T13:28:30,"(21.38743594, -157.74454596)"
FRTRK1005,move to,LOC_남측제1방어선,2026-09-11T13:28:30,"(21.38722143, -157.74451322)"
FRTRK2001,move to,LOC_남측제1방어선,2026-09-11T13:28:30,"(21.38730202, -157.74452954)"
FRTRK1002,move to,LOC_남측제1방어선,2026-09-11T13:28:30,"(21.38739138, -157.74454245)"
FRTRK2003,move to,LOC_남측제1방어선,2026-09-11T13:28:30,"(21.38713864, -157.74437695)"
FRTRK1004,move to,LOC_남측제1방어선,2026-09-11T13:28:30,"(21.38709370, -157.74437107)"
FRLAV002,move to,LOC_중앙킬존남측,2026-09-11T13:28:30,"(21.39027353, -157.74137986)"
FRLAV001,move to,LOC_중앙킬존남측,2026-09-11T13:28:30,"(21.39019539, -157.74131796)"
FRLAV003,move to,LOC_중앙킬존남측,2026-09-11T13:28:30,"(21.39026740, -157.74148675)"
FRLAV005,move to,LOC_중앙킬존남측,2026-09-11T13:28:30,"(21.39033189, -157.74165931)"
FRLAV004,move to,LOC_중앙킬존남측,2026-09-11T13:28:30,"(21.39030274, -157.74157148)"
FRAHS001,FFE-on-Location,LOC_적포병진지,2026-09-11T13:28:30,"(21.39112388, -157.73719220)"
FRTRK2002,move to,LOC_남측제1방어선,2026-09-11T13:28:30,"(21.38725809, -157.74452698)"
FRTRK2004,move to,LOC_남측제1방어선,2026-09-11T13:28:30,"(21.38717137, -157.74438149)"
FRTRK1003,move to,LOC_남측제1방어선,2026-09-11T13:28:31,"(21.38734664, -157.74453786)"
FRTRK1001,move to,LOC_남측제1방어선,2026-09-11T13:28:31,"(21.38743594, -157.74454596)"
FRTRK1005,move to,LOC_남측제1방어선,2026-09-11T13:28:31,"(21.38722143, -157.74451322)"
FRTRK2001,move to,LOC_남측제1방어선,2026-09-11T13:28:31,"(21.38730202, -157.74452954)"
FRTRK1002,move to,LOC_남측제1방어선,2026-09-11T13:28:31,"(21.38739138, -157.74454245)"
FRTRK2003,move to,LOC_남측제1방어선,2026-09-11T13:28:31,"(21.38713864, -157.74437695)"
FRTRK1004,move to,LOC_남측제1방어선,2026-09-11T13:28:31,"(21.38709370, -157.74437107)"
FRLAV002,move to,LOC_중앙킬존남측,2026-09-11T13:28:31,"(21.39027353, -157.74137986)"
FRLAV001,move to,LOC_중앙킬존남측,2026-09-11T13:28:31,"(21.39019539, -157.74131796)"
FRLAV003,move to,LOC_중앙킬존남측,2026-09-11T13:28:31,"(21.39026740, -157.74148675)"
FRLAV005,move to,LOC_중앙킬존남측,2026-09-11T13:28:31,"(21.39033189, -157.74165931)"
FRLAV004,move to,LOC_중앙킬존남측,2026-09-11T13:28:31,"(21.39030274, -157.74157148)"
FRAHS001,FFE-on-Location,LOC_적포병진지,2026-09-11T13:28:31,"(21.39112388, -157.73719220)"
FRTRK2002,move to,LOC_남측제1방어선,2026-09-11T13:28:31,"(21.38725809, -157.74452698)"
FRTRK2004,move to,LOC_남측제1방어선,2026-09-11T13:28:31,"(21.38717137, -157.74438149)"
FRTRK1003,move to,LOC_남측제1방어선,2026-09-11T13:28:32,"(21.38734688, -157.74453975)"
FRTRK1001,move to,LOC_남측제1방어선,2026-09-11T13:28:32,"(21.38743563, -157.74454384)"
FRTRK1005,move to,LOC_남측제1방어선,2026-09-11T13:28:32,"(21.38722171, -157.74451576)"
FRTRK2001,move to,LOC_남측제1방어선,2026-09-11T13:28:32,"(21.38730176, -157.74452746)"
FRTRK1002,move to,LOC_남측제1방어선,2026-09-11T13:28:32,"(21.38739117, -157.74454093)"
FRTRK2003,move to,LOC_남측제1방어선,2026-09-11T13:28:32,"(21.38713835, -157.74437392)"
FRTRK1004,move to,LOC_남측제1방어선,2026-09-11T13:28:32,"(21.38709382, -157.74437245)"
FRTRK2002,move to,LOC_남측제1방어선,2026-09-11T13:28:32,"(21.38725777, -157.74452420)"
FRTRK2004,move to,LOC_남측제1방어선,2026-09-11T13:28:32,"(21.38717162, -157.74438393)"
ENM35001,move to,LOC_적북측접근로,2026-09-11T13:28:32,"(21.37136188, -157.74160613)"
FRTRK1003,move to,LOC_남측제1방어선,2026-09-11T13:28:33,"(21.38734688, -157.74453975)"
FRTRK1001,move to,LOC_남측제1방어선,2026-09-11T13:28:33,"(21.38743563, -157.74454384)"
FRTRK1005,move to,LOC_남측제1방어선,2026-09-11T13:28:33,"(21.38722171, -157.74451576)"
FRTRK2001,move to,LOC_남측제1방어선,2026-09-11T13:28:33,"(21.38730176, -157.74452746)"
FRTRK1002,move to,LOC_남측제1방어선,2026-09-11T13:28:33,"(21.38739117, -157.74454093)"
FRTRK2003,move to,LOC_남측제1방어선,2026-09-11T13:28:33,"(21.38713835, -157.74437392)"
FRTRK1004,move to,LOC_남측제1방어선,2026-09-11T13:28:33,"(21.38709382, -157.74437245)"
FRTRK2002,move to,LOC_남측제1방어선,2026-09-11T13:28:33,"(21.38725777, -157.74452420)"
FRTRK2004,move to,LOC_남측제1방어선,2026-09-11T13:28:33,"(21.38717162, -157.74438393)"
ENM35001,move to,LOC_적북측접근로,2026-09-11T13:28:33,"(21.37136188, -157.74160613)"
FRTRK1003,move to,LOC_남측제1방어선,2026-09-11T13:28:34,"(21.38734677, -157.74453890)"
FRTRK1001,move to,LOC_남측제1방어선,2026-09-11T13:28:34,"(21.38743507, -157.74454003)"
FRTRK1005,move to,LOC_남측제1방어선,2026-09-11T13:28:34,"(21.38722197, -157.74451812)"
FRTRK2001,move to,LOC_남측제1방어선,2026-09-11T13:28:34,"(21.38730182, -157.74452794)"
FRTRK1002,move to,LOC_남측제1방어선,2026-09-11T13:28:34,"(21.38739065, -157.74453721)"
FRTRK2003,move to,LOC_남측제1방어선,2026-09-11T13:28:34,"(21.38713805, -157.74437084)"
FRTRK1004,move to,LOC_남측제1방어선,2026-09-11T13:28:34,"(21.38709373, -157.74437141)"
FRTRK2002,move to,LOC_남측제1방어선,2026-09-11T13:28:34,"(21.38725756, -157.74452239)"
FRTRK2004,move to,LOC_남측제1방어선,2026-09-11T13:28:34,"(21.38717163, -157.74438402)"
FRAHS001,FFE-on-Location,LOC_적포병진지,2026-09-11T13:28:34,"(21.39112388, -157.73719220)"
FRTRK1003,move to,LOC_남측제1방어선,2026-09-11T13:28:34,"(21.38734677, -157.74453890)"
FRTRK1001,move to,LOC_남측제1방어선,2026-09-11T13:28:34,"(21.38743507, -157.74454003)"
FRTRK1005,move to,LOC_남측제1방어선,2026-09-11T13:28:34,"(21.38722197, -157.74451812)"
FRTRK2001,move to,LOC_남측제1방어선,2026-09-11T13:28:34,"(21.38730182, -157.74452794)"
FRTRK1002,move to,LOC_남측제1방어선,2026-09-11T13:28:34,"(21.38739065, -157.74453721)"
FRTRK2003,move to,LOC_남측제1방어선,2026-09-11T13:28:34,"(21.38713805, -157.74437084)"
FRTRK1004,move to,LOC_남측제1방어선,2026-09-11T13:28:34,"(21.38709373, -157.74437141)"
FRTRK2002,move to,LOC_남측제1방어선,2026-09-11T13:28:34,"(21.38725756, -157.74452239)"
FRTRK2004,move to,LOC_남측제1방어선,2026-09-11T13:28:34,"(21.38717163, -157.74438402)"
FRAHS001,FFE-on-Location,LOC_적포병진지,2026-09-11T13:28:34,"(21.39112388, -157.73719220)"
FRTRK1003,move to,LOC_남측제1방어선,2026-09-11T13:28:35,"(21.38734634, -157.74453563)"
FRTRK1001,move to,LOC_남측제1방어선,2026-09-11T13:28:35,"(21.38743471, -157.74453760)"
FRTRK1005,move to,LOC_남측제1방어선,2026-09-11T13:28:35,"(21.38722207, -157.74451904)"
FRTRK2001,move to,LOC_남측제1방어선,2026-09-11T13:28:35,"(21.38730219, -157.74453095)"
FRTRK1002,move to,LOC_남측제1방어선,2026-09-11T13:28:35,"(21.38739023, -157.74453423)"
FRTRK2003,move to,LOC_남측제1방어선,2026-09-11T13:28:35,"(21.38713797, -157.74437003)"
FRTRK1004,move to,LOC_남측제1방어선,2026-09-11T13:28:35,"(21.38709346, -157.74436837)"
FRTRK2002,move to,LOC_남측제1방어선,2026-09-11T13:28:35,"(21.38725761, -157.74452283)"
FRTRK2004,move to,LOC_남측제1방어선,2026-09-11T13:28:35,"(21.38717135, -157.74438133)"
ENM35002,move to,LOC_적북측접근로,2026-09-11T13:28:35,"(21.37137072, -157.74157627)"
FRTRK1003,move to,LOC_남측제1방어선,2026-09-11T13:28:36,"(21.38734634, -157.74453563)"
FRTRK1001,move to,LOC_남측제1방어선,2026-09-11T13:28:36,"(21.38743471, -157.74453760)"
FRTRK1005,move to,LOC_남측제1방어선,2026-09-11T13:28:36,"(21.38722207, -157.74451904)"
FRTRK2001,move to,LOC_남측제1방어선,2026-09-11T13:28:36,"(21.38730219, -157.74453095)"
FRTRK1002,move to,LOC_남측제1방어선,2026-09-11T13:28:36,"(21.38739023, -157.74453423)"
FRTRK2003,move to,LOC_남측제1방어선,2026-09-11T13:28:36,"(21.38713797, -157.74437003)"
FRTRK1004,move to,LOC_남측제1방어선,2026-09-11T13:28:36,"(21.38709346, -157.74436837)"
FRTRK2002,move to,LOC_남측제1방어선,2026-09-11T13:28:36,"(21.38725761, -157.74452283)"
FRTRK2004,move to,LOC_남측제1방어선,2026-09-11T13:28:36,"(21.38717135, -157.74438133)"
ENM35002,move to,LOC_적북측접근로,2026-09-11T13:28:36,"(21.37137072, -157.74157627)"
FRTRK1003,move to,LOC_남측제1방어선,2026-09-11T13:28:37,"(21.38734591, -157.74453235)"
FRTRK1005,move to,LOC_남측제1방어선,2026-09-11T13:28:37,"(21.38722196, -157.74451808)"
FRTRK2001,move to,LOC_남측제1방어선,2026-09-11T13:28:37,"(21.38730261, -157.74453437)"
FRTRK2003,move to,LOC_남측제1방어선,2026-09-11T13:28:37,"(21.38713817, -157.74437210)"
FRTRK1004,move to,LOC_남측제1방어선,2026-09-11T13:28:37,"(21.38709319, -157.74436526)"
FRTRK2002,move to,LOC_남측제1방어선,2026-09-11T13:28:37,"(21.38725790, -157.74452533)"
FRTRK2004,move to,LOC_남측제1방어선,2026-09-11T13:28:37,"(21.38717099, -157.74437781)"
ENM35001,move to,LOC_적북측접근로,2026-09-11T13:28:37,"(21.37138200, -157.74152112)"
FRTRK1003,move to,LOC_남측제1방어선,2026-09-11T13:28:38,"(21.38734591, -157.74453235)"
FRTRK1005,move to,LOC_남측제1방어선,2026-09-11T13:28:38,"(21.38722196, -157.74451808)"
FRTRK2001,move to,LOC_남측제1방어선,2026-09-11T13:28:38,"(21.38730261, -157.74453437)"
FRTRK2003,move to,LOC_남측제1방어선,2026-09-11T13:28:38,"(21.38713817, -157.74437210)"
FRTRK1004,move to,LOC_남측제1방어선,2026-09-11T13:28:38,"(21.38709319, -157.74436526)"
FRTRK2002,move to,LOC_남측제1방어선,2026-09-11T13:28:38,"(21.38725790, -157.74452533)"
FRTRK2004,move to,LOC_남측제1방어선,2026-09-11T13:28:38,"(21.38717099, -157.74437781)"
ENM35001,move to,LOC_적북측접근로,2026-09-11T13:28:38,"(21.37138200, -157.74152112)"
FRTRK1003,move to,LOC_남측제1방어선,2026-09-11T13:28:39,"(21.38734591, -157.74453235)"
FRTRK1005,move to,LOC_남측제1방어선,2026-09-11T13:28:39,"(21.38722196, -157.74451808)"
FRTRK2001,move to,LOC_남측제1방어선,2026-09-11T13:28:39,"(21.38730261, -157.74453437)"
FRTRK2003,move to,LOC_남측제1방어선,2026-09-11T13:28:39,"(21.38713817, -157.74437210)"
FRTRK1004,move to,LOC_남측제1방어선,2026-09-11T13:28:39,"(21.38709319, -157.74436526)"
FRTRK2002,move to,LOC_남측제1방어선,2026-09-11T13:28:39,"(21.38725790, -157.74452533)"
FRTRK2004,move to,LOC_남측제1방어선,2026-09-11T13:28:39,"(21.38717099, -157.74437781)"
ENM35001,move to,LOC_적북측접근로,2026-09-11T13:28:39,"(21.37138200, -157.74152112)"
FRTRK2003,move to,LOC_남측제1방어선,2026-09-11T13:28:40,"(21.38713850, -157.74437547)"
FRTRK1004,move to,LOC_남측제1방어선,2026-09-11T13:28:40,"(21.38709309, -157.74436417)"
FRTRK2004,move to,LOC_남측제1방어선,2026-09-11T13:28:40,"(21.38717080, -157.74437599)"
ENM35001,move to,LOC_적북측접근로,2026-09-11T13:28:40,"(21.37138176, -157.74152213)"
FRTRK2003,move to,LOC_남측제1방어선,2026-09-11T13:28:41,"(21.38713850, -157.74437547)"
FRTRK1004,move to,LOC_남측제1방어선,2026-09-11T13:28:41,"(21.38709309, -157.74436417)"
FRTRK2004,move to,LOC_남측제1방어선,2026-09-11T13:28:41,"(21.38717080, -157.74437599)"
ENM35001,move to,LOC_적북측접근로,2026-09-11T13:28:41,"(21.37138176, -157.74152213)"
ENM35001,move to,LOC_적북측접근로,2026-09-11T13:28:42,"(21.37137759, -157.74153977)"
ENM35002,move to,LOC_적북측접근로,2026-09-11T13:28:42,"(21.37135037, -157.74165849)"
ENM35001,move to,LOC_적북측접근로,2026-09-11T13:28:43,"(21.37137759, -157.74153977)"
ENM35002,move to,LOC_적북측접근로,2026-09-11T13:28:43,"(21.37135037, -157.74165849)"
ENM35002,move to,LOC_적북측접근로,2026-09-11T13:28:44,"(21.37135416, -157.74164317)"
ENM35002,move to,LOC_적북측접근로,2026-09-11T13:28:45,"(21.37135416, -157.74164317)"
ENM35002,move to,LOC_적북측접근로,2026-09-11T13:28:48,"(21.37137438, -157.74156147)"
ENM35001,move to,LOC_적북측접근로,2026-09-11T13:28:48,"(21.37135291, -157.74164403)"
ENM35002,move to,LOC_적북측접근로,2026-09-11T13:28:49,"(21.37137438, -157.74156147)"
ENM35001,move to,LOC_적북측접근로,2026-09-11T13:28:49,"(21.37135291, -157.74164403)"
ENM35001,move to,LOC_적북측접근로,2026-09-11T13:28:50,"(21.37135118, -157.74165135)"
ENM35001,move to,LOC_적북측접근로,2026-09-11T13:28:51,"(21.37135118, -157.74165135)"
ENM35001,move to,LOC_적북측접근로,2026-09-11T13:28:52,"(21.37135499, -157.74163526)"
ENM35001,move to,LOC_적북측접근로,2026-09-11T13:28:53,"(21.37135499, -157.74163526)"
ENM35001,move to,LOC_적북측접근로,2026-09-11T13:28:54,"(21.37136360, -157.74159885)"
ENM35001,move to,LOC_적북측접근로,2026-09-11T13:28:55,"(21.37136360, -157.74159885)"
ENM35001,move to,LOC_적북측접근로,2026-09-11T13:28:56,"(21.37136360, -157.74159885)"
ENM35002,move to,LOC_적북측접근로,2026-09-11T13:29:01,"(21.37136263, -157.74160895)"
ENM35002,move to,LOC_적북측접근로,2026-09-11T13:29:02,"(21.37136263, -157.74160895)"
ENM35001,move to,LOC_적북측접근로,2026-09-11T13:29:03,"(21.37137803, -157.74153789)"
ENM35001,move to,LOC_적북측접근로,2026-09-11T13:29:04,"(21.37137803, -157.74153789)"
ENM35001,move to,LOC_적북측접근로,2026-09-11T13:29:05,"(21.37137368, -157.74155629)"
ENM35001,move to,LOC_적북측접근로,2026-09-11T13:29:05,"(21.37137368, -157.74155629)"
ENM35002,move to,LOC_적북측접근로,2026-09-11T13:29:06,"(21.37135619, -157.74163498)"
ENM35002,move to,LOC_적북측접근로,2026-09-11T13:29:07,"(21.37135619, -157.74163498)"
ENM35002,move to,LOC_적북측접근로,2026-09-11T13:29:11,"(21.37137411, -157.74156258)"
ENM35001,move to,LOC_적북측접근로,2026-09-11T13:29:11,"(21.37135088, -157.74165263)"
ENM35002,move to,LOC_적북측접근로,2026-09-11T13:29:12,"(21.37137411, -157.74156258)"
ENM35001,move to,LOC_적북측접근로,2026-09-11T13:29:12,"(21.37135088, -157.74165263)"
ENM35001,move to,LOC_적북측접근로,2026-09-11T13:29:13,"(21.37135119, -157.74165133)"
ENM35001,move to,LOC_적북측접근로,2026-09-11T13:29:13,"(21.37135119, -157.74165133)"
ENM35001,move to,LOC_적북측접근로,2026-09-11T13:29:14,"(21.37135693, -157.74162707)"
ENM35001,move to,LOC_적북측접근로,2026-09-11T13:29:15,"(21.37135693, -157.74162707)"
ENM35001,move to,LOC_적북측접근로,2026-09-11T13:29:16,"(21.37135693, -157.74162707)"
ENM35002,move to,LOC_적북측접근로,2026-09-11T13:29:21,"(21.37136871, -157.74158438)"
ENM35001,move to,LOC_적북측접근로,2026-09-11T13:29:21,"(21.37137919, -157.74153300)"
ENM35002,move to,LOC_적북측접근로,2026-09-11T13:29:22,"(21.37136871, -157.74158438)"
ENM35001,move to,LOC_적북측접근로,2026-09-11T13:29:22,"(21.37137919, -157.74153300)"
ENM35001,move to,LOC_적북측접근로,2026-09-11T13:29:23,"(21.37138078, -157.74152629)"
ENM35001,move to,LOC_적북측접근로,2026-09-11T13:29:23,"(21.37138078, -157.74152629)"
ENM35001,move to,LOC_적북측접근로,2026-09-11T13:29:23,"(21.37138078, -157.74152629)"
ENM35001,move to,LOC_적북측접근로,2026-09-11T13:29:24,"(21.37138078, -157.74152629)"
ENM35001,move to,LOC_적북측접근로,2026-09-11T13:29:24,"(21.37138078, -157.74152629)"
ENM35001,move to,LOC_적북측접근로,2026-09-11T13:29:24,"(21.37138078, -157.74152629)"
ENM35001,move to,LOC_적북측접근로,2026-09-11T13:29:25,"(21.37137861, -157.74153543)"
ENM35001,move to,LOC_적북측접근로,2026-09-11T13:29:25,"(21.37137861, -157.74153543)"
ENM35001,move to,LOC_적북측접근로,2026-09-11T13:29:26,"(21.37137861, -157.74153543)"
ENM35001,move to,LOC_적북측접근로,2026-09-11T13:29:26,"(21.37137861, -157.74153543)"
ENM35001,move to,LOC_적북측접근로,2026-09-11T13:29:27,"(21.37137300, -157.74155916)"
ENM35002,move to,LOC_적북측접근로,2026-09-11T13:29:27,"(21.37135230, -157.74165070)"
FRRPG008,move to,LOC_동측능선,2026-09-11T13:29:27,"(21.38647113, -157.74624935)"
ENM35001,move to,LOC_적북측접근로,2026-09-11T13:29:27,"(21.37137300, -157.74155916)"
ENM35002,move to,LOC_적북측접근로,2026-09-11T13:29:27,"(21.37135230, -157.74165070)"
FRRPG008,move to,LOC_동측능선,2026-09-11T13:29:27,"(21.38647113, -157.74624935)"
ENM35001,move to,LOC_적북측접근로,2026-09-11T13:29:28,"(21.37137300, -157.74155916)"
ENM35002,move to,LOC_적북측접근로,2026-09-11T13:29:28,"(21.37135230, -157.74165070)"
FRRPG008,move to,LOC_동측능선,2026-09-11T13:29:28,"(21.38647113, -157.74624935)"
ENM35001,move to,LOC_적북측접근로,2026-09-11T13:29:28,"(21.37137300, -157.74155916)"
ENM35002,move to,LOC_적북측접근로,2026-09-11T13:29:28,"(21.37135230, -157.74165070)"
FRRPG008,move to,LOC_동측능선,2026-09-11T13:29:28,"(21.38647113, -157.74624935)"
ENM35002,move to,LOC_적북측접근로,2026-09-11T13:29:29,"(21.37135792, -157.74162800)"
FRRPG008,move to,LOC_동측능선,2026-09-11T13:29:29,"(21.38645722, -157.74627190)"
ENM35002,move to,LOC_적북측접근로,2026-09-11T13:29:29,"(21.37135792, -157.74162800)"
FRRPG008,move to,LOC_동측능선,2026-09-11T13:29:29,"(21.38645722, -157.74627190)"
ENM35002,move to,LOC_적북측접근로,2026-09-11T13:29:30,"(21.37135792, -157.74162800)"
FRRPG008,move to,LOC_동측능선,2026-09-11T13:29:30,"(21.38645722, -157.74627190)"
ENM35002,move to,LOC_적북측접근로,2026-09-11T13:29:30,"(21.37135792, -157.74162800)"
FRRPG008,move to,LOC_동측능선,2026-09-11T13:29:30,"(21.38645722, -157.74627190)"
ENM35002,move to,LOC_적북측접근로,2026-09-11T13:29:31,"(21.37136757, -157.74158902)"
FRRPG008,move to,LOC_동측능선,2026-09-11T13:29:31,"(21.38644298, -157.74629498)"
ENM35001,move to,LOC_적북측접근로,2026-09-11T13:29:31,"(21.37135597, -157.74163109)"
ENM35002,move to,LOC_적북측접근로,2026-09-11T13:29:31,"(21.37136757, -157.74158902)"
FRRPG008,move to,LOC_동측능선,2026-09-11T13:29:31,"(21.38644298, -157.74629498)"
ENM35001,move to,LOC_적북측접근로,2026-09-11T13:29:31,"(21.37135597, -157.74163109)"
ENM35002,move to,LOC_적북측접근로,2026-09-11T13:29:32,"(21.37136757, -157.74158902)"
FRRPG008,move to,LOC_동측능선,2026-09-11T13:29:32,"(21.38644298, -157.74629498)"
ENM35001,move to,LOC_적북측접근로,2026-09-11T13:29:32,"(21.37135597, -157.74163109)"
ENM35002,move to,LOC_적북측접근로,2026-09-11T13:29:32,"(21.37136757, -157.74158902)"
FRRPG008,move to,LOC_동측능선,2026-09-11T13:29:32,"(21.38644298, -157.74629498)"
ENM35001,move to,LOC_적북측접근로,2026-09-11T13:29:32,"(21.37135597, -157.74163109)"
ENM35001,move to,LOC_적북측접근로,2026-09-11T13:29:33,"(21.37135152, -157.74164989)"
ENM35001,move to,LOC_적북측접근로,2026-09-11T13:29:33,"(21.37135152, -157.74164989)"
ENM35001,move to,LOC_적북측접근로,2026-09-11T13:29:34,"(21.37135152, -157.74164989)"
ENM35001,move to,LOC_적북측접근로,2026-09-11T13:29:34,"(21.37135152, -157.74164989)"
ENM35001,move to,LOC_적북측접근로,2026-09-11T13:29:35,"(21.37135281, -157.74164446)"
ENM35001,move to,LOC_적북측접근로,2026-09-11T13:29:35,"(21.37135281, -157.74164446)"
ENM35001,move to,LOC_적북측접근로,2026-09-11T13:29:36,"(21.37135281, -157.74164446)"
ENM35001,move to,LOC_적북측접근로,2026-09-11T13:29:36,"(21.37135281, -157.74164446)"
ENM35001,move to,LOC_적북측접근로,2026-09-11T13:29:37,"(21.37135940, -157.74161661)"
ENM35001,move to,LOC_적북측접근로,2026-09-11T13:29:37,"(21.37135940, -157.74161661)"
ENM35001,move to,LOC_적북측접근로,2026-09-11T13:29:38,"(21.37135940, -157.74161661)"
ENM35001,move to,LOC_적북측접근로,2026-09-11T13:29:38,"(21.37135940, -157.74161661)"
ENM35001,move to,LOC_적북측접근로,2026-09-11T13:29:39,"(21.37135940, -157.74161661)"
ENM35002,move to,LOC_적북측접근로,2026-09-11T13:29:39,"(21.37138081, -157.74153550)"
ENM35002,move to,LOC_적북측접근로,2026-09-11T13:29:40,"(21.37138081, -157.74153550)"
ENM35002,move to,LOC_적북측접근로,2026-09-11T13:29:40,"(21.37138081, -157.74153550)"
ENM35002,move to,LOC_적북측접근로,2026-09-11T13:29:41,"(21.37138081, -157.74153550)"
FRSNP006,move to,LOC_적북측접근로,2026-09-11T13:29:57,"(21.38001902, -157.74766485)"
FRSNP007,move to,LOC_적북측접근로,2026-09-11T13:29:57,"(21.38005214, -157.74766544)"
FRSNP005,move to,LOC_적북측접근로,2026-09-11T13:29:57,"(21.38014066, -157.74768539)"
FRSNP008,move to,LOC_적북측접근로,2026-09-11T13:29:57,"(21.38004169, -157.74767149)"
FRSNP001,move to,LOC_적북측접근로,2026-09-11T13:29:57,"(21.38009831, -157.74752910)"
FRSNP004,move to,LOC_적북측접근로,2026-09-11T13:29:57,"(21.38003990, -157.74765275)"
FRSNP002,move to,LOC_적북측접근로,2026-09-11T13:29:57,"(21.38007037, -157.74754891)"
FRSNP003,move to,LOC_적북측접근로,2026-09-11T13:29:57,"(21.38000682, -157.74765217)"
FRSNP006,move to,LOC_적북측접근로,2026-09-11T13:29:58,"(21.38001902, -157.74766485)"
FRSNP007,move to,LOC_적북측접근로,2026-09-11T13:29:58,"(21.38005214, -157.74766544)"
FRSNP005,move to,LOC_적북측접근로,2026-09-11T13:29:58,"(21.38014066, -157.74768539)"
FRSNP008,move to,LOC_적북측접근로,2026-09-11T13:29:58,"(21.38004169, -157.74767149)"
FRSNP001,move to,LOC_적북측접근로,2026-09-11T13:29:58,"(21.38009831, -157.74752910)"
FRSNP004,move to,LOC_적북측접근로,2026-09-11T13:29:58,"(21.38003990, -157.74765275)"
FRSNP002,move to,LOC_적북측접근로,2026-09-11T13:29:58,"(21.38007037, -157.74754891)"
FRSNP003,move to,LOC_적북측접근로,2026-09-11T13:29:58,"(21.38000682, -157.74765217)"
FRSNP006,move to,LOC_적북측접근로,2026-09-11T13:29:59,"(21.38001902, -157.74766485)"
FRSNP007,move to,LOC_적북측접근로,2026-09-11T13:29:59,"(21.38005214, -157.74766544)"
FRSNP005,move to,LOC_적북측접근로,2026-09-11T13:29:59,"(21.38014066, -157.74768539)"
FRSNP008,move to,LOC_적북측접근로,2026-09-11T13:29:59,"(21.38004169, -157.74767149)"
FRSNP001,move to,LOC_적북측접근로,2026-09-11T13:29:59,"(21.38009831, -157.74752910)"
FRSNP004,move to,LOC_적북측접근로,2026-09-11T13:29:59,"(21.38003990, -157.74765275)"
FRSNP002,move to,LOC_적북측접근로,2026-09-11T13:29:59,"(21.38007037, -157.74754891)"
FRSNP003,move to,LOC_적북측접근로,2026-09-11T13:29:59,"(21.38000682, -157.74765217)"
FRSNP006,move to,LOC_적북측접근로,2026-09-11T13:29:59,"(21.38001902, -157.74766485)"
FRSNP007,move to,LOC_적북측접근로,2026-09-11T13:29:59,"(21.38005214, -157.74766544)"
FRSNP005,move to,LOC_적북측접근로,2026-09-11T13:29:59,"(21.38014066, -157.74768539)"
FRSNP008,move to,LOC_적북측접근로,2026-09-11T13:29:59,"(21.38004169, -157.74767149)"
FRSNP001,move to,LOC_적북측접근로,2026-09-11T13:29:59,"(21.38009831, -157.74752910)"
FRSNP004,move to,LOC_적북측접근로,2026-09-11T13:29:59,"(21.38003990, -157.74765275)"
FRSNP002,move to,LOC_적북측접근로,2026-09-11T13:29:59,"(21.38007037, -157.74754891)"
FRSNP003,move to,LOC_적북측접근로,2026-09-11T13:29:59,"(21.38000682, -157.74765217)"
FRSNP006,move to,LOC_적북측접근로,2026-09-11T13:30:00,"(21.37999571, -157.74764896)"
FRSNP007,move to,LOC_적북측접근로,2026-09-11T13:30:00,"(21.38002876, -157.74764956)"
FRSNP005,move to,LOC_적북측접근로,2026-09-11T13:30:00,"(21.38011718, -157.74766954)"
FRSNP008,move to,LOC_적북측접근로,2026-09-11T13:30:00,"(21.38001833, -157.74765559)"
FRSNP001,move to,LOC_적북측접근로,2026-09-11T13:30:00,"(21.38007459, -157.74751343)"
FRSNP004,move to,LOC_적북측접근로,2026-09-11T13:30:00,"(21.38001656, -157.74763690)"
FRSNP002,move to,LOC_적북측접근로,2026-09-11T13:30:00,"(21.38004670, -157.74753318)"
FRSNP003,move to,LOC_적북측접근로,2026-09-11T13:30:00,"(21.37998341, -157.74763622)"
FRSNP006,move to,LOC_적북측접근로,2026-09-11T13:30:00,"(21.37999571, -157.74764896)"
FRSNP007,move to,LOC_적북측접근로,2026-09-11T13:30:00,"(21.38002876, -157.74764956)"
FRSNP005,move to,LOC_적북측접근로,2026-09-11T13:30:00,"(21.38011718, -157.74766954)"
FRSNP008,move to,LOC_적북측접근로,2026-09-11T13:30:00,"(21.38001833, -157.74765559)"
FRSNP001,move to,LOC_적북측접근로,2026-09-11T13:30:00,"(21.38007459, -157.74751343)"
FRSNP004,move to,LOC_적북측접근로,2026-09-11T13:30:00,"(21.38001656, -157.74763690)"
FRSNP002,move to,LOC_적북측접근로,2026-09-11T13:30:00,"(21.38004670, -157.74753318)"
FRSNP003,move to,LOC_적북측접근로,2026-09-11T13:30:00,"(21.37998341, -157.74763622)"
FRSNP006,move to,LOC_적북측접근로,2026-09-11T13:30:01,"(21.37999571, -157.74764896)"
FRSNP007,move to,LOC_적북측접근로,2026-09-11T13:30:01,"(21.38002876, -157.74764956)"
FRSNP005,move to,LOC_적북측접근로,2026-09-11T13:30:01,"(21.38011718, -157.74766954)"
FRSNP008,move to,LOC_적북측접근로,2026-09-11T13:30:01,"(21.38001833, -157.74765559)"
FRSNP001,move to,LOC_적북측접근로,2026-09-11T13:30:01,"(21.38007459, -157.74751343)"
FRSNP004,move to,LOC_적북측접근로,2026-09-11T13:30:01,"(21.38001656, -157.74763690)"
FRSNP002,move to,LOC_적북측접근로,2026-09-11T13:30:01,"(21.38004670, -157.74753318)"
FRSNP003,move to,LOC_적북측접근로,2026-09-11T13:30:01,"(21.37998341, -157.74763622)"
FRSNP006,move to,LOC_적북측접근로,2026-09-11T13:30:01,"(21.37999571, -157.74764896)"
FRSNP007,move to,LOC_적북측접근로,2026-09-11T13:30:01,"(21.38002876, -157.74764956)"
FRSNP005,move to,LOC_적북측접근로,2026-09-11T13:30:01,"(21.38011718, -157.74766954)"
FRSNP008,move to,LOC_적북측접근로,2026-09-11T13:30:01,"(21.38001833, -157.74765559)"
FRSNP001,move to,LOC_적북측접근로,2026-09-11T13:30:01,"(21.38007459, -157.74751343)"
FRSNP004,move to,LOC_적북측접근로,2026-09-11T13:30:01,"(21.38001656, -157.74763690)"
FRSNP002,move to,LOC_적북측접근로,2026-09-11T13:30:01,"(21.38004670, -157.74753318)"
FRSNP003,move to,LOC_적북측접근로,2026-09-11T13:30:01,"(21.37998341, -157.74763622)"
FRSNP006,move to,LOC_적북측접근로,2026-09-11T13:30:02,"(21.37997317, -157.74763358)"
FRSNP007,move to,LOC_적북측접근로,2026-09-11T13:30:02,"(21.38000643, -157.74763439)"
FRSNP005,move to,LOC_적북측접근로,2026-09-11T13:30:02,"(21.38009474, -157.74765440)"
FRSNP008,move to,LOC_적북측접근로,2026-09-11T13:30:02,"(21.37999602, -157.74764040)"
FRSNP001,move to,LOC_적북측접근로,2026-09-11T13:30:02,"(21.38005184, -157.74749841)"
FRSNP004,move to,LOC_적북측접근로,2026-09-11T13:30:02,"(21.37999425, -157.74762175)"
FRSNP002,move to,LOC_적북측접근로,2026-09-11T13:30:02,"(21.38002400, -157.74751808)"
FRSNP003,move to,LOC_적북측접근로,2026-09-11T13:30:02,"(21.37996085, -157.74762084)"
FRSNP006,move to,LOC_적북측접근로,2026-09-11T13:30:02,"(21.37997317, -157.74763358)"
FRSNP007,move to,LOC_적북측접근로,2026-09-11T13:30:02,"(21.38000643, -157.74763439)"
FRSNP005,move to,LOC_적북측접근로,2026-09-11T13:30:02,"(21.38009474, -157.74765440)"
FRSNP008,move to,LOC_적북측접근로,2026-09-11T13:30:02,"(21.37999602, -157.74764040)"
FRSNP001,move to,LOC_적북측접근로,2026-09-11T13:30:02,"(21.38005184, -157.74749841)"
FRSNP004,move to,LOC_적북측접근로,2026-09-11T13:30:02,"(21.37999425, -157.74762175)"
FRSNP002,move to,LOC_적북측접근로,2026-09-11T13:30:02,"(21.38002400, -157.74751808)"
FRSNP003,move to,LOC_적북측접근로,2026-09-11T13:30:02,"(21.37996085, -157.74762084)"
FRSNP006,move to,LOC_적북측접근로,2026-09-11T13:30:03,"(21.37997317, -157.74763358)"
FRSNP007,move to,LOC_적북측접근로,2026-09-11T13:30:03,"(21.38000643, -157.74763439)"
FRSNP005,move to,LOC_적북측접근로,2026-09-11T13:30:03,"(21.38009474, -157.74765440)"
FRSNP008,move to,LOC_적북측접근로,2026-09-11T13:30:03,"(21.37999602, -157.74764040)"
FRSNP001,move to,LOC_적북측접근로,2026-09-11T13:30:03,"(21.38005184, -157.74749841)"
FRSNP004,move to,LOC_적북측접근로,2026-09-11T13:30:03,"(21.37999425, -157.74762175)"
FRSNP002,move to,LOC_적북측접근로,2026-09-11T13:30:03,"(21.38002400, -157.74751808)"
FRSNP003,move to,LOC_적북측접근로,2026-09-11T13:30:03,"(21.37996085, -157.74762084)"
FRSNP006,move to,LOC_적북측접근로,2026-09-11T13:30:03,"(21.37997317, -157.74763358)"
FRSNP007,move to,LOC_적북측접근로,2026-09-11T13:30:03,"(21.38000643, -157.74763439)"
FRSNP005,move to,LOC_적북측접근로,2026-09-11T13:30:03,"(21.38009474, -157.74765440)"
FRSNP008,move to,LOC_적북측접근로,2026-09-11T13:30:03,"(21.37999602, -157.74764040)"
FRSNP001,move to,LOC_적북측접근로,2026-09-11T13:30:03,"(21.38005184, -157.74749841)"
FRSNP004,move to,LOC_적북측접근로,2026-09-11T13:30:03,"(21.37999425, -157.74762175)"
FRSNP002,move to,LOC_적북측접근로,2026-09-11T13:30:03,"(21.38002400, -157.74751808)"
FRSNP003,move to,LOC_적북측접근로,2026-09-11T13:30:03,"(21.37996085, -157.74762084)"
FRSNP006,move to,LOC_적북측접근로,2026-09-11T13:30:04,"(21.37994934, -157.74761733)"
FRSNP007,move to,LOC_적북측접근로,2026-09-11T13:30:04,"(21.37998274, -157.74761830)"
FRSNP005,move to,LOC_적북측접근로,2026-09-11T13:30:04,"(21.38007110, -157.74763845)"
FRSNP008,move to,LOC_적북측접근로,2026-09-11T13:30:04,"(21.37997223, -157.74762420)"
FRSNP001,move to,LOC_적북측접근로,2026-09-11T13:30:04,"(21.38002784, -157.74748257)"
FRSNP004,move to,LOC_적북측접근로,2026-09-11T13:30:04,"(21.37997026, -157.74760547)"
FRSNP002,move to,LOC_적북측접근로,2026-09-11T13:30:04,"(21.38000005, -157.74750217)"
FRSNP003,move to,LOC_적북측접근로,2026-09-11T13:30:04,"(21.37993688, -157.74760451)"
FRCMD002,move to,LOC_북측전방방어선,2026-09-11T13:30:04,"(21.38084507, -157.74971281)"
FRSNP006,move to,LOC_적북측접근로,2026-09-11T13:30:04,"(21.37994934, -157.74761733)"
FRSNP007,move to,LOC_적북측접근로,2026-09-11T13:30:04,"(21.37998274, -157.74761830)"
FRSNP005,move to,LOC_적북측접근로,2026-09-11T13:30:04,"(21.38007110, -157.74763845)"
FRSNP008,move to,LOC_적북측접근로,2026-09-11T13:30:04,"(21.37997223, -157.74762420)"
FRSNP001,move to,LOC_적북측접근로,2026-09-11T13:30:04,"(21.38002784, -157.74748257)"
FRSNP004,move to,LOC_적북측접근로,2026-09-11T13:30:04,"(21.37997026, -157.74760547)"
FRSNP002,move to,LOC_적북측접근로,2026-09-11T13:30:04,"(21.38000005, -157.74750217)"
FRSNP003,move to,LOC_적북측접근로,2026-09-11T13:30:04,"(21.37993688, -157.74760451)"
FRCMD002,move to,LOC_북측전방방어선,2026-09-11T13:30:04,"(21.38084507, -157.74971281)"
FRSNP006,move to,LOC_적북측접근로,2026-09-11T13:30:05,"(21.37994934, -157.74761733)"
FRSNP007,move to,LOC_적북측접근로,2026-09-11T13:30:05,"(21.37998274, -157.74761830)"
FRSNP005,move to,LOC_적북측접근로,2026-09-11T13:30:05,"(21.38007110, -157.74763845)"
FRSNP008,move to,LOC_적북측접근로,2026-09-11T13:30:05,"(21.37997223, -157.74762420)"
FRSNP001,move to,LOC_적북측접근로,2026-09-11T13:30:05,"(21.38002784, -157.74748257)"
FRSNP004,move to,LOC_적북측접근로,2026-09-11T13:30:05,"(21.37997026, -157.74760547)"
FRSNP002,move to,LOC_적북측접근로,2026-09-11T13:30:05,"(21.38000005, -157.74750217)"
FRSNP003,move to,LOC_적북측접근로,2026-09-11T13:30:05,"(21.37993688, -157.74760451)"
FRCMD002,move to,LOC_북측전방방어선,2026-09-11T13:30:05,"(21.38084507, -157.74971281)"
FRSNP006,move to,LOC_적북측접근로,2026-09-11T13:30:05,"(21.37994934, -157.74761733)"
FRSNP007,move to,LOC_적북측접근로,2026-09-11T13:30:05,"(21.37998274, -157.74761830)"
FRSNP005,move to,LOC_적북측접근로,2026-09-11T13:30:05,"(21.38007110, -157.74763845)"
FRSNP008,move to,LOC_적북측접근로,2026-09-11T13:30:05,"(21.37997223, -157.74762420)"
FRSNP001,move to,LOC_적북측접근로,2026-09-11T13:30:05,"(21.38002784, -157.74748257)"
FRSNP004,move to,LOC_적북측접근로,2026-09-11T13:30:05,"(21.37997026, -157.74760547)"
FRSNP002,move to,LOC_적북측접근로,2026-09-11T13:30:05,"(21.38000005, -157.74750217)"
FRSNP003,move to,LOC_적북측접근로,2026-09-11T13:30:05,"(21.37993688, -157.74760451)"
FRCMD002,move to,LOC_북측전방방어선,2026-09-11T13:30:05,"(21.38084507, -157.74971281)"
FRSNP006,move to,LOC_적북측접근로,2026-09-11T13:30:06,"(21.37992754, -157.74760246)"
FRSNP007,move to,LOC_적북측접근로,2026-09-11T13:30:06,"(21.37996091, -157.74760346)"
FRSNP005,move to,LOC_적북측접근로,2026-09-11T13:30:06,"(21.38004960, -157.74762394)"
FRSNP008,move to,LOC_적북측접근로,2026-09-11T13:30:06,"(21.37995044, -157.74760937)"
FRSNP001,move to,LOC_적북측접근로,2026-09-11T13:30:06,"(21.38000600, -157.74746815)"
FRSNP004,move to,LOC_적북측접근로,2026-09-11T13:30:06,"(21.37994842, -157.74759064)"
FRSNP002,move to,LOC_적북측접근로,2026-09-11T13:30:06,"(21.37997811, -157.74748758)"
FRSNP003,move to,LOC_적북측접근로,2026-09-11T13:30:06,"(21.37991508, -157.74758965)"
FRCMD002,move to,LOC_북측전방방어선,2026-09-11T13:30:06,"(21.38082724, -157.74969548)"
FRSNP006,move to,LOC_적북측접근로,2026-09-11T13:30:06,"(21.37992754, -157.74760246)"
FRSNP007,move to,LOC_적북측접근로,2026-09-11T13:30:06,"(21.37996091, -157.74760346)"
FRSNP005,move to,LOC_적북측접근로,2026-09-11T13:30:06,"(21.38004960, -157.74762394)"
FRSNP008,move to,LOC_적북측접근로,2026-09-11T13:30:06,"(21.37995044, -157.74760937)"
FRSNP001,move to,LOC_적북측접근로,2026-09-11T13:30:06,"(21.38000600, -157.74746815)"
FRSNP004,move to,LOC_적북측접근로,2026-09-11T13:30:06,"(21.37994842, -157.74759064)"
FRSNP002,move to,LOC_적북측접근로,2026-09-11T13:30:06,"(21.37997811, -157.74748758)"
FRSNP003,move to,LOC_적북측접근로,2026-09-11T13:30:06,"(21.37991508, -157.74758965)"
FRCMD002,move to,LOC_북측전방방어선,2026-09-11T13:30:06,"(21.38082724, -157.74969548)"
FRSNP006,move to,LOC_적북측접근로,2026-09-11T13:30:07,"(21.37992754, -157.74760246)"
FRSNP007,move to,LOC_적북측접근로,2026-09-11T13:30:07,"(21.37996091, -157.74760346)"
FRSNP005,move to,LOC_적북측접근로,2026-09-11T13:30:07,"(21.38004960, -157.74762394)"
FRSNP008,move to,LOC_적북측접근로,2026-09-11T13:30:07,"(21.37995044, -157.74760937)"
FRSNP001,move to,LOC_적북측접근로,2026-09-11T13:30:07,"(21.38000600, -157.74746815)"
FRSNP004,move to,LOC_적북측접근로,2026-09-11T13:30:07,"(21.37994842, -157.74759064)"
FRSNP002,move to,LOC_적북측접근로,2026-09-11T13:30:07,"(21.37997811, -157.74748758)"
FRSNP003,move to,LOC_적북측접근로,2026-09-11T13:30:07,"(21.37991508, -157.74758965)"
FRCMD002,move to,LOC_북측전방방어선,2026-09-11T13:30:07,"(21.38082724, -157.74969548)"
FRSNP006,move to,LOC_적북측접근로,2026-09-11T13:30:08,"(21.37992754, -157.74760246)"
FRSNP007,move to,LOC_적북측접근로,2026-09-11T13:30:08,"(21.37996091, -157.74760346)"
FRSNP005,move to,LOC_적북측접근로,2026-09-11T13:30:08,"(21.38004960, -157.74762394)"
FRSNP008,move to,LOC_적북측접근로,2026-09-11T13:30:08,"(21.37995044, -157.74760937)"
FRSNP001,move to,LOC_적북측접근로,2026-09-11T13:30:08,"(21.38000600, -157.74746815)"
FRSNP004,move to,LOC_적북측접근로,2026-09-11T13:30:08,"(21.37994842, -157.74759064)"
FRSNP002,move to,LOC_적북측접근로,2026-09-11T13:30:08,"(21.37997811, -157.74748758)"
FRSNP003,move to,LOC_적북측접근로,2026-09-11T13:30:08,"(21.37991508, -157.74758965)"
FRCMD002,move to,LOC_북측전방방어선,2026-09-11T13:30:08,"(21.38082724, -157.74969548)"
FRSNP006,move to,LOC_적북측접근로,2026-09-11T13:30:08,"(21.37990335, -157.74758597)"
FRSNP007,move to,LOC_적북측접근로,2026-09-11T13:30:08,"(21.37993670, -157.74758701)"
FRSNP005,move to,LOC_적북측접근로,2026-09-11T13:30:08,"(21.38002561, -157.74760775)"
FRSNP008,move to,LOC_적북측접근로,2026-09-11T13:30:08,"(21.37992625, -157.74759289)"
FRSNP001,move to,LOC_적북측접근로,2026-09-11T13:30:08,"(21.37998167, -157.74745208)"
FRSNP004,move to,LOC_적북측접근로,2026-09-11T13:30:08,"(21.37992421, -157.74757421)"
FRSNP002,move to,LOC_적북측접근로,2026-09-11T13:30:08,"(21.37995373, -157.74747138)"
FRSNP003,move to,LOC_적북측접근로,2026-09-11T13:30:08,"(21.37989086, -157.74757315)"
FRCMD002,move to,LOC_북측전방방어선,2026-09-11T13:30:08,"(21.38080747, -157.74967625)"
FRSNP006,move to,LOC_적북측접근로,2026-09-11T13:30:09,"(21.37990335, -157.74758597)"
FRSNP007,move to,LOC_적북측접근로,2026-09-11T13:30:09,"(21.37993670, -157.74758701)"
FRSNP005,move to,LOC_적북측접근로,2026-09-11T13:30:09,"(21.38002561, -157.74760775)"
FRSNP008,move to,LOC_적북측접근로,2026-09-11T13:30:09,"(21.37992625, -157.74759289)"
FRSNP001,move to,LOC_적북측접근로,2026-09-11T13:30:09,"(21.37998167, -157.74745208)"
FRSNP004,move to,LOC_적북측접근로,2026-09-11T13:30:09,"(21.37992421, -157.74757421)"
FRSNP002,move to,LOC_적북측접근로,2026-09-11T13:30:09,"(21.37995373, -157.74747138)"
FRSNP003,move to,LOC_적북측접근로,2026-09-11T13:30:09,"(21.37989086, -157.74757315)"
FRCMD002,move to,LOC_북측전방방어선,2026-09-11T13:30:09,"(21.38080747, -157.74967625)"
FRSNP006,move to,LOC_적북측접근로,2026-09-11T13:30:09,"(21.37990335, -157.74758597)"
FRSNP007,move to,LOC_적북측접근로,2026-09-11T13:30:09,"(21.37993670, -157.74758701)"
FRSNP005,move to,LOC_적북측접근로,2026-09-11T13:30:09,"(21.38002561, -157.74760775)"
FRSNP008,move to,LOC_적북측접근로,2026-09-11T13:30:09,"(21.37992625, -157.74759289)"
FRSNP001,move to,LOC_적북측접근로,2026-09-11T13:30:09,"(21.37998167, -157.74745208)"
FRSNP004,move to,LOC_적북측접근로,2026-09-11T13:30:09,"(21.37992421, -157.74757421)"
FRSNP002,move to,LOC_적북측접근로,2026-09-11T13:30:09,"(21.37995373, -157.74747138)"
FRSNP003,move to,LOC_적북측접근로,2026-09-11T13:30:09,"(21.37989086, -157.74757315)"
FRCMD002,move to,LOC_북측전방방어선,2026-09-11T13:30:09,"(21.38080747, -157.74967625)"
FRSNP006,move to,LOC_적북측접근로,2026-09-11T13:30:10,"(21.37990335, -157.74758597)"
FRSNP007,move to,LOC_적북측접근로,2026-09-11T13:30:10,"(21.37993670, -157.74758701)"
FRSNP005,move to,LOC_적북측접근로,2026-09-11T13:30:10,"(21.38002561, -157.74760775)"
FRSNP008,move to,LOC_적북측접근로,2026-09-11T13:30:10,"(21.37992625, -157.74759289)"
FRSNP001,move to,LOC_적북측접근로,2026-09-11T13:30:10,"(21.37998167, -157.74745208)"
FRSNP004,move to,LOC_적북측접근로,2026-09-11T13:30:10,"(21.37992421, -157.74757421)"
FRSNP002,move to,LOC_적북측접근로,2026-09-11T13:30:10,"(21.37995373, -157.74747138)"
FRSNP003,move to,LOC_적북측접근로,2026-09-11T13:30:10,"(21.37989086, -157.74757315)"
FRCMD002,move to,LOC_북측전방방어선,2026-09-11T13:30:10,"(21.38080747, -157.74967625)"
FRSNP006,move to,LOC_적북측접근로,2026-09-11T13:30:10,"(21.37988061, -157.74757046)"
FRSNP007,move to,LOC_적북측접근로,2026-09-11T13:30:10,"(21.37991399, -157.74757158)"
FRSNP005,move to,LOC_적북측접근로,2026-09-11T13:30:10,"(21.38000306, -157.74759253)"
FRSNP008,move to,LOC_적북측접근로,2026-09-11T13:30:10,"(21.37990354, -157.74757743)"
FRSNP001,move to,LOC_적북측접근로,2026-09-11T13:30:10,"(21.37995877, -157.74743696)"
FRSNP004,move to,LOC_적북측접근로,2026-09-11T13:30:10,"(21.37990149, -157.74755878)"
FRSNP002,move to,LOC_적북측접근로,2026-09-11T13:30:10,"(21.37993086, -157.74745618)"
FRSNP003,move to,LOC_적북측접근로,2026-09-11T13:30:10,"(21.37986812, -157.74755766)"
FRSNP006,move to,LOC_적북측접근로,2026-09-11T13:30:11,"(21.37988061, -157.74757046)"
FRSNP007,move to,LOC_적북측접근로,2026-09-11T13:30:11,"(21.37991399, -157.74757158)"
FRSNP005,move to,LOC_적북측접근로,2026-09-11T13:30:11,"(21.38000306, -157.74759253)"
FRSNP008,move to,LOC_적북측접근로,2026-09-11T13:30:11,"(21.37990354, -157.74757743)"
FRSNP001,move to,LOC_적북측접근로,2026-09-11T13:30:11,"(21.37995877, -157.74743696)"
FRSNP004,move to,LOC_적북측접근로,2026-09-11T13:30:11,"(21.37990149, -157.74755878)"
FRSNP002,move to,LOC_적북측접근로,2026-09-11T13:30:11,"(21.37993086, -157.74745618)"
FRSNP003,move to,LOC_적북측접근로,2026-09-11T13:30:11,"(21.37986812, -157.74755766)"
FRSNP006,move to,LOC_적북측접근로,2026-09-11T13:30:11,"(21.37988061, -157.74757046)"
FRSNP007,move to,LOC_적북측접근로,2026-09-11T13:30:11,"(21.37991399, -157.74757158)"
FRSNP005,move to,LOC_적북측접근로,2026-09-11T13:30:11,"(21.38000306, -157.74759253)"
FRSNP008,move to,LOC_적북측접근로,2026-09-11T13:30:11,"(21.37990354, -157.74757743)"
FRSNP001,move to,LOC_적북측접근로,2026-09-11T13:30:11,"(21.37995877, -157.74743696)"
FRSNP004,move to,LOC_적북측접근로,2026-09-11T13:30:11,"(21.37990149, -157.74755878)"
FRSNP002,move to,LOC_적북측접근로,2026-09-11T13:30:11,"(21.37993086, -157.74745618)"
FRSNP003,move to,LOC_적북측접근로,2026-09-11T13:30:11,"(21.37986812, -157.74755766)"
FRSNP006,move to,LOC_적북측접근로,2026-09-11T13:30:12,"(21.37988061, -157.74757046)"
FRSNP007,move to,LOC_적북측접근로,2026-09-11T13:30:12,"(21.37991399, -157.74757158)"
FRSNP005,move to,LOC_적북측접근로,2026-09-11T13:30:12,"(21.38000306, -157.74759253)"
FRSNP008,move to,LOC_적북측접근로,2026-09-11T13:30:12,"(21.37990354, -157.74757743)"
FRSNP001,move to,LOC_적북측접근로,2026-09-11T13:30:12,"(21.37995877, -157.74743696)"
FRSNP004,move to,LOC_적북측접근로,2026-09-11T13:30:12,"(21.37990149, -157.74755878)"
FRSNP002,move to,LOC_적북측접근로,2026-09-11T13:30:12,"(21.37993086, -157.74745618)"
FRSNP003,move to,LOC_적북측접근로,2026-09-11T13:30:12,"(21.37986812, -157.74755766)"
FRSNP006,move to,LOC_적북측접근로,2026-09-11T13:30:12,"(21.37985658, -157.74755408)"
FRSNP007,move to,LOC_적북측접근로,2026-09-11T13:30:12,"(21.37988994, -157.74755524)"
FRSNP005,move to,LOC_적북측접근로,2026-09-11T13:30:12,"(21.37997908, -157.74757635)"
FRSNP008,move to,LOC_적북측접근로,2026-09-11T13:30:12,"(21.37987950, -157.74756106)"
FRSNP001,move to,LOC_적북측접근로,2026-09-11T13:30:12,"(21.37993457, -157.74742098)"
FRSNP004,move to,LOC_적북측접근로,2026-09-11T13:30:12,"(21.37987743, -157.74754244)"
FRSNP002,move to,LOC_적북측접근로,2026-09-11T13:30:12,"(21.37990669, -157.74744012)"
FRSNP003,move to,LOC_적북측접근로,2026-09-11T13:30:12,"(21.37984410, -157.74754128)"
FRSNP006,move to,LOC_적북측접근로,2026-09-11T13:30:13,"(21.37985658, -157.74755408)"
FRSNP007,move to,LOC_적북측접근로,2026-09-11T13:30:13,"(21.37988994, -157.74755524)"
FRSNP005,move to,LOC_적북측접근로,2026-09-11T13:30:13,"(21.37997908, -157.74757635)"
FRSNP008,move to,LOC_적북측접근로,2026-09-11T13:30:13,"(21.37987950, -157.74756106)"
FRSNP001,move to,LOC_적북측접근로,2026-09-11T13:30:13,"(21.37993457, -157.74742098)"
FRSNP004,move to,LOC_적북측접근로,2026-09-11T13:30:13,"(21.37987743, -157.74754244)"
FRSNP002,move to,LOC_적북측접근로,2026-09-11T13:30:13,"(21.37990669, -157.74744012)"
FRSNP003,move to,LOC_적북측접근로,2026-09-11T13:30:13,"(21.37984410, -157.74754128)"
FRSNP006,move to,LOC_적북측접근로,2026-09-11T13:30:13,"(21.37985658, -157.74755408)"
FRSNP007,move to,LOC_적북측접근로,2026-09-11T13:30:13,"(21.37988994, -157.74755524)"
FRSNP005,move to,LOC_적북측접근로,2026-09-11T13:30:13,"(21.37997908, -157.74757635)"
FRSNP008,move to,LOC_적북측접근로,2026-09-11T13:30:13,"(21.37987950, -157.74756106)"
FRSNP001,move to,LOC_적북측접근로,2026-09-11T13:30:13,"(21.37993457, -157.74742098)"
FRSNP004,move to,LOC_적북측접근로,2026-09-11T13:30:13,"(21.37987743, -157.74754244)"
FRSNP002,move to,LOC_적북측접근로,2026-09-11T13:30:13,"(21.37990669, -157.74744012)"
FRSNP003,move to,LOC_적북측접근로,2026-09-11T13:30:13,"(21.37984410, -157.74754128)"
FRSNP006,move to,LOC_적북측접근로,2026-09-11T13:30:14,"(21.37983362, -157.74753842)"
FRSNP007,move to,LOC_적북측접근로,2026-09-11T13:30:14,"(21.37986695, -157.74753962)"
FRSNP005,move to,LOC_적북측접근로,2026-09-11T13:30:14,"(21.37995607, -157.74756082)"
FRSNP008,move to,LOC_적북측접근로,2026-09-11T13:30:14,"(21.37985652, -157.74754541)"
FRSNP001,move to,LOC_적북측접근로,2026-09-11T13:30:14,"(21.37991145, -157.74740572)"
FRSNP004,move to,LOC_적북측접근로,2026-09-11T13:30:14,"(21.37985441, -157.74752682)"
FRSNP002,move to,LOC_적북측접근로,2026-09-11T13:30:14,"(21.37988357, -157.74742475)"
FRSNP003,move to,LOC_적북측접근로,2026-09-11T13:30:14,"(21.37982110, -157.74752562)"
FRSNP006,move to,LOC_적북측접근로,2026-09-11T13:30:14,"(21.37983362, -157.74753842)"
FRSNP007,move to,LOC_적북측접근로,2026-09-11T13:30:14,"(21.37986695, -157.74753962)"
FRSNP005,move to,LOC_적북측접근로,2026-09-11T13:30:14,"(21.37995607, -157.74756082)"
FRSNP008,move to,LOC_적북측접근로,2026-09-11T13:30:14,"(21.37985652, -157.74754541)"
FRSNP001,move to,LOC_적북측접근로,2026-09-11T13:30:14,"(21.37991145, -157.74740572)"
FRSNP004,move to,LOC_적북측접근로,2026-09-11T13:30:14,"(21.37985441, -157.74752682)"
FRSNP002,move to,LOC_적북측접근로,2026-09-11T13:30:14,"(21.37988357, -157.74742475)"
FRSNP003,move to,LOC_적북측접근로,2026-09-11T13:30:14,"(21.37982110, -157.74752562)"
FRSNP006,move to,LOC_적북측접근로,2026-09-11T13:30:15,"(21.37983362, -157.74753842)"
FRSNP007,move to,LOC_적북측접근로,2026-09-11T13:30:15,"(21.37986695, -157.74753962)"
FRSNP005,move to,LOC_적북측접근로,2026-09-11T13:30:15,"(21.37995607, -157.74756082)"
FRSNP008,move to,LOC_적북측접근로,2026-09-11T13:30:15,"(21.37985652, -157.74754541)"
FRSNP001,move to,LOC_적북측접근로,2026-09-11T13:30:15,"(21.37991145, -157.74740572)"
FRSNP004,move to,LOC_적북측접근로,2026-09-11T13:30:15,"(21.37985441, -157.74752682)"
FRSNP002,move to,LOC_적북측접근로,2026-09-11T13:30:15,"(21.37988357, -157.74742475)"
FRSNP003,move to,LOC_적북측접근로,2026-09-11T13:30:15,"(21.37982110, -157.74752562)"
FRSNP006,move to,LOC_적북측접근로,2026-09-11T13:30:15,"(21.37983362, -157.74753842)"
FRSNP007,move to,LOC_적북측접근로,2026-09-11T13:30:15,"(21.37986695, -157.74753962)"
FRSNP005,move to,LOC_적북측접근로,2026-09-11T13:30:15,"(21.37995607, -157.74756082)"
FRSNP008,move to,LOC_적북측접근로,2026-09-11T13:30:15,"(21.37985652, -157.74754541)"
FRSNP001,move to,LOC_적북측접근로,2026-09-11T13:30:15,"(21.37991145, -157.74740572)"
FRSNP004,move to,LOC_적북측접근로,2026-09-11T13:30:15,"(21.37985441, -157.74752682)"
FRSNP002,move to,LOC_적북측접근로,2026-09-11T13:30:15,"(21.37988357, -157.74742475)"
FRSNP003,move to,LOC_적북측접근로,2026-09-11T13:30:15,"(21.37982110, -157.74752562)"
FRSNP006,move to,LOC_적북측접근로,2026-09-11T13:30:16,"(21.37980935, -157.74752187)"
FRSNP007,move to,LOC_적북측접근로,2026-09-11T13:30:16,"(21.37984269, -157.74752314)"
FRSNP005,move to,LOC_적북측접근로,2026-09-11T13:30:16,"(21.37993182, -157.74754446)"
FRSNP008,move to,LOC_적북측접근로,2026-09-11T13:30:16,"(21.37983229, -157.74752891)"
FRSNP001,move to,LOC_적북측접근로,2026-09-11T13:30:16,"(21.37988704, -157.74738960)"
FRSNP004,move to,LOC_적북측접근로,2026-09-11T13:30:16,"(21.37983015, -157.74751034)"
FRSNP002,move to,LOC_적북측접근로,2026-09-11T13:30:16,"(21.37985920, -157.74740855)"
FRSNP003,move to,LOC_적북측접근로,2026-09-11T13:30:16,"(21.37979680, -157.74750905)"
FRSNP006,move to,LOC_적북측접근로,2026-09-11T13:30:16,"(21.37980935, -157.74752187)"
FRSNP007,move to,LOC_적북측접근로,2026-09-11T13:30:16,"(21.37984269, -157.74752314)"
FRSNP005,move to,LOC_적북측접근로,2026-09-11T13:30:16,"(21.37993182, -157.74754446)"
FRSNP008,move to,LOC_적북측접근로,2026-09-11T13:30:16,"(21.37983229, -157.74752891)"
FRSNP001,move to,LOC_적북측접근로,2026-09-11T13:30:16,"(21.37988704, -157.74738960)"
FRSNP004,move to,LOC_적북측접근로,2026-09-11T13:30:16,"(21.37983015, -157.74751034)"
FRSNP002,move to,LOC_적북측접근로,2026-09-11T13:30:16,"(21.37985920, -157.74740855)"
FRSNP003,move to,LOC_적북측접근로,2026-09-11T13:30:16,"(21.37979680, -157.74750905)"
FRSNP006,move to,LOC_적북측접근로,2026-09-11T13:30:17,"(21.37980935, -157.74752187)"
FRSNP007,move to,LOC_적북측접근로,2026-09-11T13:30:17,"(21.37984269, -157.74752314)"
FRSNP005,move to,LOC_적북측접근로,2026-09-11T13:30:17,"(21.37993182, -157.74754446)"
FRSNP008,move to,LOC_적북측접근로,2026-09-11T13:30:17,"(21.37983229, -157.74752891)"
FRSNP001,move to,LOC_적북측접근로,2026-09-11T13:30:17,"(21.37988704, -157.74738960)"
FRSNP004,move to,LOC_적북측접근로,2026-09-11T13:30:17,"(21.37983015, -157.74751034)"
FRSNP002,move to,LOC_적북측접근로,2026-09-11T13:30:17,"(21.37985920, -157.74740855)"
FRSNP003,move to,LOC_적북측접근로,2026-09-11T13:30:17,"(21.37979680, -157.74750905)"
FRSNP006,move to,LOC_적북측접근로,2026-09-11T13:30:18,"(21.37980935, -157.74752187)"
FRSNP007,move to,LOC_적북측접근로,2026-09-11T13:30:18,"(21.37984269, -157.74752314)"
FRSNP005,move to,LOC_적북측접근로,2026-09-11T13:30:18,"(21.37993182, -157.74754446)"
FRSNP008,move to,LOC_적북측접근로,2026-09-11T13:30:18,"(21.37983229, -157.74752891)"
FRSNP001,move to,LOC_적북측접근로,2026-09-11T13:30:18,"(21.37988704, -157.74738960)"
FRSNP004,move to,LOC_적북측접근로,2026-09-11T13:30:18,"(21.37983015, -157.74751034)"
FRSNP002,move to,LOC_적북측접근로,2026-09-11T13:30:18,"(21.37985920, -157.74740855)"
FRSNP003,move to,LOC_적북측접근로,2026-09-11T13:30:18,"(21.37979680, -157.74750905)"
FRSNP006,move to,LOC_적북측접근로,2026-09-11T13:30:18,"(21.37978554, -157.74750563)"
FRSNP007,move to,LOC_적북측접근로,2026-09-11T13:30:18,"(21.37981891, -157.74750698)"
FRSNP005,move to,LOC_적북측접근로,2026-09-11T13:30:18,"(21.37990806, -157.74752842)"
FRSNP008,move to,LOC_적북측접근로,2026-09-11T13:30:18,"(21.37980849, -157.74751271)"
FRSNP001,move to,LOC_적북측접근로,2026-09-11T13:30:18,"(21.37986314, -157.74737382)"
FRSNP004,move to,LOC_적북측접근로,2026-09-11T13:30:18,"(21.37980633, -157.74749417)"
FRSNP002,move to,LOC_적북측접근로,2026-09-11T13:30:18,"(21.37983535, -157.74739269)"
FRSNP003,move to,LOC_적북측접근로,2026-09-11T13:30:18,"(21.37977299, -157.74749283)"
FRSNP006,move to,LOC_적북측접근로,2026-09-11T13:30:19,"(21.37978554, -157.74750563)"
FRSNP007,move to,LOC_적북측접근로,2026-09-11T13:30:19,"(21.37981891, -157.74750698)"
FRSNP005,move to,LOC_적북측접근로,2026-09-11T13:30:19,"(21.37990806, -157.74752842)"
FRSNP008,move to,LOC_적북측접근로,2026-09-11T13:30:19,"(21.37980849, -157.74751271)"
FRSNP001,move to,LOC_적북측접근로,2026-09-11T13:30:19,"(21.37986314, -157.74737382)"
FRSNP004,move to,LOC_적북측접근로,2026-09-11T13:30:19,"(21.37980633, -157.74749417)"
FRSNP002,move to,LOC_적북측접근로,2026-09-11T13:30:19,"(21.37983535, -157.74739269)"
FRSNP003,move to,LOC_적북측접근로,2026-09-11T13:30:19,"(21.37977299, -157.74749283)"
FRSNP006,move to,LOC_적북측접근로,2026-09-11T13:30:19,"(21.37978554, -157.74750563)"
FRSNP007,move to,LOC_적북측접근로,2026-09-11T13:30:19,"(21.37981891, -157.74750698)"
FRSNP005,move to,LOC_적북측접근로,2026-09-11T13:30:19,"(21.37990806, -157.74752842)"
FRSNP008,move to,LOC_적북측접근로,2026-09-11T13:30:19,"(21.37980849, -157.74751271)"
FRSNP001,move to,LOC_적북측접근로,2026-09-11T13:30:19,"(21.37986314, -157.74737382)"
FRSNP004,move to,LOC_적북측접근로,2026-09-11T13:30:19,"(21.37980633, -157.74749417)"
FRSNP002,move to,LOC_적북측접근로,2026-09-11T13:30:19,"(21.37983535, -157.74739269)"
FRSNP003,move to,LOC_적북측접근로,2026-09-11T13:30:19,"(21.37977299, -157.74749283)"
FRSNP006,move to,LOC_적북측접근로,2026-09-11T13:30:20,"(21.37978554, -157.74750563)"
FRSNP007,move to,LOC_적북측접근로,2026-09-11T13:30:20,"(21.37981891, -157.74750698)"
FRSNP005,move to,LOC_적북측접근로,2026-09-11T13:30:20,"(21.37990806, -157.74752842)"
FRSNP008,move to,LOC_적북측접근로,2026-09-11T13:30:20,"(21.37980849, -157.74751271)"
FRSNP001,move to,LOC_적북측접근로,2026-09-11T13:30:20,"(21.37986314, -157.74737382)"
FRSNP004,move to,LOC_적북측접근로,2026-09-11T13:30:20,"(21.37980633, -157.74749417)"
FRSNP002,move to,LOC_적북측접근로,2026-09-11T13:30:20,"(21.37983535, -157.74739269)"
FRSNP003,move to,LOC_적북측접근로,2026-09-11T13:30:20,"(21.37977299, -157.74749283)"
FRSNP006,move to,LOC_적북측접근로,2026-09-11T13:30:20,"(21.37976253, -157.74748994)"
FRSNP007,move to,LOC_적북측접근로,2026-09-11T13:30:20,"(21.37979587, -157.74749133)"
FRSNP005,move to,LOC_적북측접근로,2026-09-11T13:30:20,"(21.37988502, -157.74751287)"
FRSNP008,move to,LOC_적북측접근로,2026-09-11T13:30:20,"(21.37978547, -157.74749703)"
FRSNP001,move to,LOC_적북측접근로,2026-09-11T13:30:20,"(21.37984005, -157.74735857)"
FRSNP004,move to,LOC_적북측접근로,2026-09-11T13:30:20,"(21.37978329, -157.74747853)"
FRSNP002,move to,LOC_적북측접근로,2026-09-11T13:30:20,"(21.37981225, -157.74737734)"
FRSNP003,move to,LOC_적북측접근로,2026-09-11T13:30:20,"(21.37974997, -157.74747715)"
FRSNP006,move to,LOC_적북측접근로,2026-09-11T13:30:21,"(21.37976253, -157.74748994)"
FRSNP007,move to,LOC_적북측접근로,2026-09-11T13:30:21,"(21.37979587, -157.74749133)"
FRSNP005,move to,LOC_적북측접근로,2026-09-11T13:30:21,"(21.37988502, -157.74751287)"
FRSNP008,move to,LOC_적북측접근로,2026-09-11T13:30:21,"(21.37978547, -157.74749703)"
FRSNP001,move to,LOC_적북측접근로,2026-09-11T13:30:21,"(21.37984005, -157.74735857)"
FRSNP004,move to,LOC_적북측접근로,2026-09-11T13:30:21,"(21.37978329, -157.74747853)"
FRSNP002,move to,LOC_적북측접근로,2026-09-11T13:30:21,"(21.37981225, -157.74737734)"
FRSNP003,move to,LOC_적북측접근로,2026-09-11T13:30:21,"(21.37974997, -157.74747715)"
FRSNP006,move to,LOC_적북측접근로,2026-09-11T13:30:21,"(21.37976253, -157.74748994)"
FRSNP007,move to,LOC_적북측접근로,2026-09-11T13:30:21,"(21.37979587, -157.74749133)"
FRSNP005,move to,LOC_적북측접근로,2026-09-11T13:30:21,"(21.37988502, -157.74751287)"
FRSNP008,move to,LOC_적북측접근로,2026-09-11T13:30:21,"(21.37978547, -157.74749703)"
FRSNP001,move to,LOC_적북측접근로,2026-09-11T13:30:21,"(21.37984005, -157.74735857)"
FRSNP004,move to,LOC_적북측접근로,2026-09-11T13:30:21,"(21.37978329, -157.74747853)"
FRSNP002,move to,LOC_적북측접근로,2026-09-11T13:30:21,"(21.37981225, -157.74737734)"
FRSNP003,move to,LOC_적북측접근로,2026-09-11T13:30:21,"(21.37974997, -157.74747715)"
FRSNP006,move to,LOC_적북측접근로,2026-09-11T13:30:22,"(21.37976253, -157.74748994)"
FRSNP007,move to,LOC_적북측접근로,2026-09-11T13:30:22,"(21.37979587, -157.74749133)"
FRSNP005,move to,LOC_적북측접근로,2026-09-11T13:30:22,"(21.37988502, -157.74751287)"
FRSNP008,move to,LOC_적북측접근로,2026-09-11T13:30:22,"(21.37978547, -157.74749703)"
FRSNP001,move to,LOC_적북측접근로,2026-09-11T13:30:22,"(21.37984005, -157.74735857)"
FRSNP004,move to,LOC_적북측접근로,2026-09-11T13:30:22,"(21.37978329, -157.74747853)"
FRSNP002,move to,LOC_적북측접근로,2026-09-11T13:30:22,"(21.37981225, -157.74737734)"
FRSNP003,move to,LOC_적북측접근로,2026-09-11T13:30:22,"(21.37974997, -157.74747715)"
FRSNP006,move to,LOC_적북측접근로,2026-09-11T13:30:22,"(21.37973902, -157.74747390)"
FRSNP007,move to,LOC_적북측접근로,2026-09-11T13:30:22,"(21.37977233, -157.74747533)"
FRSNP005,move to,LOC_적북측접근로,2026-09-11T13:30:22,"(21.37986149, -157.74749699)"
FRSNP008,move to,LOC_적북측접근로,2026-09-11T13:30:22,"(21.37976194, -157.74748101)"
FRSNP001,move to,LOC_적북측접근로,2026-09-11T13:30:22,"(21.37981644, -157.74734298)"
FRSNP004,move to,LOC_적북측접근로,2026-09-11T13:30:22,"(21.37975974, -157.74746254)"
FRSNP002,move to,LOC_적북측접근로,2026-09-11T13:30:22,"(21.37978861, -157.74736163)"
FRSNP003,move to,LOC_적북측접근로,2026-09-11T13:30:22,"(21.37972645, -157.74746112)"
FRTRK1003,move to,LOC_남측제1방어선,2026-09-11T13:30:22,"(21.38734616, -157.74453421)"
FRTRK1001,move to,LOC_남측제1방어선,2026-09-11T13:30:22,"(21.38743564, -157.74454387)"
FRM113003,move to,LOC_중앙킬존남측,2026-09-11T13:30:22,"(21.39056946, -157.74220173)"
FRAHS001,FFE-on-Location,LOC_적포병진지,2026-09-11T13:30:22,"(21.39112388, -157.73719220)"
FRCMD002,move to,LOC_북측전방방어선,2026-09-11T13:30:22,"(21.38067356, -157.74954605)"
FRLAV002,move to,LOC_중앙킬존남측,2026-09-11T13:30:22,"(21.39027123, -157.74138109)"
FRLAV006,move to,LOC_중앙킬존남측,2026-09-11T13:30:22,"(21.39039945, -157.74172815)"
FRM113007,move to,LOC_중앙킬존남측,2026-09-11T13:30:22,"(21.39065446, -157.74256784)"
FRM113002,move to,LOC_중앙킬존남측,2026-09-11T13:30:22,"(21.39052972, -157.74211762)"
FRLAV008,move to,LOC_중앙킬존남측,2026-09-11T13:30:22,"(21.39046222, -157.74190172)"
FRM113006,move to,LOC_중앙킬존남측,2026-09-11T13:30:22,"(21.39065892, -157.74246644)"
FRTRK1005,move to,LOC_남측제1방어선,2026-09-11T13:30:22,"(21.38722135, -157.74451252)"
FRLAV001,move to,LOC_중앙킬존남측,2026-09-11T13:30:22,"(21.39019643, -157.74131739)"
FRTRK2001,move to,LOC_남측제1방어선,2026-09-11T13:30:22,"(21.38730268, -157.74453491)"
FRLAV003,move to,LOC_중앙킬존남측,2026-09-11T13:30:22,"(21.39027081, -157.74148496)"
FRTRK2002,move to,LOC_남측제1방어선,2026-09-11T13:30:22,"(21.38725837, -157.74452941)"
FRM113005,move to,LOC_중앙킬존남측,2026-09-11T13:30:22,"(21.39065723, -157.74236674)"
FRM113001,move to,LOC_중앙킬존남측,2026-09-11T13:30:22,"(21.39048698, -157.74203494)"
FRLAV005,move to,LOC_중앙킬존남측,2026-09-11T13:30:22,"(21.39033508, -157.74165770)"
FRTRK1002,move to,LOC_남측제1방어선,2026-09-11T13:30:22,"(21.38739110, -157.74454040)"
FRM113004,move to,LOC_중앙킬존남측,2026-09-11T13:30:22,"(21.39061097, -157.74228516)"
FRLAV007,move to,LOC_중앙킬존남측,2026-09-11T13:30:22,"(21.39044793, -157.74180681)"
FRTRK2003,move to,LOC_남측제1방어선,2026-09-11T13:30:22,"(21.38713820, -157.74437242)"
FRAHS002,move to,LOC_아군후방지휘소,2026-09-11T13:30:22,"(21.39217689, -157.74446851)"
FRM109004,move to,LOC_중앙킬존남측,2026-09-11T13:30:22,"(21.39087434, -157.74327485)"
FRLAV004,move to,LOC_중앙킬존남측,2026-09-11T13:30:22,"(21.39032621, -157.74155947)"
FRTRK1004,move to,LOC_남측제1방어선,2026-09-11T13:30:22,"(21.38709360, -157.74436995)"
FRSNP006,move to,LOC_적북측접근로,2026-09-11T13:30:23,"(21.37973902, -157.74747390)"
FRSNP007,move to,LOC_적북측접근로,2026-09-11T13:30:23,"(21.37977233, -157.74747533)"
FRSNP005,move to,LOC_적북측접근로,2026-09-11T13:30:23,"(21.37986149, -157.74749699)"
FRSNP008,move to,LOC_적북측접근로,2026-09-11T13:30:23,"(21.37976194, -157.74748101)"
FRSNP001,move to,LOC_적북측접근로,2026-09-11T13:30:23,"(21.37981644, -157.74734298)"
FRSNP004,move to,LOC_적북측접근로,2026-09-11T13:30:23,"(21.37975974, -157.74746254)"
FRSNP002,move to,LOC_적북측접근로,2026-09-11T13:30:23,"(21.37978861, -157.74736163)"
FRSNP003,move to,LOC_적북측접근로,2026-09-11T13:30:23,"(21.37972645, -157.74746112)"
FRTRK1003,move to,LOC_남측제1방어선,2026-09-11T13:30:23,"(21.38734616, -157.74453421)"
FRTRK1001,move to,LOC_남측제1방어선,2026-09-11T13:30:23,"(21.38743564, -157.74454387)"
FRM113003,move to,LOC_중앙킬존남측,2026-09-11T13:30:23,"(21.39056946, -157.74220173)"
FRAHS001,FFE-on-Location,LOC_적포병진지,2026-09-11T13:30:23,"(21.39112388, -157.73719220)"
FRCMD002,move to,LOC_북측전방방어선,2026-09-11T13:30:23,"(21.38067356, -157.74954605)"
FRLAV002,move to,LOC_중앙킬존남측,2026-09-11T13:30:23,"(21.39027123, -157.74138109)"
FRLAV006,move to,LOC_중앙킬존남측,2026-09-11T13:30:23,"(21.39039945, -157.74172815)"
FRM113007,move to,LOC_중앙킬존남측,2026-09-11T13:30:23,"(21.39065446, -157.74256784)"
FRM113002,move to,LOC_중앙킬존남측,2026-09-11T13:30:23,"(21.39052972, -157.74211762)"
FRLAV008,move to,LOC_중앙킬존남측,2026-09-11T13:30:23,"(21.39046222, -157.74190172)"
FRM113006,move to,LOC_중앙킬존남측,2026-09-11T13:30:23,"(21.39065892, -157.74246644)"
FRTRK1005,move to,LOC_남측제1방어선,2026-09-11T13:30:23,"(21.38722135, -157.74451252)"
FRLAV001,move to,LOC_중앙킬존남측,2026-09-11T13:30:23,"(21.39019643, -157.74131739)"
FRTRK2001,move to,LOC_남측제1방어선,2026-09-11T13:30:23,"(21.38730268, -157.74453491)"
FRLAV003,move to,LOC_중앙킬존남측,2026-09-11T13:30:23,"(21.39027081, -157.74148496)"
FRTRK2002,move to,LOC_남측제1방어선,2026-09-11T13:30:23,"(21.38725837, -157.74452941)"
FRM113005,move to,LOC_중앙킬존남측,2026-09-11T13:30:23,"(21.39065723, -157.74236674)"
FRM113001,move to,LOC_중앙킬존남측,2026-09-11T13:30:23,"(21.39048698, -157.74203494)"
FRLAV005,move to,LOC_중앙킬존남측,2026-09-11T13:30:23,"(21.39033508, -157.74165770)"
FRTRK1002,move to,LOC_남측제1방어선,2026-09-11T13:30:23,"(21.38739110, -157.74454040)"
FRM113004,move to,LOC_중앙킬존남측,2026-09-11T13:30:23,"(21.39061097, -157.74228516)"
FRLAV007,move to,LOC_중앙킬존남측,2026-09-11T13:30:23,"(21.39044793, -157.74180681)"
FRTRK2003,move to,LOC_남측제1방어선,2026-09-11T13:30:23,"(21.38713820, -157.74437242)"
FRAHS002,move to,LOC_아군후방지휘소,2026-09-11T13:30:23,"(21.39217689, -157.74446851)"
FRM109004,move to,LOC_중앙킬존남측,2026-09-11T13:30:23,"(21.39087434, -157.74327485)"
FRLAV004,move to,LOC_중앙킬존남측,2026-09-11T13:30:23,"(21.39032621, -157.74155947)"
FRTRK1004,move to,LOC_남측제1방어선,2026-09-11T13:30:23,"(21.38709360, -157.74436995)"
FRSNP006,move to,LOC_적북측접근로,2026-09-11T13:30:23,"(21.37973902, -157.74747390)"
FRSNP007,move to,LOC_적북측접근로,2026-09-11T13:30:23,"(21.37977233, -157.74747533)"
FRSNP005,move to,LOC_적북측접근로,2026-09-11T13:30:23,"(21.37986149, -157.74749699)"
FRSNP008,move to,LOC_적북측접근로,2026-09-11T13:30:23,"(21.37976194, -157.74748101)"
FRSNP001,move to,LOC_적북측접근로,2026-09-11T13:30:23,"(21.37981644, -157.74734298)"
FRSNP004,move to,LOC_적북측접근로,2026-09-11T13:30:23,"(21.37975974, -157.74746254)"
FRSNP002,move to,LOC_적북측접근로,2026-09-11T13:30:23,"(21.37978861, -157.74736163)"
FRSNP003,move to,LOC_적북측접근로,2026-09-11T13:30:23,"(21.37972645, -157.74746112)"
FRTRK1003,move to,LOC_남측제1방어선,2026-09-11T13:30:23,"(21.38734616, -157.74453421)"
FRTRK1001,move to,LOC_남측제1방어선,2026-09-11T13:30:23,"(21.38743564, -157.74454387)"
FRM113003,move to,LOC_중앙킬존남측,2026-09-11T13:30:23,"(21.39056946, -157.74220173)"
FRAHS001,FFE-on-Location,LOC_적포병진지,2026-09-11T13:30:23,"(21.39112388, -157.73719220)"
FRCMD002,move to,LOC_북측전방방어선,2026-09-11T13:30:23,"(21.38067356, -157.74954605)"
FRLAV002,move to,LOC_중앙킬존남측,2026-09-11T13:30:23,"(21.39027123, -157.74138109)"
FRLAV006,move to,LOC_중앙킬존남측,2026-09-11T13:30:23,"(21.39039945, -157.74172815)"
FRM113007,move to,LOC_중앙킬존남측,2026-09-11T13:30:23,"(21.39065446, -157.74256784)"
FRM113002,move to,LOC_중앙킬존남측,2026-09-11T13:30:23,"(21.39052972, -157.74211762)"
FRLAV008,move to,LOC_중앙킬존남측,2026-09-11T13:30:23,"(21.39046222, -157.74190172)"
FRM113006,move to,LOC_중앙킬존남측,2026-09-11T13:30:23,"(21.39065892, -157.74246644)"
FRTRK1005,move to,LOC_남측제1방어선,2026-09-11T13:30:23,"(21.38722135, -157.74451252)"
FRLAV001,move to,LOC_중앙킬존남측,2026-09-11T13:30:23,"(21.39019643, -157.74131739)"
FRTRK2001,move to,LOC_남측제1방어선,2026-09-11T13:30:23,"(21.38730268, -157.74453491)"
FRLAV003,move to,LOC_중앙킬존남측,2026-09-11T13:30:23,"(21.39027081, -157.74148496)"
FRTRK2002,move to,LOC_남측제1방어선,2026-09-11T13:30:23,"(21.38725837, -157.74452941)"
FRM113005,move to,LOC_중앙킬존남측,2026-09-11T13:30:23,"(21.39065723, -157.74236674)"
FRM113001,move to,LOC_중앙킬존남측,2026-09-11T13:30:23,"(21.39048698, -157.74203494)"
FRLAV005,move to,LOC_중앙킬존남측,2026-09-11T13:30:23,"(21.39033508, -157.74165770)"
FRTRK1002,move to,LOC_남측제1방어선,2026-09-11T13:30:23,"(21.38739110, -157.74454040)"
FRM113004,move to,LOC_중앙킬존남측,2026-09-11T13:30:23,"(21.39061097, -157.74228516)"
FRLAV007,move to,LOC_중앙킬존남측,2026-09-11T13:30:23,"(21.39044793, -157.74180681)"
FRTRK2003,move to,LOC_남측제1방어선,2026-09-11T13:30:23,"(21.38713820, -157.74437242)"
FRAHS002,move to,LOC_아군후방지휘소,2026-09-11T13:30:23,"(21.39217689, -157.74446851)"
FRM109004,move to,LOC_중앙킬존남측,2026-09-11T13:30:23,"(21.39087434, -157.74327485)"
FRLAV004,move to,LOC_중앙킬존남측,2026-09-11T13:30:23,"(21.39032621, -157.74155947)"
FRTRK1004,move to,LOC_남측제1방어선,2026-09-11T13:30:23,"(21.38709360, -157.74436995)"
FRSNP006,move to,LOC_적북측접근로,2026-09-11T13:30:24,"(21.37973902, -157.74747390)"
FRSNP007,move to,LOC_적북측접근로,2026-09-11T13:30:24,"(21.37977233, -157.74747533)"
FRSNP005,move to,LOC_적북측접근로,2026-09-11T13:30:24,"(21.37986149, -157.74749699)"
FRSNP008,move to,LOC_적북측접근로,2026-09-11T13:30:24,"(21.37976194, -157.74748101)"
FRSNP001,move to,LOC_적북측접근로,2026-09-11T13:30:24,"(21.37981644, -157.74734298)"
FRSNP004,move to,LOC_적북측접근로,2026-09-11T13:30:24,"(21.37975974, -157.74746254)"
FRSNP002,move to,LOC_적북측접근로,2026-09-11T13:30:24,"(21.37978861, -157.74736163)"
FRSNP003,move to,LOC_적북측접근로,2026-09-11T13:30:24,"(21.37972645, -157.74746112)"
FRTRK1003,move to,LOC_남측제1방어선,2026-09-11T13:30:24,"(21.38734616, -157.74453421)"
FRTRK1001,move to,LOC_남측제1방어선,2026-09-11T13:30:24,"(21.38743564, -157.74454387)"
FRM113003,move to,LOC_중앙킬존남측,2026-09-11T13:30:24,"(21.39056946, -157.74220173)"
FRAHS001,FFE-on-Location,LOC_적포병진지,2026-09-11T13:30:24,"(21.39112388, -157.73719220)"
FRCMD002,move to,LOC_북측전방방어선,2026-09-11T13:30:24,"(21.38067356, -157.74954605)"
FRLAV002,move to,LOC_중앙킬존남측,2026-09-11T13:30:24,"(21.39027123, -157.74138109)"
FRLAV006,move to,LOC_중앙킬존남측,2026-09-11T13:30:24,"(21.39039945, -157.74172815)"
FRM113007,move to,LOC_중앙킬존남측,2026-09-11T13:30:24,"(21.39065446, -157.74256784)"
FRM113002,move to,LOC_중앙킬존남측,2026-09-11T13:30:24,"(21.39052972, -157.74211762)"
FRLAV008,move to,LOC_중앙킬존남측,2026-09-11T13:30:24,"(21.39046222, -157.74190172)"
FRM113006,move to,LOC_중앙킬존남측,2026-09-11T13:30:24,"(21.39065892, -157.74246644)"
FRTRK1005,move to,LOC_남측제1방어선,2026-09-11T13:30:24,"(21.38722135, -157.74451252)"
FRLAV001,move to,LOC_중앙킬존남측,2026-09-11T13:30:24,"(21.39019643, -157.74131739)"
FRTRK2001,move to,LOC_남측제1방어선,2026-09-11T13:30:24,"(21.38730268, -157.74453491)"
FRLAV003,move to,LOC_중앙킬존남측,2026-09-11T13:30:24,"(21.39027081, -157.74148496)"
FRTRK2002,move to,LOC_남측제1방어선,2026-09-11T13:30:24,"(21.38725837, -157.74452941)"
FRM113005,move to,LOC_중앙킬존남측,2026-09-11T13:30:24,"(21.39065723, -157.74236674)"
FRM113001,move to,LOC_중앙킬존남측,2026-09-11T13:30:24,"(21.39048698, -157.74203494)"
FRLAV005,move to,LOC_중앙킬존남측,2026-09-11T13:30:24,"(21.39033508, -157.74165770)"
FRTRK1002,move to,LOC_남측제1방어선,2026-09-11T13:30:24,"(21.38739110, -157.74454040)"
FRM113004,move to,LOC_중앙킬존남측,2026-09-11T13:30:24,"(21.39061097, -157.74228516)"
FRLAV007,move to,LOC_중앙킬존남측,2026-09-11T13:30:24,"(21.39044793, -157.74180681)"
FRTRK2003,move to,LOC_남측제1방어선,2026-09-11T13:30:24,"(21.38713820, -157.74437242)"
FRAHS002,move to,LOC_아군후방지휘소,2026-09-11T13:30:24,"(21.39217689, -157.74446851)"
FRM109004,move to,LOC_중앙킬존남측,2026-09-11T13:30:24,"(21.39087434, -157.74327485)"
FRLAV004,move to,LOC_중앙킬존남측,2026-09-11T13:30:24,"(21.39032621, -157.74155947)"
FRTRK1004,move to,LOC_남측제1방어선,2026-09-11T13:30:24,"(21.38709360, -157.74436995)"
FRSNP006,move to,LOC_적북측접근로,2026-09-11T13:30:24,"(21.37971568, -157.74745799)"
FRSNP007,move to,LOC_적북측접근로,2026-09-11T13:30:24,"(21.37974897, -157.74745947)"
FRSNP005,move to,LOC_적북측접근로,2026-09-11T13:30:24,"(21.37983815, -157.74748124)"
FRSNP008,move to,LOC_적북측접근로,2026-09-11T13:30:24,"(21.37973860, -157.74746512)"
FRSNP001,move to,LOC_적북측접근로,2026-09-11T13:30:24,"(21.37979295, -157.74732747)"
FRSNP004,move to,LOC_적북측접근로,2026-09-11T13:30:24,"(21.37973639, -157.74744669)"
FRSNP002,move to,LOC_적북측접근로,2026-09-11T13:30:24,"(21.37976516, -157.74734604)"
FRSNP003,move to,LOC_적북측접근로,2026-09-11T13:30:24,"(21.37970311, -157.74744521)"
FRTRK1003,move to,LOC_남측제1방어선,2026-09-11T13:30:24,"(21.38734654, -157.74453713)"
FRTRK1001,move to,LOC_남측제1방어선,2026-09-11T13:30:24,"(21.38743519, -157.74454084)"
FRM113003,move to,LOC_중앙킬존남측,2026-09-11T13:30:24,"(21.39056813, -157.74220231)"
FRAHS001,FFE-on-Location,LOC_적포병진지,2026-09-11T13:30:24,"(21.39112388, -157.73719220)"
FRCMD002,move to,LOC_북측전방방어선,2026-09-11T13:30:24,"(21.38065458, -157.74952759)"
FRLAV002,move to,LOC_중앙킬존남측,2026-09-11T13:30:24,"(21.39027260, -157.74138036)"
FRLAV006,move to,LOC_중앙킬존남측,2026-09-11T13:30:24,"(21.39040113, -157.74172732)"
FRM113007,move to,LOC_중앙킬존남측,2026-09-11T13:30:24,"(21.39065280, -157.74256849)"
FRM113002,move to,LOC_중앙킬존남측,2026-09-11T13:30:24,"(21.39053041, -157.74211731)"
FRLAV008,move to,LOC_중앙킬존남측,2026-09-11T13:30:24,"(21.39046113, -157.74190224)"
FRM113006,move to,LOC_중앙킬존남측,2026-09-11T13:30:24,"(21.39065765, -157.74246695)"
FRTRK1005,move to,LOC_남측제1방어선,2026-09-11T13:30:24,"(21.38722158, -157.74451462)"
FRLAV001,move to,LOC_중앙킬존남측,2026-09-11T13:30:24,"(21.39019721, -157.74131697)"
FRTRK2001,move to,LOC_남측제1방어선,2026-09-11T13:30:24,"(21.38730253, -157.74453372)"
FRLAV003,move to,LOC_중앙킬존남측,2026-09-11T13:30:24,"(21.39026864, -157.74148610)"
FRTRK2002,move to,LOC_남측제1방어선,2026-09-11T13:30:24,"(21.38725816, -157.74452755)"
FRM113005,move to,LOC_중앙킬존남측,2026-09-11T13:30:24,"(21.39065725, -157.74236673)"
FRM113001,move to,LOC_중앙킬존남측,2026-09-11T13:30:24,"(21.39048689, -157.74203498)"
FRLAV005,move to,LOC_중앙킬존남측,2026-09-11T13:30:24,"(21.39033678, -157.74165685)"
FRTRK1002,move to,LOC_남측제1방어선,2026-09-11T13:30:24,"(21.38739068, -157.74453741)"
FRM113004,move to,LOC_중앙킬존남측,2026-09-11T13:30:24,"(21.39061013, -157.74228552)"
FRLAV007,move to,LOC_중앙킬존남측,2026-09-11T13:30:24,"(21.39044558, -157.74180794)"
FRTRK2003,move to,LOC_남측제1방어선,2026-09-11T13:30:24,"(21.38713847, -157.74437521)"
FRAHS002,move to,LOC_아군후방지휘소,2026-09-11T13:30:24,"(21.39217689, -157.74446854)"
FRM109004,move to,LOC_중앙킬존남측,2026-09-11T13:30:24,"(21.39087211, -157.74327555)"
FRLAV004,move to,LOC_중앙킬존남측,2026-09-11T13:30:24,"(21.39032512, -157.74156003)"
FRTRK1004,move to,LOC_남측제1방어선,2026-09-11T13:30:24,"(21.38709336, -157.74436724)"
FRSNP006,move to,LOC_적북측접근로,2026-09-11T13:30:25,"(21.37971568, -157.74745799)"
FRSNP007,move to,LOC_적북측접근로,2026-09-11T13:30:25,"(21.37974897, -157.74745947)"
FRSNP005,move to,LOC_적북측접근로,2026-09-11T13:30:25,"(21.37983815, -157.74748124)"
FRSNP008,move to,LOC_적북측접근로,2026-09-11T13:30:25,"(21.37973860, -157.74746512)"
FRSNP001,move to,LOC_적북측접근로,2026-09-11T13:30:25,"(21.37979295, -157.74732747)"
FRSNP004,move to,LOC_적북측접근로,2026-09-11T13:30:25,"(21.37973639, -157.74744669)"
FRSNP002,move to,LOC_적북측접근로,2026-09-11T13:30:25,"(21.37976516, -157.74734604)"
FRSNP003,move to,LOC_적북측접근로,2026-09-11T13:30:25,"(21.37970311, -157.74744521)"
FRTRK1003,move to,LOC_남측제1방어선,2026-09-11T13:30:25,"(21.38734654, -157.74453713)"
FRTRK1001,move to,LOC_남측제1방어선,2026-09-11T13:30:25,"(21.38743519, -157.74454084)"
FRM113003,move to,LOC_중앙킬존남측,2026-09-11T13:30:25,"(21.39056813, -157.74220231)"
FRAHS001,FFE-on-Location,LOC_적포병진지,2026-09-11T13:30:25,"(21.39112388, -157.73719220)"
FRCMD002,move to,LOC_북측전방방어선,2026-09-11T13:30:25,"(21.38065458, -157.74952759)"
FRLAV002,move to,LOC_중앙킬존남측,2026-09-11T13:30:25,"(21.39027260, -157.74138036)"
FRLAV006,move to,LOC_중앙킬존남측,2026-09-11T13:30:25,"(21.39040113, -157.74172732)"
FRM113007,move to,LOC_중앙킬존남측,2026-09-11T13:30:25,"(21.39065280, -157.74256849)"
FRM113002,move to,LOC_중앙킬존남측,2026-09-11T13:30:25,"(21.39053041, -157.74211731)"
FRLAV008,move to,LOC_중앙킬존남측,2026-09-11T13:30:25,"(21.39046113, -157.74190224)"
FRM113006,move to,LOC_중앙킬존남측,2026-09-11T13:30:25,"(21.39065765, -157.74246695)"
FRTRK1005,move to,LOC_남측제1방어선,2026-09-11T13:30:25,"(21.38722158, -157.74451462)"
FRLAV001,move to,LOC_중앙킬존남측,2026-09-11T13:30:25,"(21.39019721, -157.74131697)"
FRTRK2001,move to,LOC_남측제1방어선,2026-09-11T13:30:25,"(21.38730253, -157.74453372)"
FRLAV003,move to,LOC_중앙킬존남측,2026-09-11T13:30:25,"(21.39026864, -157.74148610)"
FRTRK2002,move to,LOC_남측제1방어선,2026-09-11T13:30:25,"(21.38725816, -157.74452755)"
FRM113005,move to,LOC_중앙킬존남측,2026-09-11T13:30:25,"(21.39065725, -157.74236673)"
FRM113001,move to,LOC_중앙킬존남측,2026-09-11T13:30:25,"(21.39048689, -157.74203498)"
FRLAV005,move to,LOC_중앙킬존남측,2026-09-11T13:30:25,"(21.39033678, -157.74165685)"
FRTRK1002,move to,LOC_남측제1방어선,2026-09-11T13:30:25,"(21.38739068, -157.74453741)"
FRM113004,move to,LOC_중앙킬존남측,2026-09-11T13:30:25,"(21.39061013, -157.74228552)"
FRLAV007,move to,LOC_중앙킬존남측,2026-09-11T13:30:25,"(21.39044558, -157.74180794)"
FRTRK2003,move to,LOC_남측제1방어선,2026-09-11T13:30:25,"(21.38713847, -157.74437521)"
FRAHS002,move to,LOC_아군후방지휘소,2026-09-11T13:30:25,"(21.39217689, -157.74446854)"
FRM109004,move to,LOC_중앙킬존남측,2026-09-11T13:30:25,"(21.39087211, -157.74327555)"
FRLAV004,move to,LOC_중앙킬존남측,2026-09-11T13:30:25,"(21.39032512, -157.74156003)"
FRTRK1004,move to,LOC_남측제1방어선,2026-09-11T13:30:25,"(21.38709336, -157.74436724)"
FRSNP006,move to,LOC_적북측접근로,2026-09-11T13:30:25,"(21.37971568, -157.74745799)"
FRSNP007,move to,LOC_적북측접근로,2026-09-11T13:30:25,"(21.37974897, -157.74745947)"
FRSNP005,move to,LOC_적북측접근로,2026-09-11T13:30:25,"(21.37983815, -157.74748124)"
FRSNP008,move to,LOC_적북측접근로,2026-09-11T13:30:25,"(21.37973860, -157.74746512)"
FRSNP001,move to,LOC_적북측접근로,2026-09-11T13:30:25,"(21.37979295, -157.74732747)"
FRSNP004,move to,LOC_적북측접근로,2026-09-11T13:30:25,"(21.37973639, -157.74744669)"
FRSNP002,move to,LOC_적북측접근로,2026-09-11T13:30:25,"(21.37976516, -157.74734604)"
FRSNP003,move to,LOC_적북측접근로,2026-09-11T13:30:25,"(21.37970311, -157.74744521)"
FRTRK1003,move to,LOC_남측제1방어선,2026-09-11T13:30:25,"(21.38734654, -157.74453713)"
FRTRK1001,move to,LOC_남측제1방어선,2026-09-11T13:30:25,"(21.38743519, -157.74454084)"
FRM113003,move to,LOC_중앙킬존남측,2026-09-11T13:30:25,"(21.39056813, -157.74220231)"
FRAHS001,FFE-on-Location,LOC_적포병진지,2026-09-11T13:30:25,"(21.39112388, -157.73719220)"
FRCMD002,move to,LOC_북측전방방어선,2026-09-11T13:30:25,"(21.38065458, -157.74952759)"
FRLAV002,move to,LOC_중앙킬존남측,2026-09-11T13:30:25,"(21.39027260, -157.74138036)"
FRLAV006,move to,LOC_중앙킬존남측,2026-09-11T13:30:25,"(21.39040113, -157.74172732)"
FRM113007,move to,LOC_중앙킬존남측,2026-09-11T13:30:25,"(21.39065280, -157.74256849)"
FRM113002,move to,LOC_중앙킬존남측,2026-09-11T13:30:25,"(21.39053041, -157.74211731)"
FRLAV008,move to,LOC_중앙킬존남측,2026-09-11T13:30:25,"(21.39046113, -157.74190224)"
FRM113006,move to,LOC_중앙킬존남측,2026-09-11T13:30:25,"(21.39065765, -157.74246695)"
FRTRK1005,move to,LOC_남측제1방어선,2026-09-11T13:30:25,"(21.38722158, -157.74451462)"
FRLAV001,move to,LOC_중앙킬존남측,2026-09-11T13:30:25,"(21.39019721, -157.74131697)"
FRTRK2001,move to,LOC_남측제1방어선,2026-09-11T13:30:25,"(21.38730253, -157.74453372)"
FRLAV003,move to,LOC_중앙킬존남측,2026-09-11T13:30:25,"(21.39026864, -157.74148610)"
FRTRK2002,move to,LOC_남측제1방어선,2026-09-11T13:30:25,"(21.38725816, -157.74452755)"
FRM113005,move to,LOC_중앙킬존남측,2026-09-11T13:30:25,"(21.39065725, -157.74236673)"
FRM113001,move to,LOC_중앙킬존남측,2026-09-11T13:30:25,"(21.39048689, -157.74203498)"
FRLAV005,move to,LOC_중앙킬존남측,2026-09-11T13:30:25,"(21.39033678, -157.74165685)"
FRTRK1002,move to,LOC_남측제1방어선,2026-09-11T13:30:25,"(21.38739068, -157.74453741)"
FRM113004,move to,LOC_중앙킬존남측,2026-09-11T13:30:25,"(21.39061013, -157.74228552)"
FRLAV007,move to,LOC_중앙킬존남측,2026-09-11T13:30:25,"(21.39044558, -157.74180794)"
FRTRK2003,move to,LOC_남측제1방어선,2026-09-11T13:30:25,"(21.38713847, -157.74437521)"
FRAHS002,move to,LOC_아군후방지휘소,2026-09-11T13:30:25,"(21.39217689, -157.74446854)"
FRM109004,move to,LOC_중앙킬존남측,2026-09-11T13:30:25,"(21.39087211, -157.74327555)"
FRLAV004,move to,LOC_중앙킬존남측,2026-09-11T13:30:25,"(21.39032512, -157.74156003)"
FRTRK1004,move to,LOC_남측제1방어선,2026-09-11T13:30:25,"(21.38709336, -157.74436724)"
FRSNP006,move to,LOC_적북측접근로,2026-09-11T13:30:26,"(21.37971568, -157.74745799)"
FRSNP007,move to,LOC_적북측접근로,2026-09-11T13:30:26,"(21.37974897, -157.74745947)"
FRSNP005,move to,LOC_적북측접근로,2026-09-11T13:30:26,"(21.37983815, -157.74748124)"
FRSNP008,move to,LOC_적북측접근로,2026-09-11T13:30:26,"(21.37973860, -157.74746512)"
FRSNP001,move to,LOC_적북측접근로,2026-09-11T13:30:26,"(21.37979295, -157.74732747)"
FRSNP004,move to,LOC_적북측접근로,2026-09-11T13:30:26,"(21.37973639, -157.74744669)"
FRSNP002,move to,LOC_적북측접근로,2026-09-11T13:30:26,"(21.37976516, -157.74734604)"
FRSNP003,move to,LOC_적북측접근로,2026-09-11T13:30:26,"(21.37970311, -157.74744521)"
FRTRK1003,move to,LOC_남측제1방어선,2026-09-11T13:30:26,"(21.38734654, -157.74453713)"
FRTRK1001,move to,LOC_남측제1방어선,2026-09-11T13:30:26,"(21.38743519, -157.74454084)"
FRM113003,move to,LOC_중앙킬존남측,2026-09-11T13:30:26,"(21.39056813, -157.74220231)"
FRAHS001,FFE-on-Location,LOC_적포병진지,2026-09-11T13:30:26,"(21.39112388, -157.73719220)"
FRCMD002,move to,LOC_북측전방방어선,2026-09-11T13:30:26,"(21.38065458, -157.74952759)"
FRLAV002,move to,LOC_중앙킬존남측,2026-09-11T13:30:26,"(21.39027260, -157.74138036)"
FRLAV006,move to,LOC_중앙킬존남측,2026-09-11T13:30:26,"(21.39040113, -157.74172732)"
FRM113007,move to,LOC_중앙킬존남측,2026-09-11T13:30:26,"(21.39065280, -157.74256849)"
FRM113002,move to,LOC_중앙킬존남측,2026-09-11T13:30:26,"(21.39053041, -157.74211731)"
FRLAV008,move to,LOC_중앙킬존남측,2026-09-11T13:30:26,"(21.39046113, -157.74190224)"
FRM113006,move to,LOC_중앙킬존남측,2026-09-11T13:30:26,"(21.39065765, -157.74246695)"
FRTRK1005,move to,LOC_남측제1방어선,2026-09-11T13:30:26,"(21.38722158, -157.74451462)"
FRLAV001,move to,LOC_중앙킬존남측,2026-09-11T13:30:26,"(21.39019721, -157.74131697)"
FRTRK2001,move to,LOC_남측제1방어선,2026-09-11T13:30:26,"(21.38730253, -157.74453372)"
FRLAV003,move to,LOC_중앙킬존남측,2026-09-11T13:30:26,"(21.39026864, -157.74148610)"
FRTRK2002,move to,LOC_남측제1방어선,2026-09-11T13:30:26,"(21.38725816, -157.74452755)"
FRM113005,move to,LOC_중앙킬존남측,2026-09-11T13:30:26,"(21.39065725, -157.74236673)"
FRM113001,move to,LOC_중앙킬존남측,2026-09-11T13:30:26,"(21.39048689, -157.74203498)"
FRLAV005,move to,LOC_중앙킬존남측,2026-09-11T13:30:26,"(21.39033678, -157.74165685)"
FRTRK1002,move to,LOC_남측제1방어선,2026-09-11T13:30:26,"(21.38739068, -157.74453741)"
FRM113004,move to,LOC_중앙킬존남측,2026-09-11T13:30:26,"(21.39061013, -157.74228552)"
FRLAV007,move to,LOC_중앙킬존남측,2026-09-11T13:30:26,"(21.39044558, -157.74180794)"
FRTRK2003,move to,LOC_남측제1방어선,2026-09-11T13:30:26,"(21.38713847, -157.74437521)"
FRAHS002,move to,LOC_아군후방지휘소,2026-09-11T13:30:26,"(21.39217689, -157.74446854)"
FRM109004,move to,LOC_중앙킬존남측,2026-09-11T13:30:26,"(21.39087211, -157.74327555)"
FRLAV004,move to,LOC_중앙킬존남측,2026-09-11T13:30:26,"(21.39032512, -157.74156003)"
FRTRK1004,move to,LOC_남측제1방어선,2026-09-11T13:30:26,"(21.38709336, -157.74436724)"
FRSNP006,move to,LOC_적북측접근로,2026-09-11T13:30:26,"(21.37969234, -157.74744207)"
FRSNP007,move to,LOC_적북측접근로,2026-09-11T13:30:26,"(21.37972561, -157.74744359)"
FRSNP005,move to,LOC_적북측접근로,2026-09-11T13:30:26,"(21.37981478, -157.74746547)"
FRSNP008,move to,LOC_적북측접근로,2026-09-11T13:30:26,"(21.37971524, -157.74744921)"
FRSNP001,move to,LOC_적북측접근로,2026-09-11T13:30:26,"(21.37976947, -157.74731196)"
FRSNP004,move to,LOC_적북측접근로,2026-09-11T13:30:26,"(21.37971303, -157.74743083)"
FRSNP002,move to,LOC_적북측접근로,2026-09-11T13:30:26,"(21.37974172, -157.74733046)"
FRSNP003,move to,LOC_적북측접근로,2026-09-11T13:30:26,"(21.37967979, -157.74742932)"
FRTRK1003,move to,LOC_남측제1방어선,2026-09-11T13:30:26,"(21.38734677, -157.74453889)"
FRTRK1001,move to,LOC_남측제1방어선,2026-09-11T13:30:26,"(21.38743486, -157.74453860)"
FRM113003,move to,LOC_중앙킬존남측,2026-09-11T13:30:26,"(21.39056708, -157.74220276)"
FRAHS001,FFE-on-Location,LOC_적포병진지,2026-09-11T13:30:26,"(21.39112388, -157.73719220)"
FRCMD002,move to,LOC_북측전방방어선,2026-09-11T13:30:26,"(21.38063559, -157.74950913)"
FRLAV002,move to,LOC_중앙킬존남측,2026-09-11T13:30:26,"(21.39027416, -157.74137953)"
FRLAV006,move to,LOC_중앙킬존남측,2026-09-11T13:30:26,"(21.39040109, -157.74172734)"
FRM113007,move to,LOC_중앙킬존남측,2026-09-11T13:30:26,"(21.39065110, -157.74256916)"
FRM113002,move to,LOC_중앙킬존남측,2026-09-11T13:30:26,"(21.39052819, -157.74211829)"
FRLAV008,move to,LOC_중앙킬존남측,2026-09-11T13:30:26,"(21.39046091, -157.74190234)"
FRM113006,move to,LOC_중앙킬존남측,2026-09-11T13:30:26,"(21.39065634, -157.74246748)"
FRTRK1005,move to,LOC_남측제1방어선,2026-09-11T13:30:26,"(21.38722182, -157.74451682)"
FRLAV001,move to,LOC_중앙킬존남측,2026-09-11T13:30:26,"(21.39019834, -157.74131635)"
FRTRK2001,move to,LOC_남측제1방어선,2026-09-11T13:30:26,"(21.38730219, -157.74453096)"
FRLAV003,move to,LOC_중앙킬존남측,2026-09-11T13:30:26,"(21.39026749, -157.74148670)"
FRTRK2002,move to,LOC_남측제1방어선,2026-09-11T13:30:26,"(21.38725786, -157.74452501)"
FRM113005,move to,LOC_중앙킬존남측,2026-09-11T13:30:26,"(21.39065728, -157.74236672)"
FRM113001,move to,LOC_중앙킬존남측,2026-09-11T13:30:26,"(21.39048460, -157.74203602)"
FRLAV005,move to,LOC_중앙킬존남측,2026-09-11T13:30:26,"(21.39033570, -157.74165740)"
FRTRK1002,move to,LOC_남측제1방어선,2026-09-11T13:30:26,"(21.38739035, -157.74453503)"
FRM113004,move to,LOC_중앙킬존남측,2026-09-11T13:30:26,"(21.39060958, -157.74228575)"
FRLAV007,move to,LOC_중앙킬존남측,2026-09-11T13:30:26,"(21.39044362, -157.74180888)"
FRTRK2003,move to,LOC_남측제1방어선,2026-09-11T13:30:26,"(21.38713867, -157.74437724)"
FRAHS002,move to,LOC_아군후방지휘소,2026-09-11T13:30:26,"(21.39217688, -157.74446856)"
FRM109004,move to,LOC_중앙킬존남측,2026-09-11T13:30:26,"(21.39087378, -157.74327503)"
FRLAV004,move to,LOC_중앙킬존남측,2026-09-11T13:30:26,"(21.39032397, -157.74156062)"
FRTRK1004,move to,LOC_남측제1방어선,2026-09-11T13:30:26,"(21.38709318, -157.74436522)"
FRSNP006,move to,LOC_적북측접근로,2026-09-11T13:30:27,"(21.37969234, -157.74744207)"
FRSNP007,move to,LOC_적북측접근로,2026-09-11T13:30:27,"(21.37972561, -157.74744359)"
FRSNP005,move to,LOC_적북측접근로,2026-09-11T13:30:27,"(21.37981478, -157.74746547)"
FRSNP008,move to,LOC_적북측접근로,2026-09-11T13:30:27,"(21.37971524, -157.74744921)"
FRSNP001,move to,LOC_적북측접근로,2026-09-11T13:30:27,"(21.37976947, -157.74731196)"
FRSNP004,move to,LOC_적북측접근로,2026-09-11T13:30:27,"(21.37971303, -157.74743083)"
FRSNP002,move to,LOC_적북측접근로,2026-09-11T13:30:27,"(21.37974172, -157.74733046)"
FRSNP003,move to,LOC_적북측접근로,2026-09-11T13:30:27,"(21.37967979, -157.74742932)"
FRTRK1003,move to,LOC_남측제1방어선,2026-09-11T13:30:27,"(21.38734677, -157.74453889)"
FRTRK1001,move to,LOC_남측제1방어선,2026-09-11T13:30:27,"(21.38743486, -157.74453860)"
FRM113003,move to,LOC_중앙킬존남측,2026-09-11T13:30:27,"(21.39056708, -157.74220276)"
FRAHS001,FFE-on-Location,LOC_적포병진지,2026-09-11T13:30:27,"(21.39112388, -157.73719220)"
FRCMD002,move to,LOC_북측전방방어선,2026-09-11T13:30:27,"(21.38063559, -157.74950913)"
FRLAV002,move to,LOC_중앙킬존남측,2026-09-11T13:30:27,"(21.39027416, -157.74137953)"
FRLAV006,move to,LOC_중앙킬존남측,2026-09-11T13:30:27,"(21.39040109, -157.74172734)"
FRM113007,move to,LOC_중앙킬존남측,2026-09-11T13:30:27,"(21.39065110, -157.74256916)"
FRM113002,move to,LOC_중앙킬존남측,2026-09-11T13:30:27,"(21.39052819, -157.74211829)"
FRLAV008,move to,LOC_중앙킬존남측,2026-09-11T13:30:27,"(21.39046091, -157.74190234)"
FRM113006,move to,LOC_중앙킬존남측,2026-09-11T13:30:27,"(21.39065634, -157.74246748)"
FRTRK1005,move to,LOC_남측제1방어선,2026-09-11T13:30:27,"(21.38722182, -157.74451682)"
FRLAV001,move to,LOC_중앙킬존남측,2026-09-11T13:30:27,"(21.39019834, -157.74131635)"
FRTRK2001,move to,LOC_남측제1방어선,2026-09-11T13:30:27,"(21.38730219, -157.74453096)"
FRLAV003,move to,LOC_중앙킬존남측,2026-09-11T13:30:27,"(21.39026749, -157.74148670)"
FRTRK2002,move to,LOC_남측제1방어선,2026-09-11T13:30:27,"(21.38725786, -157.74452501)"
FRM113005,move to,LOC_중앙킬존남측,2026-09-11T13:30:27,"(21.39065728, -157.74236672)"
FRM113001,move to,LOC_중앙킬존남측,2026-09-11T13:30:27,"(21.39048460, -157.74203602)"
FRLAV005,move to,LOC_중앙킬존남측,2026-09-11T13:30:27,"(21.39033570, -157.74165740)"
FRTRK1002,move to,LOC_남측제1방어선,2026-09-11T13:30:27,"(21.38739035, -157.74453503)"
FRM113004,move to,LOC_중앙킬존남측,2026-09-11T13:30:27,"(21.39060958, -157.74228575)"
FRLAV007,move to,LOC_중앙킬존남측,2026-09-11T13:30:27,"(21.39044362, -157.74180888)"
FRTRK2003,move to,LOC_남측제1방어선,2026-09-11T13:30:27,"(21.38713867, -157.74437724)"
FRAHS002,move to,LOC_아군후방지휘소,2026-09-11T13:30:27,"(21.39217688, -157.74446856)"
FRM109004,move to,LOC_중앙킬존남측,2026-09-11T13:30:27,"(21.39087378, -157.74327503)"
FRLAV004,move to,LOC_중앙킬존남측,2026-09-11T13:30:27,"(21.39032397, -157.74156062)"
FRTRK1004,move to,LOC_남측제1방어선,2026-09-11T13:30:27,"(21.38709318, -157.74436522)"
FRSNP006,move to,LOC_적북측접근로,2026-09-11T13:30:27,"(21.37969234, -157.74744207)"
FRSNP007,move to,LOC_적북측접근로,2026-09-11T13:30:27,"(21.37972561, -157.74744359)"
FRSNP005,move to,LOC_적북측접근로,2026-09-11T13:30:27,"(21.37981478, -157.74746547)"
FRSNP008,move to,LOC_적북측접근로,2026-09-11T13:30:27,"(21.37971524, -157.74744921)"
FRSNP001,move to,LOC_적북측접근로,2026-09-11T13:30:27,"(21.37976947, -157.74731196)"
FRSNP004,move to,LOC_적북측접근로,2026-09-11T13:30:27,"(21.37971303, -157.74743083)"
FRSNP002,move to,LOC_적북측접근로,2026-09-11T13:30:27,"(21.37974172, -157.74733046)"
FRSNP003,move to,LOC_적북측접근로,2026-09-11T13:30:27,"(21.37967979, -157.74742932)"
FRTRK1003,move to,LOC_남측제1방어선,2026-09-11T13:30:27,"(21.38734677, -157.74453889)"
FRTRK1001,move to,LOC_남측제1방어선,2026-09-11T13:30:27,"(21.38743486, -157.74453860)"
FRM113003,move to,LOC_중앙킬존남측,2026-09-11T13:30:27,"(21.39056708, -157.74220276)"
FRAHS001,FFE-on-Location,LOC_적포병진지,2026-09-11T13:30:27,"(21.39112388, -157.73719220)"
FRCMD002,move to,LOC_북측전방방어선,2026-09-11T13:30:27,"(21.38063559, -157.74950913)"
FRLAV002,move to,LOC_중앙킬존남측,2026-09-11T13:30:27,"(21.39027416, -157.74137953)"
FRLAV006,move to,LOC_중앙킬존남측,2026-09-11T13:30:27,"(21.39040109, -157.74172734)"
FRM113007,move to,LOC_중앙킬존남측,2026-09-11T13:30:27,"(21.39065110, -157.74256916)"
FRM113002,move to,LOC_중앙킬존남측,2026-09-11T13:30:27,"(21.39052819, -157.74211829)"
FRLAV008,move to,LOC_중앙킬존남측,2026-09-11T13:30:27,"(21.39046091, -157.74190234)"
FRM113006,move to,LOC_중앙킬존남측,2026-09-11T13:30:27,"(21.39065634, -157.74246748)"
FRTRK1005,move to,LOC_남측제1방어선,2026-09-11T13:30:27,"(21.38722182, -157.74451682)"
FRLAV001,move to,LOC_중앙킬존남측,2026-09-11T13:30:27,"(21.39019834, -157.74131635)"
FRTRK2001,move to,LOC_남측제1방어선,2026-09-11T13:30:27,"(21.38730219, -157.74453096)"
FRLAV003,move to,LOC_중앙킬존남측,2026-09-11T13:30:27,"(21.39026749, -157.74148670)"
FRTRK2002,move to,LOC_남측제1방어선,2026-09-11T13:30:27,"(21.38725786, -157.74452501)"
FRM113005,move to,LOC_중앙킬존남측,2026-09-11T13:30:27,"(21.39065728, -157.74236672)"
FRM113001,move to,LOC_중앙킬존남측,2026-09-11T13:30:27,"(21.39048460, -157.74203602)"
FRLAV005,move to,LOC_중앙킬존남측,2026-09-11T13:30:27,"(21.39033570, -157.74165740)"
FRTRK1002,move to,LOC_남측제1방어선,2026-09-11T13:30:27,"(21.38739035, -157.74453503)"
FRM113004,move to,LOC_중앙킬존남측,2026-09-11T13:30:27,"(21.39060958, -157.74228575)"
FRLAV007,move to,LOC_중앙킬존남측,2026-09-11T13:30:27,"(21.39044362, -157.74180888)"
FRTRK2003,move to,LOC_남측제1방어선,2026-09-11T13:30:27,"(21.38713867, -157.74437724)"
FRAHS002,move to,LOC_아군후방지휘소,2026-09-11T13:30:27,"(21.39217688, -157.74446856)"
FRM109004,move to,LOC_중앙킬존남측,2026-09-11T13:30:27,"(21.39087378, -157.74327503)"
FRLAV004,move to,LOC_중앙킬존남측,2026-09-11T13:30:27,"(21.39032397, -157.74156062)"
FRTRK1004,move to,LOC_남측제1방어선,2026-09-11T13:30:27,"(21.38709318, -157.74436522)"
FRSNP006,move to,LOC_적북측접근로,2026-09-11T13:30:28,"(21.37969234, -157.74744207)"
FRSNP007,move to,LOC_적북측접근로,2026-09-11T13:30:28,"(21.37972561, -157.74744359)"
FRSNP005,move to,LOC_적북측접근로,2026-09-11T13:30:28,"(21.37981478, -157.74746547)"
FRSNP008,move to,LOC_적북측접근로,2026-09-11T13:30:28,"(21.37971524, -157.74744921)"
FRSNP001,move to,LOC_적북측접근로,2026-09-11T13:30:28,"(21.37976947, -157.74731196)"
FRSNP004,move to,LOC_적북측접근로,2026-09-11T13:30:28,"(21.37971303, -157.74743083)"
FRSNP002,move to,LOC_적북측접근로,2026-09-11T13:30:28,"(21.37974172, -157.74733046)"
FRSNP003,move to,LOC_적북측접근로,2026-09-11T13:30:28,"(21.37967979, -157.74742932)"
FRTRK1003,move to,LOC_남측제1방어선,2026-09-11T13:30:28,"(21.38734677, -157.74453889)"
FRTRK1001,move to,LOC_남측제1방어선,2026-09-11T13:30:28,"(21.38743486, -157.74453860)"
FRM113003,move to,LOC_중앙킬존남측,2026-09-11T13:30:28,"(21.39056708, -157.74220276)"
FRAHS001,FFE-on-Location,LOC_적포병진지,2026-09-11T13:30:28,"(21.39112388, -157.73719220)"
FRCMD002,move to,LOC_북측전방방어선,2026-09-11T13:30:28,"(21.38063559, -157.74950913)"
FRLAV002,move to,LOC_중앙킬존남측,2026-09-11T13:30:28,"(21.39027416, -157.74137953)"
FRLAV006,move to,LOC_중앙킬존남측,2026-09-11T13:30:28,"(21.39040109, -157.74172734)"
FRM113007,move to,LOC_중앙킬존남측,2026-09-11T13:30:28,"(21.39065110, -157.74256916)"
FRM113002,move to,LOC_중앙킬존남측,2026-09-11T13:30:28,"(21.39052819, -157.74211829)"
FRLAV008,move to,LOC_중앙킬존남측,2026-09-11T13:30:28,"(21.39046091, -157.74190234)"
FRM113006,move to,LOC_중앙킬존남측,2026-09-11T13:30:28,"(21.39065634, -157.74246748)"
FRTRK1005,move to,LOC_남측제1방어선,2026-09-11T13:30:28,"(21.38722182, -157.74451682)"
FRLAV001,move to,LOC_중앙킬존남측,2026-09-11T13:30:28,"(21.39019834, -157.74131635)"
FRTRK2001,move to,LOC_남측제1방어선,2026-09-11T13:30:28,"(21.38730219, -157.74453096)"
FRLAV003,move to,LOC_중앙킬존남측,2026-09-11T13:30:28,"(21.39026749, -157.74148670)"
FRTRK2002,move to,LOC_남측제1방어선,2026-09-11T13:30:28,"(21.38725786, -157.74452501)"
FRM113005,move to,LOC_중앙킬존남측,2026-09-11T13:30:28,"(21.39065728, -157.74236672)"
FRM113001,move to,LOC_중앙킬존남측,2026-09-11T13:30:28,"(21.39048460, -157.74203602)"
FRLAV005,move to,LOC_중앙킬존남측,2026-09-11T13:30:28,"(21.39033570, -157.74165740)"
FRTRK1002,move to,LOC_남측제1방어선,2026-09-11T13:30:28,"(21.38739035, -157.74453503)"
FRM113004,move to,LOC_중앙킬존남측,2026-09-11T13:30:28,"(21.39060958, -157.74228575)"
FRLAV007,move to,LOC_중앙킬존남측,2026-09-11T13:30:28,"(21.39044362, -157.74180888)"
FRTRK2003,move to,LOC_남측제1방어선,2026-09-11T13:30:28,"(21.38713867, -157.74437724)"
FRAHS002,move to,LOC_아군후방지휘소,2026-09-11T13:30:28,"(21.39217688, -157.74446856)"
FRM109004,move to,LOC_중앙킬존남측,2026-09-11T13:30:28,"(21.39087378, -157.74327503)"
FRLAV004,move to,LOC_중앙킬존남측,2026-09-11T13:30:28,"(21.39032397, -157.74156062)"
FRTRK1004,move to,LOC_남측제1방어선,2026-09-11T13:30:28,"(21.38709318, -157.74436522)"
FRSNP006,move to,LOC_적북측접근로,2026-09-11T13:30:28,"(21.37966885, -157.74742605)"
FRSNP007,move to,LOC_적북측접근로,2026-09-11T13:30:28,"(21.37970209, -157.74742761)"
FRSNP005,move to,LOC_적북측접근로,2026-09-11T13:30:28,"(21.37979119, -157.74744955)"
FRSNP008,move to,LOC_적북측접근로,2026-09-11T13:30:28,"(21.37969173, -157.74743320)"
FRSNP004,move to,LOC_적북측접근로,2026-09-11T13:30:28,"(21.37968951, -157.74741486)"
FRSNP003,move to,LOC_적북측접근로,2026-09-11T13:30:28,"(21.37965629, -157.74741331)"
FRTRK1003,move to,LOC_남측제1방어선,2026-09-11T13:30:28,"(21.38734668, -157.74453822)"
FRTRK1001,move to,LOC_남측제1방어선,2026-09-11T13:30:28,"(21.38743490, -157.74453888)"
FRM113003,move to,LOC_중앙킬존남측,2026-09-11T13:30:28,"(21.39056632, -157.74220309)"
FRAHS001,FFE-on-Location,LOC_적포병진지,2026-09-11T13:30:28,"(21.39112388, -157.73719220)"
FRCMD002,move to,LOC_북측전방방어선,2026-09-11T13:30:28,"(21.38061646, -157.74949053)"
FRLAV002,move to,LOC_중앙킬존남측,2026-09-11T13:30:28,"(21.39027582, -157.74137864)"
FRLAV006,move to,LOC_중앙킬존남측,2026-09-11T13:30:28,"(21.39039834, -157.74172869)"
FRM113007,move to,LOC_중앙킬존남측,2026-09-11T13:30:28,"(21.39064935, -157.74256984)"
FRM113002,move to,LOC_중앙킬존남측,2026-09-11T13:30:28,"(21.39052697, -157.74211884)"
FRLAV008,move to,LOC_중앙킬존남측,2026-09-11T13:30:28,"(21.39046157, -157.74190203)"
FRM113006,move to,LOC_중앙킬존남측,2026-09-11T13:30:28,"(21.39065499, -157.74246802)"
FRTRK1005,move to,LOC_남측제1방어선,2026-09-11T13:30:28,"(21.38722197, -157.74451815)"
FRLAV001,move to,LOC_중앙킬존남측,2026-09-11T13:30:28,"(21.39019982, -157.74131555)"
FRTRK2001,move to,LOC_남측제1방어선,2026-09-11T13:30:28,"(21.38730190, -157.74452862)"
FRLAV003,move to,LOC_중앙킬존남측,2026-09-11T13:30:28,"(21.39026693, -157.74148700)"
FRTRK2002,move to,LOC_남측제1방어선,2026-09-11T13:30:28,"(21.38725766, -157.74452328)"
FRM113005,move to,LOC_중앙킬존남측,2026-09-11T13:30:28,"(21.39065730, -157.74236671)"
FRM113001,move to,LOC_중앙킬존남측,2026-09-11T13:30:28,"(21.39048319, -157.74203665)"
FRLAV005,move to,LOC_중앙킬존남측,2026-09-11T13:30:28,"(21.39033317, -157.74165866)"
FRTRK1002,move to,LOC_남측제1방어선,2026-09-11T13:30:28,"(21.38739036, -157.74453515)"
FRM113004,move to,LOC_중앙킬존남측,2026-09-11T13:30:28,"(21.39060934, -157.74228585)"
FRLAV007,move to,LOC_중앙킬존남측,2026-09-11T13:30:28,"(21.39044272, -157.74180931)"
FRTRK2003,move to,LOC_남측제1방어선,2026-09-11T13:30:28,"(21.38713866, -157.74437713)"
FRAHS002,move to,LOC_아군후방지휘소,2026-09-11T13:30:28,"(21.39217687, -157.74446858)"
FRM109004,move to,LOC_중앙킬존남측,2026-09-11T13:30:28,"(21.39087136, -157.74327578)"
FRLAV004,move to,LOC_중앙킬존남측,2026-09-11T13:30:28,"(21.39032275, -157.74156124)"
FRTRK1004,move to,LOC_남측제1방어선,2026-09-11T13:30:28,"(21.38709319, -157.74436526)"
FRSNP006,move to,LOC_적북측접근로,2026-09-11T13:30:29,"(21.37966885, -157.74742605)"
FRSNP007,move to,LOC_적북측접근로,2026-09-11T13:30:29,"(21.37970209, -157.74742761)"
FRSNP005,move to,LOC_적북측접근로,2026-09-11T13:30:29,"(21.37979119, -157.74744955)"
FRSNP008,move to,LOC_적북측접근로,2026-09-11T13:30:29,"(21.37969173, -157.74743320)"
FRSNP004,move to,LOC_적북측접근로,2026-09-11T13:30:29,"(21.37968951, -157.74741486)"
FRSNP003,move to,LOC_적북측접근로,2026-09-11T13:30:29,"(21.37965629, -157.74741331)"
FRTRK1003,move to,LOC_남측제1방어선,2026-09-11T13:30:29,"(21.38734668, -157.74453822)"
FRTRK1001,move to,LOC_남측제1방어선,2026-09-11T13:30:29,"(21.38743490, -157.74453888)"
FRM113003,move to,LOC_중앙킬존남측,2026-09-11T13:30:29,"(21.39056632, -157.74220309)"
FRAHS001,FFE-on-Location,LOC_적포병진지,2026-09-11T13:30:29,"(21.39112388, -157.73719220)"
FRCMD002,move to,LOC_북측전방방어선,2026-09-11T13:30:29,"(21.38061646, -157.74949053)"
FRLAV002,move to,LOC_중앙킬존남측,2026-09-11T13:30:29,"(21.39027582, -157.74137864)"
FRLAV006,move to,LOC_중앙킬존남측,2026-09-11T13:30:29,"(21.39039834, -157.74172869)"
FRM113007,move to,LOC_중앙킬존남측,2026-09-11T13:30:29,"(21.39064935, -157.74256984)"
FRM113002,move to,LOC_중앙킬존남측,2026-09-11T13:30:29,"(21.39052697, -157.74211884)"
FRLAV008,move to,LOC_중앙킬존남측,2026-09-11T13:30:29,"(21.39046157, -157.74190203)"
FRM113006,move to,LOC_중앙킬존남측,2026-09-11T13:30:29,"(21.39065499, -157.74246802)"
FRTRK1005,move to,LOC_남측제1방어선,2026-09-11T13:30:29,"(21.38722197, -157.74451815)"
FRLAV001,move to,LOC_중앙킬존남측,2026-09-11T13:30:29,"(21.39019982, -157.74131555)"
FRTRK2001,move to,LOC_남측제1방어선,2026-09-11T13:30:29,"(21.38730190, -157.74452862)"
FRLAV003,move to,LOC_중앙킬존남측,2026-09-11T13:30:29,"(21.39026693, -157.74148700)"
FRTRK2002,move to,LOC_남측제1방어선,2026-09-11T13:30:29,"(21.38725766, -157.74452328)"
FRM113005,move to,LOC_중앙킬존남측,2026-09-11T13:30:29,"(21.39065730, -157.74236671)"
FRM113001,move to,LOC_중앙킬존남측,2026-09-11T13:30:29,"(21.39048319, -157.74203665)"
FRLAV005,move to,LOC_중앙킬존남측,2026-09-11T13:30:29,"(21.39033317, -157.74165866)"
FRTRK1002,move to,LOC_남측제1방어선,2026-09-11T13:30:29,"(21.38739036, -157.74453515)"
FRM113004,move to,LOC_중앙킬존남측,2026-09-11T13:30:29,"(21.39060934, -157.74228585)"
FRLAV007,move to,LOC_중앙킬존남측,2026-09-11T13:30:29,"(21.39044272, -157.74180931)"
FRTRK2003,move to,LOC_남측제1방어선,2026-09-11T13:30:29,"(21.38713866, -157.74437713)"
FRAHS002,move to,LOC_아군후방지휘소,2026-09-11T13:30:29,"(21.39217687, -157.74446858)"
FRM109004,move to,LOC_중앙킬존남측,2026-09-11T13:30:29,"(21.39087136, -157.74327578)"
FRLAV004,move to,LOC_중앙킬존남측,2026-09-11T13:30:29,"(21.39032275, -157.74156124)"
FRTRK1004,move to,LOC_남측제1방어선,2026-09-11T13:30:29,"(21.38709319, -157.74436526)"
FRSNP006,move to,LOC_적북측접근로,2026-09-11T13:30:29,"(21.37966885, -157.74742605)"
FRSNP007,move to,LOC_적북측접근로,2026-09-11T13:30:29,"(21.37970209, -157.74742761)"
FRSNP005,move to,LOC_적북측접근로,2026-09-11T13:30:29,"(21.37979119, -157.74744955)"
FRSNP008,move to,LOC_적북측접근로,2026-09-11T13:30:29,"(21.37969173, -157.74743320)"
FRSNP004,move to,LOC_적북측접근로,2026-09-11T13:30:29,"(21.37968951, -157.74741486)"
FRSNP003,move to,LOC_적북측접근로,2026-09-11T13:30:29,"(21.37965629, -157.74741331)"
FRTRK1003,move to,LOC_남측제1방어선,2026-09-11T13:30:29,"(21.38734668, -157.74453822)"
FRTRK1001,move to,LOC_남측제1방어선,2026-09-11T13:30:29,"(21.38743490, -157.74453888)"
FRM113003,move to,LOC_중앙킬존남측,2026-09-11T13:30:29,"(21.39056632, -157.74220309)"
FRAHS001,FFE-on-Location,LOC_적포병진지,2026-09-11T13:30:29,"(21.39112388, -157.73719220)"
FRCMD002,move to,LOC_북측전방방어선,2026-09-11T13:30:29,"(21.38061646, -157.74949053)"
FRLAV002,move to,LOC_중앙킬존남측,2026-09-11T13:30:29,"(21.39027582, -157.74137864)"
FRLAV006,move to,LOC_중앙킬존남측,2026-09-11T13:30:29,"(21.39039834, -157.74172869)"
FRM113007,move to,LOC_중앙킬존남측,2026-09-11T13:30:29,"(21.39064935, -157.74256984)"
FRM113002,move to,LOC_중앙킬존남측,2026-09-11T13:30:29,"(21.39052697, -157.74211884)"
FRLAV008,move to,LOC_중앙킬존남측,2026-09-11T13:30:29,"(21.39046157, -157.74190203)"
FRM113006,move to,LOC_중앙킬존남측,2026-09-11T13:30:29,"(21.39065499, -157.74246802)"
FRTRK1005,move to,LOC_남측제1방어선,2026-09-11T13:30:29,"(21.38722197, -157.74451815)"
FRLAV001,move to,LOC_중앙킬존남측,2026-09-11T13:30:29,"(21.39019982, -157.74131555)"
FRTRK2001,move to,LOC_남측제1방어선,2026-09-11T13:30:29,"(21.38730190, -157.74452862)"
FRLAV003,move to,LOC_중앙킬존남측,2026-09-11T13:30:29,"(21.39026693, -157.74148700)"
FRTRK2002,move to,LOC_남측제1방어선,2026-09-11T13:30:29,"(21.38725766, -157.74452328)"
FRM113005,move to,LOC_중앙킬존남측,2026-09-11T13:30:29,"(21.39065730, -157.74236671)"
FRM113001,move to,LOC_중앙킬존남측,2026-09-11T13:30:29,"(21.39048319, -157.74203665)"
FRLAV005,move to,LOC_중앙킬존남측,2026-09-11T13:30:29,"(21.39033317, -157.74165866)"
FRTRK1002,move to,LOC_남측제1방어선,2026-09-11T13:30:29,"(21.38739036, -157.74453515)"
FRM113004,move to,LOC_중앙킬존남측,2026-09-11T13:30:29,"(21.39060934, -157.74228585)"
FRLAV007,move to,LOC_중앙킬존남측,2026-09-11T13:30:29,"(21.39044272, -157.74180931)"
FRTRK2003,move to,LOC_남측제1방어선,2026-09-11T13:30:29,"(21.38713866, -157.74437713)"
FRAHS002,move to,LOC_아군후방지휘소,2026-09-11T13:30:29,"(21.39217687, -157.74446858)"
FRM109004,move to,LOC_중앙킬존남측,2026-09-11T13:30:29,"(21.39087136, -157.74327578)"
FRLAV004,move to,LOC_중앙킬존남측,2026-09-11T13:30:29,"(21.39032275, -157.74156124)"
FRTRK1004,move to,LOC_남측제1방어선,2026-09-11T13:30:29,"(21.38709319, -157.74436526)"
FRSNP006,move to,LOC_적북측접근로,2026-09-11T13:30:30,"(21.37966885, -157.74742605)"
FRSNP007,move to,LOC_적북측접근로,2026-09-11T13:30:30,"(21.37970209, -157.74742761)"
FRSNP005,move to,LOC_적북측접근로,2026-09-11T13:30:30,"(21.37979119, -157.74744955)"
FRSNP008,move to,LOC_적북측접근로,2026-09-11T13:30:30,"(21.37969173, -157.74743320)"
FRSNP004,move to,LOC_적북측접근로,2026-09-11T13:30:30,"(21.37968951, -157.74741486)"
FRSNP003,move to,LOC_적북측접근로,2026-09-11T13:30:30,"(21.37965629, -157.74741331)"
FRTRK1003,move to,LOC_남측제1방어선,2026-09-11T13:30:30,"(21.38734668, -157.74453822)"
FRTRK1001,move to,LOC_남측제1방어선,2026-09-11T13:30:30,"(21.38743490, -157.74453888)"
FRM113003,move to,LOC_중앙킬존남측,2026-09-11T13:30:30,"(21.39056632, -157.74220309)"
FRAHS001,FFE-on-Location,LOC_적포병진지,2026-09-11T13:30:30,"(21.39112388, -157.73719220)"
FRCMD002,move to,LOC_북측전방방어선,2026-09-11T13:30:30,"(21.38061646, -157.74949053)"
FRLAV002,move to,LOC_중앙킬존남측,2026-09-11T13:30:30,"(21.39027582, -157.74137864)"
FRLAV006,move to,LOC_중앙킬존남측,2026-09-11T13:30:30,"(21.39039834, -157.74172869)"
FRM113007,move to,LOC_중앙킬존남측,2026-09-11T13:30:30,"(21.39064935, -157.74256984)"
FRM113002,move to,LOC_중앙킬존남측,2026-09-11T13:30:30,"(21.39052697, -157.74211884)"
FRLAV008,move to,LOC_중앙킬존남측,2026-09-11T13:30:30,"(21.39046157, -157.74190203)"
FRM113006,move to,LOC_중앙킬존남측,2026-09-11T13:30:30,"(21.39065499, -157.74246802)"
FRTRK1005,move to,LOC_남측제1방어선,2026-09-11T13:30:30,"(21.38722197, -157.74451815)"
FRLAV001,move to,LOC_중앙킬존남측,2026-09-11T13:30:30,"(21.39019982, -157.74131555)"
FRTRK2001,move to,LOC_남측제1방어선,2026-09-11T13:30:30,"(21.38730190, -157.74452862)"
FRLAV003,move to,LOC_중앙킬존남측,2026-09-11T13:30:30,"(21.39026693, -157.74148700)"
FRTRK2002,move to,LOC_남측제1방어선,2026-09-11T13:30:30,"(21.38725766, -157.74452328)"
FRM113005,move to,LOC_중앙킬존남측,2026-09-11T13:30:30,"(21.39065730, -157.74236671)"
FRM113001,move to,LOC_중앙킬존남측,2026-09-11T13:30:30,"(21.39048319, -157.74203665)"
FRLAV005,move to,LOC_중앙킬존남측,2026-09-11T13:30:30,"(21.39033317, -157.74165866)"
FRTRK1002,move to,LOC_남측제1방어선,2026-09-11T13:30:30,"(21.38739036, -157.74453515)"
FRM113004,move to,LOC_중앙킬존남측,2026-09-11T13:30:30,"(21.39060934, -157.74228585)"
FRLAV007,move to,LOC_중앙킬존남측,2026-09-11T13:30:30,"(21.39044272, -157.74180931)"
FRTRK2003,move to,LOC_남측제1방어선,2026-09-11T13:30:30,"(21.38713866, -157.74437713)"
FRAHS002,move to,LOC_아군후방지휘소,2026-09-11T13:30:30,"(21.39217687, -157.74446858)"
FRM109004,move to,LOC_중앙킬존남측,2026-09-11T13:30:30,"(21.39087136, -157.74327578)"
FRLAV004,move to,LOC_중앙킬존남측,2026-09-11T13:30:30,"(21.39032275, -157.74156124)"
FRTRK1004,move to,LOC_남측제1방어선,2026-09-11T13:30:30,"(21.38709319, -157.74436526)"
FRTRK1003,move to,LOC_남측제1방어선,2026-09-11T13:30:30,"(21.38734635, -157.74453571)"
FRTRK1001,move to,LOC_남측제1방어선,2026-09-11T13:30:30,"(21.38743527, -157.74454137)"
FRM113003,move to,LOC_중앙킬존남측,2026-09-11T13:30:30,"(21.39056588, -157.74220328)"
FRAHS001,FFE-on-Location,LOC_적포병진지,2026-09-11T13:30:30,"(21.39112388, -157.73719220)"
FRCMD002,move to,LOC_북측전방방어선,2026-09-11T13:30:30,"(21.38059814, -157.74947272)"
FRLAV002,move to,LOC_중앙킬존남측,2026-09-11T13:30:30,"(21.39027740, -157.74137780)"
FRLAV006,move to,LOC_중앙킬존남측,2026-09-11T13:30:30,"(21.39039712, -157.74172929)"
FRM113007,move to,LOC_중앙킬존남측,2026-09-11T13:30:30,"(21.39064770, -157.74257049)"
FRM113002,move to,LOC_중앙킬존남측,2026-09-11T13:30:30,"(21.39052632, -157.74211912)"
FRLAV008,move to,LOC_중앙킬존남측,2026-09-11T13:30:30,"(21.39046300, -157.74190136)"
FRM113006,move to,LOC_중앙킬존남측,2026-09-11T13:30:30,"(21.39065368, -157.74246854)"
FRTRK1005,move to,LOC_남측제1방어선,2026-09-11T13:30:30,"(21.38722196, -157.74451804)"
FRLAV001,move to,LOC_중앙킬존남측,2026-09-11T13:30:30,"(21.39020140, -157.74131469)"
FRTRK2001,move to,LOC_남측제1방어선,2026-09-11T13:30:30,"(21.38730186, -157.74452831)"
FRLAV003,move to,LOC_중앙킬존남측,2026-09-11T13:30:30,"(21.39026694, -157.74148699)"
FRTRK2002,move to,LOC_남측제1방어선,2026-09-11T13:30:30,"(21.38725767, -157.74452330)"
FRM113005,move to,LOC_중앙킬존남측,2026-09-11T13:30:30,"(21.39065732, -157.74236670)"
FRM113001,move to,LOC_중앙킬존남측,2026-09-11T13:30:30,"(21.39048226, -157.74203708)"
FRLAV005,move to,LOC_중앙킬존남측,2026-09-11T13:30:30,"(21.39033234, -157.74165908)"
FRTRK1002,move to,LOC_남측제1방어선,2026-09-11T13:30:30,"(21.38739070, -157.74453756)"
FRM113004,move to,LOC_중앙킬존남측,2026-09-11T13:30:30,"(21.39060939, -157.74228583)"
FRLAV007,move to,LOC_중앙킬존남측,2026-09-11T13:30:30,"(21.39044263, -157.74180936)"
FRTRK2003,move to,LOC_남측제1방어선,2026-09-11T13:30:30,"(21.38713845, -157.74437503)"
FRM109004,move to,LOC_중앙킬존남측,2026-09-11T13:30:30,"(21.39087150, -157.74327574)"
FRLAV004,move to,LOC_중앙킬존남측,2026-09-11T13:30:30,"(21.39032153, -157.74156187)"
FRTRK1004,move to,LOC_남측제1방어선,2026-09-11T13:30:30,"(21.38709336, -157.74436723)"
FRTRK2004,move to,LOC_남측제1방어선,2026-09-11T13:30:30,"(21.38717157, -157.74438348)"
FRTRK1003,move to,LOC_남측제1방어선,2026-09-11T13:30:31,"(21.38734635, -157.74453571)"
FRTRK1001,move to,LOC_남측제1방어선,2026-09-11T13:30:31,"(21.38743527, -157.74454137)"
FRM113003,move to,LOC_중앙킬존남측,2026-09-11T13:30:31,"(21.39056588, -157.74220328)"
FRAHS001,FFE-on-Location,LOC_적포병진지,2026-09-11T13:30:31,"(21.39112388, -157.73719220)"
FRCMD002,move to,LOC_북측전방방어선,2026-09-11T13:30:31,"(21.38059814, -157.74947272)"
FRLAV002,move to,LOC_중앙킬존남측,2026-09-11T13:30:31,"(21.39027740, -157.74137780)"
FRLAV006,move to,LOC_중앙킬존남측,2026-09-11T13:30:31,"(21.39039712, -157.74172929)"
FRM113007,move to,LOC_중앙킬존남측,2026-09-11T13:30:31,"(21.39064770, -157.74257049)"
FRM113002,move to,LOC_중앙킬존남측,2026-09-11T13:30:31,"(21.39052632, -157.74211912)"
FRLAV008,move to,LOC_중앙킬존남측,2026-09-11T13:30:31,"(21.39046300, -157.74190136)"
FRM113006,move to,LOC_중앙킬존남측,2026-09-11T13:30:31,"(21.39065368, -157.74246854)"
FRTRK1005,move to,LOC_남측제1방어선,2026-09-11T13:30:31,"(21.38722196, -157.74451804)"
FRLAV001,move to,LOC_중앙킬존남측,2026-09-11T13:30:31,"(21.39020140, -157.74131469)"
FRTRK2001,move to,LOC_남측제1방어선,2026-09-11T13:30:31,"(21.38730186, -157.74452831)"
FRLAV003,move to,LOC_중앙킬존남측,2026-09-11T13:30:31,"(21.39026694, -157.74148699)"
FRTRK2002,move to,LOC_남측제1방어선,2026-09-11T13:30:31,"(21.38725767, -157.74452330)"
FRM113005,move to,LOC_중앙킬존남측,2026-09-11T13:30:31,"(21.39065732, -157.74236670)"
FRM113001,move to,LOC_중앙킬존남측,2026-09-11T13:30:31,"(21.39048226, -157.74203708)"
FRLAV005,move to,LOC_중앙킬존남측,2026-09-11T13:30:31,"(21.39033234, -157.74165908)"
FRTRK1002,move to,LOC_남측제1방어선,2026-09-11T13:30:31,"(21.38739070, -157.74453756)"
FRM113004,move to,LOC_중앙킬존남측,2026-09-11T13:30:31,"(21.39060939, -157.74228583)"
FRLAV007,move to,LOC_중앙킬존남측,2026-09-11T13:30:31,"(21.39044263, -157.74180936)"
FRTRK2003,move to,LOC_남측제1방어선,2026-09-11T13:30:31,"(21.38713845, -157.74437503)"
FRM109004,move to,LOC_중앙킬존남측,2026-09-11T13:30:31,"(21.39087150, -157.74327574)"
FRLAV004,move to,LOC_중앙킬존남측,2026-09-11T13:30:31,"(21.39032153, -157.74156187)"
FRTRK1004,move to,LOC_남측제1방어선,2026-09-11T13:30:31,"(21.38709336, -157.74436723)"
FRTRK2004,move to,LOC_남측제1방어선,2026-09-11T13:30:31,"(21.38717157, -157.74438348)"
FRTRK1003,move to,LOC_남측제1방어선,2026-09-11T13:30:31,"(21.38734635, -157.74453571)"
FRTRK1001,move to,LOC_남측제1방어선,2026-09-11T13:30:31,"(21.38743527, -157.74454137)"
FRM113003,move to,LOC_중앙킬존남측,2026-09-11T13:30:31,"(21.39056588, -157.74220328)"
FRAHS001,FFE-on-Location,LOC_적포병진지,2026-09-11T13:30:31,"(21.39112388, -157.73719220)"
FRCMD002,move to,LOC_북측전방방어선,2026-09-11T13:30:31,"(21.38059814, -157.74947272)"
FRLAV002,move to,LOC_중앙킬존남측,2026-09-11T13:30:31,"(21.39027740, -157.74137780)"
FRLAV006,move to,LOC_중앙킬존남측,2026-09-11T13:30:31,"(21.39039712, -157.74172929)"
FRM113007,move to,LOC_중앙킬존남측,2026-09-11T13:30:31,"(21.39064770, -157.74257049)"
FRM113002,move to,LOC_중앙킬존남측,2026-09-11T13:30:31,"(21.39052632, -157.74211912)"
FRLAV008,move to,LOC_중앙킬존남측,2026-09-11T13:30:31,"(21.39046300, -157.74190136)"
FRM113006,move to,LOC_중앙킬존남측,2026-09-11T13:30:31,"(21.39065368, -157.74246854)"
FRTRK1005,move to,LOC_남측제1방어선,2026-09-11T13:30:31,"(21.38722196, -157.74451804)"
FRLAV001,move to,LOC_중앙킬존남측,2026-09-11T13:30:31,"(21.39020140, -157.74131469)"
FRTRK2001,move to,LOC_남측제1방어선,2026-09-11T13:30:31,"(21.38730186, -157.74452831)"
FRLAV003,move to,LOC_중앙킬존남측,2026-09-11T13:30:31,"(21.39026694, -157.74148699)"
FRTRK2002,move to,LOC_남측제1방어선,2026-09-11T13:30:31,"(21.38725767, -157.74452330)"
FRM113005,move to,LOC_중앙킬존남측,2026-09-11T13:30:31,"(21.39065732, -157.74236670)"
FRM113001,move to,LOC_중앙킬존남측,2026-09-11T13:30:31,"(21.39048226, -157.74203708)"
FRLAV005,move to,LOC_중앙킬존남측,2026-09-11T13:30:31,"(21.39033234, -157.74165908)"
FRTRK1002,move to,LOC_남측제1방어선,2026-09-11T13:30:31,"(21.38739070, -157.74453756)"
FRM113004,move to,LOC_중앙킬존남측,2026-09-11T13:30:31,"(21.39060939, -157.74228583)"
FRLAV007,move to,LOC_중앙킬존남측,2026-09-11T13:30:31,"(21.39044263, -157.74180936)"
FRTRK2003,move to,LOC_남측제1방어선,2026-09-11T13:30:31,"(21.38713845, -157.74437503)"
FRM109004,move to,LOC_중앙킬존남측,2026-09-11T13:30:31,"(21.39087150, -157.74327574)"
FRLAV004,move to,LOC_중앙킬존남측,2026-09-11T13:30:31,"(21.39032153, -157.74156187)"
FRTRK1004,move to,LOC_남측제1방어선,2026-09-11T13:30:31,"(21.38709336, -157.74436723)"
FRTRK2004,move to,LOC_남측제1방어선,2026-09-11T13:30:31,"(21.38717157, -157.74438348)"
FRTRK1003,move to,LOC_남측제1방어선,2026-09-11T13:30:32,"(21.38734635, -157.74453571)"
FRTRK1001,move to,LOC_남측제1방어선,2026-09-11T13:30:32,"(21.38743527, -157.74454137)"
FRM113003,move to,LOC_중앙킬존남측,2026-09-11T13:30:32,"(21.39056588, -157.74220328)"
FRAHS001,FFE-on-Location,LOC_적포병진지,2026-09-11T13:30:32,"(21.39112388, -157.73719220)"
FRCMD002,move to,LOC_북측전방방어선,2026-09-11T13:30:32,"(21.38059814, -157.74947272)"
FRLAV002,move to,LOC_중앙킬존남측,2026-09-11T13:30:32,"(21.39027740, -157.74137780)"
FRLAV006,move to,LOC_중앙킬존남측,2026-09-11T13:30:32,"(21.39039712, -157.74172929)"
FRM113007,move to,LOC_중앙킬존남측,2026-09-11T13:30:32,"(21.39064770, -157.74257049)"
FRM113002,move to,LOC_중앙킬존남측,2026-09-11T13:30:32,"(21.39052632, -157.74211912)"
FRLAV008,move to,LOC_중앙킬존남측,2026-09-11T13:30:32,"(21.39046300, -157.74190136)"
FRM113006,move to,LOC_중앙킬존남측,2026-09-11T13:30:32,"(21.39065368, -157.74246854)"
FRTRK1005,move to,LOC_남측제1방어선,2026-09-11T13:30:32,"(21.38722196, -157.74451804)"
FRLAV001,move to,LOC_중앙킬존남측,2026-09-11T13:30:32,"(21.39020140, -157.74131469)"
FRTRK2001,move to,LOC_남측제1방어선,2026-09-11T13:30:32,"(21.38730186, -157.74452831)"
FRLAV003,move to,LOC_중앙킬존남측,2026-09-11T13:30:32,"(21.39026694, -157.74148699)"
FRTRK2002,move to,LOC_남측제1방어선,2026-09-11T13:30:32,"(21.38725767, -157.74452330)"
FRM113005,move to,LOC_중앙킬존남측,2026-09-11T13:30:32,"(21.39065732, -157.74236670)"
FRM113001,move to,LOC_중앙킬존남측,2026-09-11T13:30:32,"(21.39048226, -157.74203708)"
FRLAV005,move to,LOC_중앙킬존남측,2026-09-11T13:30:32,"(21.39033234, -157.74165908)"
FRTRK1002,move to,LOC_남측제1방어선,2026-09-11T13:30:32,"(21.38739070, -157.74453756)"
FRM113004,move to,LOC_중앙킬존남측,2026-09-11T13:30:32,"(21.39060939, -157.74228583)"
FRLAV007,move to,LOC_중앙킬존남측,2026-09-11T13:30:32,"(21.39044263, -157.74180936)"
FRTRK2003,move to,LOC_남측제1방어선,2026-09-11T13:30:32,"(21.38713845, -157.74437503)"
FRM109004,move to,LOC_중앙킬존남측,2026-09-11T13:30:32,"(21.39087150, -157.74327574)"
FRLAV004,move to,LOC_중앙킬존남측,2026-09-11T13:30:32,"(21.39032153, -157.74156187)"
FRTRK1004,move to,LOC_남측제1방어선,2026-09-11T13:30:32,"(21.38709336, -157.74436723)"
FRTRK2004,move to,LOC_남측제1방어선,2026-09-11T13:30:32,"(21.38717157, -157.74438348)"
FRTRK1003,move to,LOC_남측제1방어선,2026-09-11T13:30:32,"(21.38734635, -157.74453571)"
FRTRK1001,move to,LOC_남측제1방어선,2026-09-11T13:30:32,"(21.38743527, -157.74454137)"
FRM113003,move to,LOC_중앙킬존남측,2026-09-11T13:30:32,"(21.39056588, -157.74220328)"
FRAHS001,FFE-on-Location,LOC_적포병진지,2026-09-11T13:30:32,"(21.39112388, -157.73719220)"
FRCMD002,move to,LOC_북측전방방어선,2026-09-11T13:30:32,"(21.38059814, -157.74947272)"
FRLAV002,move to,LOC_중앙킬존남측,2026-09-11T13:30:32,"(21.39027740, -157.74137780)"
FRLAV006,move to,LOC_중앙킬존남측,2026-09-11T13:30:32,"(21.39039712, -157.74172929)"
FRM113007,move to,LOC_중앙킬존남측,2026-09-11T13:30:32,"(21.39064770, -157.74257049)"
FRM113002,move to,LOC_중앙킬존남측,2026-09-11T13:30:32,"(21.39052632, -157.74211912)"
FRLAV008,move to,LOC_중앙킬존남측,2026-09-11T13:30:32,"(21.39046300, -157.74190136)"
FRM113006,move to,LOC_중앙킬존남측,2026-09-11T13:30:32,"(21.39065368, -157.74246854)"
FRTRK1005,move to,LOC_남측제1방어선,2026-09-11T13:30:32,"(21.38722196, -157.74451804)"
FRLAV001,move to,LOC_중앙킬존남측,2026-09-11T13:30:32,"(21.39020140, -157.74131469)"
FRTRK2001,move to,LOC_남측제1방어선,2026-09-11T13:30:32,"(21.38730186, -157.74452831)"
FRLAV003,move to,LOC_중앙킬존남측,2026-09-11T13:30:32,"(21.39026694, -157.74148699)"
FRTRK2002,move to,LOC_남측제1방어선,2026-09-11T13:30:32,"(21.38725767, -157.74452330)"
FRM113005,move to,LOC_중앙킬존남측,2026-09-11T13:30:32,"(21.39065732, -157.74236670)"
FRM113001,move to,LOC_중앙킬존남측,2026-09-11T13:30:32,"(21.39048226, -157.74203708)"
FRLAV005,move to,LOC_중앙킬존남측,2026-09-11T13:30:32,"(21.39033234, -157.74165908)"
FRTRK1002,move to,LOC_남측제1방어선,2026-09-11T13:30:32,"(21.38739070, -157.74453756)"
FRM113004,move to,LOC_중앙킬존남측,2026-09-11T13:30:32,"(21.39060939, -157.74228583)"
FRLAV007,move to,LOC_중앙킬존남측,2026-09-11T13:30:32,"(21.39044263, -157.74180936)"
FRTRK2003,move to,LOC_남측제1방어선,2026-09-11T13:30:32,"(21.38713845, -157.74437503)"
FRM109004,move to,LOC_중앙킬존남측,2026-09-11T13:30:32,"(21.39087150, -157.74327574)"
FRLAV004,move to,LOC_중앙킬존남측,2026-09-11T13:30:32,"(21.39032153, -157.74156187)"
FRTRK1004,move to,LOC_남측제1방어선,2026-09-11T13:30:32,"(21.38709336, -157.74436723)"
FRTRK2004,move to,LOC_남측제1방어선,2026-09-11T13:30:32,"(21.38717157, -157.74438348)"
FRTRK1003,move to,LOC_남측제1방어선,2026-09-11T13:30:33,"(21.38734601, -157.74453314)"
FRTRK1001,move to,LOC_남측제1방어선,2026-09-11T13:30:33,"(21.38743568, -157.74454416)"
FRM113003,move to,LOC_중앙킬존남측,2026-09-11T13:30:33,"(21.39056572, -157.74220335)"
FRAHS001,FFE-on-Location,LOC_적포병진지,2026-09-11T13:30:33,"(21.39112388, -157.73719220)"
FRCMD002,move to,LOC_북측전방방어선,2026-09-11T13:30:33,"(21.38057946, -157.74945455)"
FRLAV002,move to,LOC_중앙킬존남측,2026-09-11T13:30:33,"(21.39027553, -157.74137880)"
FRLAV006,move to,LOC_중앙킬존남측,2026-09-11T13:30:33,"(21.39039647, -157.74172961)"
FRM113007,move to,LOC_중앙킬존남측,2026-09-11T13:30:33,"(21.39064610, -157.74257112)"
FRM113002,move to,LOC_중앙킬존남측,2026-09-11T13:30:33,"(21.39052621, -157.74211918)"
FRLAV008,move to,LOC_중앙킬존남측,2026-09-11T13:30:33,"(21.39046468, -157.74190057)"
FRM113006,move to,LOC_중앙킬존남측,2026-09-11T13:30:33,"(21.39065233, -157.74246909)"
FRTRK1005,move to,LOC_남측제1방어선,2026-09-11T13:30:33,"(21.38722179, -157.74451654)"
FRLAV001,move to,LOC_중앙킬존남측,2026-09-11T13:30:33,"(21.39020301, -157.74131381)"
FRTRK2001,move to,LOC_남측제1방어선,2026-09-11T13:30:33,"(21.38730210, -157.74453020)"
FRLAV003,move to,LOC_중앙킬존남측,2026-09-11T13:30:33,"(21.39026753, -157.74148668)"
FRTRK2002,move to,LOC_남측제1방어선,2026-09-11T13:30:33,"(21.38725787, -157.74452503)"
FRM113005,move to,LOC_중앙킬존남측,2026-09-11T13:30:33,"(21.39065734, -157.74236669)"
FRM113001,move to,LOC_중앙킬존남측,2026-09-11T13:30:33,"(21.39048176, -157.74203730)"
FRLAV005,move to,LOC_중앙킬존남측,2026-09-11T13:30:33,"(21.39033246, -157.74165902)"
FRTRK1002,move to,LOC_남측제1방어선,2026-09-11T13:30:33,"(21.38739110, -157.74454040)"
FRM113004,move to,LOC_중앙킬존남측,2026-09-11T13:30:33,"(21.39060973, -157.74228569)"
FRLAV007,move to,LOC_중앙킬존남측,2026-09-11T13:30:33,"(21.39044332, -157.74180902)"
FRTRK2003,move to,LOC_남측제1방어선,2026-09-11T13:30:33,"(21.38713819, -157.74437235)"
FRM109004,move to,LOC_중앙킬존남측,2026-09-11T13:30:33,"(21.39087412, -157.74327492)"
FRLAV004,move to,LOC_중앙킬존남측,2026-09-11T13:30:33,"(21.39032022, -157.74156253)"
FRTRK1004,move to,LOC_남측제1방어선,2026-09-11T13:30:33,"(21.38709359, -157.74436986)"
FRTRK2004,move to,LOC_남측제1방어선,2026-09-11T13:30:33,"(21.38717149, -157.74438272)"
FRTRK1003,move to,LOC_남측제1방어선,2026-09-11T13:30:33,"(21.38734601, -157.74453314)"
FRTRK1001,move to,LOC_남측제1방어선,2026-09-11T13:30:33,"(21.38743568, -157.74454416)"
FRM113003,move to,LOC_중앙킬존남측,2026-09-11T13:30:33,"(21.39056572, -157.74220335)"
FRAHS001,FFE-on-Location,LOC_적포병진지,2026-09-11T13:30:33,"(21.39112388, -157.73719220)"
FRCMD002,move to,LOC_북측전방방어선,2026-09-11T13:30:33,"(21.38057946, -157.74945455)"
FRLAV002,move to,LOC_중앙킬존남측,2026-09-11T13:30:33,"(21.39027553, -157.74137880)"
FRLAV006,move to,LOC_중앙킬존남측,2026-09-11T13:30:33,"(21.39039647, -157.74172961)"
FRM113007,move to,LOC_중앙킬존남측,2026-09-11T13:30:33,"(21.39064610, -157.74257112)"
FRM113002,move to,LOC_중앙킬존남측,2026-09-11T13:30:33,"(21.39052621, -157.74211918)"
FRLAV008,move to,LOC_중앙킬존남측,2026-09-11T13:30:33,"(21.39046468, -157.74190057)"
FRM113006,move to,LOC_중앙킬존남측,2026-09-11T13:30:33,"(21.39065233, -157.74246909)"
FRTRK1005,move to,LOC_남측제1방어선,2026-09-11T13:30:33,"(21.38722179, -157.74451654)"
FRLAV001,move to,LOC_중앙킬존남측,2026-09-11T13:30:33,"(21.39020301, -157.74131381)"
FRTRK2001,move to,LOC_남측제1방어선,2026-09-11T13:30:33,"(21.38730210, -157.74453020)"
FRLAV003,move to,LOC_중앙킬존남측,2026-09-11T13:30:33,"(21.39026753, -157.74148668)"
FRTRK2002,move to,LOC_남측제1방어선,2026-09-11T13:30:33,"(21.38725787, -157.74452503)"
FRM113005,move to,LOC_중앙킬존남측,2026-09-11T13:30:33,"(21.39065734, -157.74236669)"
FRM113001,move to,LOC_중앙킬존남측,2026-09-11T13:30:33,"(21.39048176, -157.74203730)"
FRLAV005,move to,LOC_중앙킬존남측,2026-09-11T13:30:33,"(21.39033246, -157.74165902)"
FRTRK1002,move to,LOC_남측제1방어선,2026-09-11T13:30:33,"(21.38739110, -157.74454040)"
FRM113004,move to,LOC_중앙킬존남측,2026-09-11T13:30:33,"(21.39060973, -157.74228569)"
FRLAV007,move to,LOC_중앙킬존남측,2026-09-11T13:30:33,"(21.39044332, -157.74180902)"
FRTRK2003,move to,LOC_남측제1방어선,2026-09-11T13:30:33,"(21.38713819, -157.74437235)"
FRM109004,move to,LOC_중앙킬존남측,2026-09-11T13:30:33,"(21.39087412, -157.74327492)"
FRLAV004,move to,LOC_중앙킬존남측,2026-09-11T13:30:33,"(21.39032022, -157.74156253)"
FRTRK1004,move to,LOC_남측제1방어선,2026-09-11T13:30:33,"(21.38709359, -157.74436986)"
FRTRK2004,move to,LOC_남측제1방어선,2026-09-11T13:30:33,"(21.38717149, -157.74438272)"
FRTRK1003,move to,LOC_남측제1방어선,2026-09-11T13:30:34,"(21.38734601, -157.74453314)"
FRTRK1001,move to,LOC_남측제1방어선,2026-09-11T13:30:34,"(21.38743568, -157.74454416)"
FRM113003,move to,LOC_중앙킬존남측,2026-09-11T13:30:34,"(21.39056572, -157.74220335)"
FRAHS001,FFE-on-Location,LOC_적포병진지,2026-09-11T13:30:34,"(21.39112388, -157.73719220)"
FRCMD002,move to,LOC_북측전방방어선,2026-09-11T13:30:34,"(21.38057946, -157.74945455)"
FRLAV002,move to,LOC_중앙킬존남측,2026-09-11T13:30:34,"(21.39027553, -157.74137880)"
FRLAV006,move to,LOC_중앙킬존남측,2026-09-11T13:30:34,"(21.39039647, -157.74172961)"
FRM113007,move to,LOC_중앙킬존남측,2026-09-11T13:30:34,"(21.39064610, -157.74257112)"
FRM113002,move to,LOC_중앙킬존남측,2026-09-11T13:30:34,"(21.39052621, -157.74211918)"
FRLAV008,move to,LOC_중앙킬존남측,2026-09-11T13:30:34,"(21.39046468, -157.74190057)"
FRM113006,move to,LOC_중앙킬존남측,2026-09-11T13:30:34,"(21.39065233, -157.74246909)"
FRTRK1005,move to,LOC_남측제1방어선,2026-09-11T13:30:34,"(21.38722179, -157.74451654)"
FRLAV001,move to,LOC_중앙킬존남측,2026-09-11T13:30:34,"(21.39020301, -157.74131381)"
FRTRK2001,move to,LOC_남측제1방어선,2026-09-11T13:30:34,"(21.38730210, -157.74453020)"
FRLAV003,move to,LOC_중앙킬존남측,2026-09-11T13:30:34,"(21.39026753, -157.74148668)"
FRTRK2002,move to,LOC_남측제1방어선,2026-09-11T13:30:34,"(21.38725787, -157.74452503)"
FRM113005,move to,LOC_중앙킬존남측,2026-09-11T13:30:34,"(21.39065734, -157.74236669)"
FRM113001,move to,LOC_중앙킬존남측,2026-09-11T13:30:34,"(21.39048176, -157.74203730)"
FRLAV005,move to,LOC_중앙킬존남측,2026-09-11T13:30:34,"(21.39033246, -157.74165902)"
FRTRK1002,move to,LOC_남측제1방어선,2026-09-11T13:30:34,"(21.38739110, -157.74454040)"
FRM113004,move to,LOC_중앙킬존남측,2026-09-11T13:30:34,"(21.39060973, -157.74228569)"
FRLAV007,move to,LOC_중앙킬존남측,2026-09-11T13:30:34,"(21.39044332, -157.74180902)"
FRTRK2003,move to,LOC_남측제1방어선,2026-09-11T13:30:34,"(21.38713819, -157.74437235)"
FRM109004,move to,LOC_중앙킬존남측,2026-09-11T13:30:34,"(21.39087412, -157.74327492)"
FRLAV004,move to,LOC_중앙킬존남측,2026-09-11T13:30:34,"(21.39032022, -157.74156253)"
FRTRK1004,move to,LOC_남측제1방어선,2026-09-11T13:30:34,"(21.38709359, -157.74436986)"
FRTRK2004,move to,LOC_남측제1방어선,2026-09-11T13:30:34,"(21.38717149, -157.74438272)"
FRTRK1003,move to,LOC_남측제1방어선,2026-09-11T13:30:34,"(21.38734601, -157.74453314)"
FRTRK1001,move to,LOC_남측제1방어선,2026-09-11T13:30:34,"(21.38743568, -157.74454416)"
FRM113003,move to,LOC_중앙킬존남측,2026-09-11T13:30:34,"(21.39056572, -157.74220335)"
FRAHS001,FFE-on-Location,LOC_적포병진지,2026-09-11T13:30:34,"(21.39112388, -157.73719220)"
FRCMD002,move to,LOC_북측전방방어선,2026-09-11T13:30:34,"(21.38057946, -157.74945455)"
FRLAV002,move to,LOC_중앙킬존남측,2026-09-11T13:30:34,"(21.39027553, -157.74137880)"
FRLAV006,move to,LOC_중앙킬존남측,2026-09-11T13:30:34,"(21.39039647, -157.74172961)"
FRM113007,move to,LOC_중앙킬존남측,2026-09-11T13:30:34,"(21.39064610, -157.74257112)"
FRM113002,move to,LOC_중앙킬존남측,2026-09-11T13:30:34,"(21.39052621, -157.74211918)"
FRLAV008,move to,LOC_중앙킬존남측,2026-09-11T13:30:34,"(21.39046468, -157.74190057)"
FRM113006,move to,LOC_중앙킬존남측,2026-09-11T13:30:34,"(21.39065233, -157.74246909)"
FRTRK1005,move to,LOC_남측제1방어선,2026-09-11T13:30:34,"(21.38722179, -157.74451654)"
FRLAV001,move to,LOC_중앙킬존남측,2026-09-11T13:30:34,"(21.39020301, -157.74131381)"
FRTRK2001,move to,LOC_남측제1방어선,2026-09-11T13:30:34,"(21.38730210, -157.74453020)"
FRLAV003,move to,LOC_중앙킬존남측,2026-09-11T13:30:34,"(21.39026753, -157.74148668)"
FRTRK2002,move to,LOC_남측제1방어선,2026-09-11T13:30:34,"(21.38725787, -157.74452503)"
FRM113005,move to,LOC_중앙킬존남측,2026-09-11T13:30:34,"(21.39065734, -157.74236669)"
FRM113001,move to,LOC_중앙킬존남측,2026-09-11T13:30:34,"(21.39048176, -157.74203730)"
FRLAV005,move to,LOC_중앙킬존남측,2026-09-11T13:30:34,"(21.39033246, -157.74165902)"
FRTRK1002,move to,LOC_남측제1방어선,2026-09-11T13:30:34,"(21.38739110, -157.74454040)"
FRM113004,move to,LOC_중앙킬존남측,2026-09-11T13:30:34,"(21.39060973, -157.74228569)"
FRLAV007,move to,LOC_중앙킬존남측,2026-09-11T13:30:34,"(21.39044332, -157.74180902)"
FRTRK2003,move to,LOC_남측제1방어선,2026-09-11T13:30:34,"(21.38713819, -157.74437235)"
FRM109004,move to,LOC_중앙킬존남측,2026-09-11T13:30:34,"(21.39087412, -157.74327492)"
FRLAV004,move to,LOC_중앙킬존남측,2026-09-11T13:30:34,"(21.39032022, -157.74156253)"
FRTRK1004,move to,LOC_남측제1방어선,2026-09-11T13:30:34,"(21.38709359, -157.74436986)"
FRTRK2004,move to,LOC_남측제1방어선,2026-09-11T13:30:34,"(21.38717149, -157.74438272)"
FRTRK1003,move to,LOC_남측제1방어선,2026-09-11T13:30:35,"(21.38734592, -157.74453241)"
FRTRK1001,move to,LOC_남측제1방어선,2026-09-11T13:30:35,"(21.38743581, -157.74454508)"
FRM113003,move to,LOC_중앙킬존남측,2026-09-11T13:30:35,"(21.39056587, -157.74220329)"
FRAHS001,FFE-on-Location,LOC_적포병진지,2026-09-11T13:30:35,"(21.39112388, -157.73719220)"
FRCMD002,move to,LOC_북측전방방어선,2026-09-11T13:30:35,"(21.38056002, -157.74943565)"
FRLAV002,move to,LOC_중앙킬존남측,2026-09-11T13:30:35,"(21.39027304, -157.74138013)"
FRLAV006,move to,LOC_중앙킬존남측,2026-09-11T13:30:35,"(21.39039644, -157.74172962)"
FRM113002,move to,LOC_중앙킬존남측,2026-09-11T13:30:35,"(21.39052666, -157.74211897)"
FRLAV008,move to,LOC_중앙킬존남측,2026-09-11T13:30:35,"(21.39046642, -157.74189975)"
FRTRK1005,move to,LOC_남측제1방어선,2026-09-11T13:30:35,"(21.38722154, -157.74451425)"
FRLAV001,move to,LOC_중앙킬존남측,2026-09-11T13:30:35,"(21.39020464, -157.74131292)"
FRTRK2001,move to,LOC_남측제1방어선,2026-09-11T13:30:35,"(21.38730245, -157.74453307)"
FRLAV003,move to,LOC_중앙킬존남측,2026-09-11T13:30:35,"(21.39026874, -157.74148605)"
FRTRK2002,move to,LOC_남측제1방어선,2026-09-11T13:30:35,"(21.38725816, -157.74452758)"
FRM113001,move to,LOC_중앙킬존남측,2026-09-11T13:30:35,"(21.39048175, -157.74203731)"
FRLAV005,move to,LOC_중앙킬존남측,2026-09-11T13:30:35,"(21.39033364, -157.74165843)"
FRTRK1002,move to,LOC_남측제1방어선,2026-09-11T13:30:35,"(21.38739125, -157.74454147)"
FRM113004,move to,LOC_중앙킬존남측,2026-09-11T13:30:35,"(21.39061040, -157.74228541)"
FRLAV007,move to,LOC_중앙킬존남측,2026-09-11T13:30:35,"(21.39044484, -157.74180829)"
FRTRK2003,move to,LOC_남측제1방어선,2026-09-11T13:30:35,"(21.38713805, -157.74437089)"
FRLAV004,move to,LOC_중앙킬존남측,2026-09-11T13:30:35,"(21.39031881, -157.74156326)"
FRTRK1004,move to,LOC_남측제1방어선,2026-09-11T13:30:35,"(21.38709374, -157.74437149)"
FRTRK2004,move to,LOC_남측제1방어선,2026-09-11T13:30:35,"(21.38717123, -157.74438010)"
FRTRK1003,move to,LOC_남측제1방어선,2026-09-11T13:30:35,"(21.38734592, -157.74453241)"
FRTRK1001,move to,LOC_남측제1방어선,2026-09-11T13:30:35,"(21.38743581, -157.74454508)"
FRM113003,move to,LOC_중앙킬존남측,2026-09-11T13:30:35,"(21.39056587, -157.74220329)"
FRAHS001,FFE-on-Location,LOC_적포병진지,2026-09-11T13:30:35,"(21.39112388, -157.73719220)"
FRCMD002,move to,LOC_북측전방방어선,2026-09-11T13:30:35,"(21.38056002, -157.74943565)"
FRLAV002,move to,LOC_중앙킬존남측,2026-09-11T13:30:35,"(21.39027304, -157.74138013)"
FRLAV006,move to,LOC_중앙킬존남측,2026-09-11T13:30:35,"(21.39039644, -157.74172962)"
FRM113002,move to,LOC_중앙킬존남측,2026-09-11T13:30:35,"(21.39052666, -157.74211897)"
FRLAV008,move to,LOC_중앙킬존남측,2026-09-11T13:30:35,"(21.39046642, -157.74189975)"
FRTRK1005,move to,LOC_남측제1방어선,2026-09-11T13:30:35,"(21.38722154, -157.74451425)"
FRLAV001,move to,LOC_중앙킬존남측,2026-09-11T13:30:35,"(21.39020464, -157.74131292)"
FRTRK2001,move to,LOC_남측제1방어선,2026-09-11T13:30:35,"(21.38730245, -157.74453307)"
FRLAV003,move to,LOC_중앙킬존남측,2026-09-11T13:30:35,"(21.39026874, -157.74148605)"
FRTRK2002,move to,LOC_남측제1방어선,2026-09-11T13:30:35,"(21.38725816, -157.74452758)"
FRM113001,move to,LOC_중앙킬존남측,2026-09-11T13:30:35,"(21.39048175, -157.74203731)"
FRLAV005,move to,LOC_중앙킬존남측,2026-09-11T13:30:35,"(21.39033364, -157.74165843)"
FRTRK1002,move to,LOC_남측제1방어선,2026-09-11T13:30:35,"(21.38739125, -157.74454147)"
FRM113004,move to,LOC_중앙킬존남측,2026-09-11T13:30:35,"(21.39061040, -157.74228541)"
FRLAV007,move to,LOC_중앙킬존남측,2026-09-11T13:30:35,"(21.39044484, -157.74180829)"
FRTRK2003,move to,LOC_남측제1방어선,2026-09-11T13:30:35,"(21.38713805, -157.74437089)"
FRLAV004,move to,LOC_중앙킬존남측,2026-09-11T13:30:35,"(21.39031881, -157.74156326)"
FRTRK1004,move to,LOC_남측제1방어선,2026-09-11T13:30:35,"(21.38709374, -157.74437149)"
FRTRK2004,move to,LOC_남측제1방어선,2026-09-11T13:30:35,"(21.38717123, -157.74438010)"
FRTRK1003,move to,LOC_남측제1방어선,2026-09-11T13:30:36,"(21.38734592, -157.74453241)"
FRTRK1001,move to,LOC_남측제1방어선,2026-09-11T13:30:36,"(21.38743581, -157.74454508)"
FRM113003,move to,LOC_중앙킬존남측,2026-09-11T13:30:36,"(21.39056587, -157.74220329)"
FRAHS001,FFE-on-Location,LOC_적포병진지,2026-09-11T13:30:36,"(21.39112388, -157.73719220)"
FRCMD002,move to,LOC_북측전방방어선,2026-09-11T13:30:36,"(21.38056002, -157.74943565)"
FRLAV002,move to,LOC_중앙킬존남측,2026-09-11T13:30:36,"(21.39027304, -157.74138013)"
FRLAV006,move to,LOC_중앙킬존남측,2026-09-11T13:30:36,"(21.39039644, -157.74172962)"
FRM113002,move to,LOC_중앙킬존남측,2026-09-11T13:30:36,"(21.39052666, -157.74211897)"
FRLAV008,move to,LOC_중앙킬존남측,2026-09-11T13:30:36,"(21.39046642, -157.74189975)"
FRTRK1005,move to,LOC_남측제1방어선,2026-09-11T13:30:36,"(21.38722154, -157.74451425)"
FRLAV001,move to,LOC_중앙킬존남측,2026-09-11T13:30:36,"(21.39020464, -157.74131292)"
FRTRK2001,move to,LOC_남측제1방어선,2026-09-11T13:30:36,"(21.38730245, -157.74453307)"
FRLAV003,move to,LOC_중앙킬존남측,2026-09-11T13:30:36,"(21.39026874, -157.74148605)"
FRTRK2002,move to,LOC_남측제1방어선,2026-09-11T13:30:36,"(21.38725816, -157.74452758)"
FRM113001,move to,LOC_중앙킬존남측,2026-09-11T13:30:36,"(21.39048175, -157.74203731)"
FRLAV005,move to,LOC_중앙킬존남측,2026-09-11T13:30:36,"(21.39033364, -157.74165843)"
FRTRK1002,move to,LOC_남측제1방어선,2026-09-11T13:30:36,"(21.38739125, -157.74454147)"
FRM113004,move to,LOC_중앙킬존남측,2026-09-11T13:30:36,"(21.39061040, -157.74228541)"
FRLAV007,move to,LOC_중앙킬존남측,2026-09-11T13:30:36,"(21.39044484, -157.74180829)"
FRTRK2003,move to,LOC_남측제1방어선,2026-09-11T13:30:36,"(21.38713805, -157.74437089)"
FRLAV004,move to,LOC_중앙킬존남측,2026-09-11T13:30:36,"(21.39031881, -157.74156326)"
FRTRK1004,move to,LOC_남측제1방어선,2026-09-11T13:30:36,"(21.38709374, -157.74437149)"
FRTRK2004,move to,LOC_남측제1방어선,2026-09-11T13:30:36,"(21.38717123, -157.74438010)"
FRTRK1003,move to,LOC_남측제1방어선,2026-09-11T13:30:36,"(21.38734592, -157.74453241)"
FRTRK1001,move to,LOC_남측제1방어선,2026-09-11T13:30:36,"(21.38743581, -157.74454508)"
FRM113003,move to,LOC_중앙킬존남측,2026-09-11T13:30:36,"(21.39056587, -157.74220329)"
FRAHS001,FFE-on-Location,LOC_적포병진지,2026-09-11T13:30:36,"(21.39112388, -157.73719220)"
FRCMD002,move to,LOC_북측전방방어선,2026-09-11T13:30:36,"(21.38056002, -157.74943565)"
FRLAV002,move to,LOC_중앙킬존남측,2026-09-11T13:30:36,"(21.39027304, -157.74138013)"
FRLAV006,move to,LOC_중앙킬존남측,2026-09-11T13:30:36,"(21.39039644, -157.74172962)"
FRM113002,move to,LOC_중앙킬존남측,2026-09-11T13:30:36,"(21.39052666, -157.74211897)"
FRLAV008,move to,LOC_중앙킬존남측,2026-09-11T13:30:36,"(21.39046642, -157.74189975)"
FRTRK1005,move to,LOC_남측제1방어선,2026-09-11T13:30:36,"(21.38722154, -157.74451425)"
FRLAV001,move to,LOC_중앙킬존남측,2026-09-11T13:30:36,"(21.39020464, -157.74131292)"
FRTRK2001,move to,LOC_남측제1방어선,2026-09-11T13:30:36,"(21.38730245, -157.74453307)"
FRLAV003,move to,LOC_중앙킬존남측,2026-09-11T13:30:36,"(21.39026874, -157.74148605)"
FRTRK2002,move to,LOC_남측제1방어선,2026-09-11T13:30:36,"(21.38725816, -157.74452758)"
FRM113001,move to,LOC_중앙킬존남측,2026-09-11T13:30:36,"(21.39048175, -157.74203731)"
FRLAV005,move to,LOC_중앙킬존남측,2026-09-11T13:30:36,"(21.39033364, -157.74165843)"
FRTRK1002,move to,LOC_남측제1방어선,2026-09-11T13:30:36,"(21.38739125, -157.74454147)"
FRM113004,move to,LOC_중앙킬존남측,2026-09-11T13:30:36,"(21.39061040, -157.74228541)"
FRLAV007,move to,LOC_중앙킬존남측,2026-09-11T13:30:36,"(21.39044484, -157.74180829)"
FRTRK2003,move to,LOC_남측제1방어선,2026-09-11T13:30:36,"(21.38713805, -157.74437089)"
FRLAV004,move to,LOC_중앙킬존남측,2026-09-11T13:30:36,"(21.39031881, -157.74156326)"
FRTRK1004,move to,LOC_남측제1방어선,2026-09-11T13:30:36,"(21.38709374, -157.74437149)"
FRTRK2004,move to,LOC_남측제1방어선,2026-09-11T13:30:36,"(21.38717123, -157.74438010)"
FRTRK1003,move to,LOC_남측제1방어선,2026-09-11T13:30:37,"(21.38734614, -157.74453411)"
FRTRK1001,move to,LOC_남측제1방어선,2026-09-11T13:30:37,"(21.38743556, -157.74454336)"
FRAHS001,FFE-on-Location,LOC_적포병진지,2026-09-11T13:30:37,"(21.39112388, -157.73719220)"
FRLAV002,move to,LOC_중앙킬존남측,2026-09-11T13:30:37,"(21.39027158, -157.74138091)"
FRTRK1005,move to,LOC_남측제1방어선,2026-09-11T13:30:37,"(21.38722134, -157.74451236)"
FRLAV001,move to,LOC_중앙킬존남측,2026-09-11T13:30:37,"(21.39020005, -157.74131542)"
FRTRK2001,move to,LOC_남측제1방어선,2026-09-11T13:30:37,"(21.38730266, -157.74453472)"
FRTRK2002,move to,LOC_남측제1방어선,2026-09-11T13:30:37,"(21.38725836, -157.74452932)"
FRTRK1002,move to,LOC_남측제1방어선,2026-09-11T13:30:37,"(21.38739102, -157.74453988)"
FRTRK2003,move to,LOC_남측제1방어선,2026-09-11T13:30:37,"(21.38713813, -157.74437170)"
FRTRK1004,move to,LOC_남측제1방어선,2026-09-11T13:30:37,"(21.38709370, -157.74437105)"
FRTRK2004,move to,LOC_남측제1방어선,2026-09-11T13:30:37,"(21.38717097, -157.74437765)"
FRTRK1003,move to,LOC_남측제1방어선,2026-09-11T13:30:37,"(21.38734614, -157.74453411)"
FRTRK1001,move to,LOC_남측제1방어선,2026-09-11T13:30:37,"(21.38743556, -157.74454336)"
FRAHS001,FFE-on-Location,LOC_적포병진지,2026-09-11T13:30:37,"(21.39112388, -157.73719220)"
FRLAV002,move to,LOC_중앙킬존남측,2026-09-11T13:30:37,"(21.39027158, -157.74138091)"
FRTRK1005,move to,LOC_남측제1방어선,2026-09-11T13:30:37,"(21.38722134, -157.74451236)"
FRLAV001,move to,LOC_중앙킬존남측,2026-09-11T13:30:37,"(21.39020005, -157.74131542)"
FRTRK2001,move to,LOC_남측제1방어선,2026-09-11T13:30:37,"(21.38730266, -157.74453472)"
FRTRK2002,move to,LOC_남측제1방어선,2026-09-11T13:30:37,"(21.38725836, -157.74452932)"
FRTRK1002,move to,LOC_남측제1방어선,2026-09-11T13:30:37,"(21.38739102, -157.74453988)"
FRTRK2003,move to,LOC_남측제1방어선,2026-09-11T13:30:37,"(21.38713813, -157.74437170)"
FRTRK1004,move to,LOC_남측제1방어선,2026-09-11T13:30:37,"(21.38709370, -157.74437105)"
FRTRK2004,move to,LOC_남측제1방어선,2026-09-11T13:30:37,"(21.38717097, -157.74437765)"
FRTRK1003,move to,LOC_남측제1방어선,2026-09-11T13:30:38,"(21.38734614, -157.74453411)"
FRTRK1001,move to,LOC_남측제1방어선,2026-09-11T13:30:38,"(21.38743556, -157.74454336)"
FRAHS001,FFE-on-Location,LOC_적포병진지,2026-09-11T13:30:38,"(21.39112388, -157.73719220)"
FRLAV002,move to,LOC_중앙킬존남측,2026-09-11T13:30:38,"(21.39027158, -157.74138091)"
FRTRK1005,move to,LOC_남측제1방어선,2026-09-11T13:30:38,"(21.38722134, -157.74451236)"
FRLAV001,move to,LOC_중앙킬존남측,2026-09-11T13:30:38,"(21.39020005, -157.74131542)"
FRTRK2001,move to,LOC_남측제1방어선,2026-09-11T13:30:38,"(21.38730266, -157.74453472)"
FRTRK2002,move to,LOC_남측제1방어선,2026-09-11T13:30:38,"(21.38725836, -157.74452932)"
FRTRK1002,move to,LOC_남측제1방어선,2026-09-11T13:30:38,"(21.38739102, -157.74453988)"
FRTRK2003,move to,LOC_남측제1방어선,2026-09-11T13:30:38,"(21.38713813, -157.74437170)"
FRTRK1004,move to,LOC_남측제1방어선,2026-09-11T13:30:38,"(21.38709370, -157.74437105)"
FRTRK2004,move to,LOC_남측제1방어선,2026-09-11T13:30:38,"(21.38717097, -157.74437765)"
FRTRK1003,move to,LOC_남측제1방어선,2026-09-11T13:30:38,"(21.38734614, -157.74453411)"
FRTRK1001,move to,LOC_남측제1방어선,2026-09-11T13:30:38,"(21.38743556, -157.74454336)"
FRAHS001,FFE-on-Location,LOC_적포병진지,2026-09-11T13:30:38,"(21.39112388, -157.73719220)"
FRLAV002,move to,LOC_중앙킬존남측,2026-09-11T13:30:38,"(21.39027158, -157.74138091)"
FRTRK1005,move to,LOC_남측제1방어선,2026-09-11T13:30:38,"(21.38722134, -157.74451236)"
FRLAV001,move to,LOC_중앙킬존남측,2026-09-11T13:30:38,"(21.39020005, -157.74131542)"
FRTRK2001,move to,LOC_남측제1방어선,2026-09-11T13:30:38,"(21.38730266, -157.74453472)"
FRTRK2002,move to,LOC_남측제1방어선,2026-09-11T13:30:38,"(21.38725836, -157.74452932)"
FRTRK1002,move to,LOC_남측제1방어선,2026-09-11T13:30:38,"(21.38739102, -157.74453988)"
FRTRK2003,move to,LOC_남측제1방어선,2026-09-11T13:30:38,"(21.38713813, -157.74437170)"
FRTRK1004,move to,LOC_남측제1방어선,2026-09-11T13:30:38,"(21.38709370, -157.74437105)"
FRTRK2004,move to,LOC_남측제1방어선,2026-09-11T13:30:38,"(21.38717097, -157.74437765)"
FRAHS001,FFE-on-Location,LOC_적포병진지,2026-09-11T13:30:39,"(21.39112388, -157.73719220)"
FRAHS001,FFE-on-Location,LOC_적포병진지,2026-09-11T13:30:39,"(21.39112388, -157.73719220)"
FRAHS001,FFE-on-Location,LOC_적포병진지,2026-09-11T13:30:40,"(21.39112388, -157.73719220)"
FRAHS001,FFE-on-Location,LOC_적포병진지,2026-09-11T13:30:40,"(21.39112388, -157.73719220)"
ENM35001,move to,LOC_적북측접근로,2026-09-11T13:30:41,"(21.37135264, -157.74164519)"
ENM35001,move to,LOC_적북측접근로,2026-09-11T13:30:41,"(21.37135264, -157.74164519)"
ENM35001,move to,LOC_적북측접근로,2026-09-11T13:30:42,"(21.37135264, -157.74164519)"
ENM35001,move to,LOC_적북측접근로,2026-09-11T13:30:42,"(21.37135264, -157.74164519)"
ENM35001,move to,LOC_적북측접근로,2026-09-11T13:30:43,"(21.37136030, -157.74161283)"
ENM35001,move to,LOC_적북측접근로,2026-09-11T13:30:43,"(21.37136030, -157.74161283)"
ENM35001,move to,LOC_적북측접근로,2026-09-11T13:30:44,"(21.37136030, -157.74161283)"
ENM35001,move to,LOC_적북측접근로,2026-09-11T13:30:44,"(21.37136030, -157.74161283)"
ENM35002,move to,LOC_적북측접근로,2026-09-11T13:30:49,"(21.37136965, -157.74158060)"
ENM35002,move to,LOC_적북측접근로,2026-09-11T13:30:50,"(21.37136965, -157.74158060)"
ENM35002,move to,LOC_적북측접근로,2026-09-11T13:30:50,"(21.37136965, -157.74158060)"
ENM35002,move to,LOC_적북측접근로,2026-09-11T13:30:51,"(21.37136965, -157.74158060)"
ENM35001,move to,LOC_적북측접근로,2026-09-11T13:30:51,"(21.37137983, -157.74153028)"
ENM35001,move to,LOC_적북측접근로,2026-09-11T13:30:52,"(21.37137983, -157.74153028)"
ENM35001,move to,LOC_적북측접근로,2026-09-11T13:30:52,"(21.37137983, -157.74153028)"
ENM35001,move to,LOC_적북측접근로,2026-09-11T13:30:53,"(21.37137983, -157.74153028)"
ENM35001,move to,LOC_적북측접근로,2026-09-11T13:30:53,"(21.37137646, -157.74154452)"
ENM35001,move to,LOC_적북측접근로,2026-09-11T13:30:54,"(21.37137646, -157.74154452)"
ENM35001,move to,LOC_적북측접근로,2026-09-11T13:30:54,"(21.37137646, -157.74154452)"
ENM35001,move to,LOC_적북측접근로,2026-09-11T13:30:55,"(21.37137646, -157.74154452)"
ENM35002,move to,LOC_적북측접근로,2026-09-11T13:30:55,"(21.37135222, -157.74165104)"
ENM35002,move to,LOC_적북측접근로,2026-09-11T13:30:56,"(21.37135222, -157.74165104)"
ENM35002,move to,LOC_적북측접근로,2026-09-11T13:30:56,"(21.37135222, -157.74165104)"
ENM35002,move to,LOC_적북측접근로,2026-09-11T13:30:57,"(21.37135222, -157.74165104)"
ENM35002,move to,LOC_적북측접근로,2026-09-11T13:30:59,"(21.37136694, -157.74159156)"
ENM35001,move to,LOC_적북측접근로,2026-09-11T13:30:59,"(21.37135278, -157.74164460)"
ENM35002,move to,LOC_적북측접근로,2026-09-11T13:31:00,"(21.37136694, -157.74159156)"
ENM35001,move to,LOC_적북측접근로,2026-09-11T13:31:00,"(21.37135278, -157.74164460)"
ENM35002,move to,LOC_적북측접근로,2026-09-11T13:31:00,"(21.37136694, -157.74159156)"
ENM35001,move to,LOC_적북측접근로,2026-09-11T13:31:00,"(21.37135278, -157.74164460)"
ENM35002,move to,LOC_적북측접근로,2026-09-11T13:31:01,"(21.37136694, -157.74159156)"
ENM35001,move to,LOC_적북측접근로,2026-09-11T13:31:01,"(21.37135278, -157.74164460)"
ENM35001,move to,LOC_적북측접근로,2026-09-11T13:31:01,"(21.37135054, -157.74165407)"
ENM35001,move to,LOC_적북측접근로,2026-09-11T13:31:02,"(21.37135054, -157.74165407)"
ENM35001,move to,LOC_적북측접근로,2026-09-11T13:31:02,"(21.37135054, -157.74165407)"
ENM35001,move to,LOC_적북측접근로,2026-09-11T13:31:03,"(21.37135054, -157.74165407)"
ENM35001,move to,LOC_적북측접근로,2026-09-11T13:31:03,"(21.37135406, -157.74163919)"
ENM35001,move to,LOC_적북측접근로,2026-09-11T13:31:04,"(21.37135406, -157.74163919)"
ENM35001,move to,LOC_적북측접근로,2026-09-11T13:31:04,"(21.37135406, -157.74163919)"
ENM35001,move to,LOC_적북측접근로,2026-09-11T13:31:05,"(21.37135406, -157.74163919)"
ENM35001,move to,LOC_적북측접근로,2026-09-11T13:31:05,"(21.37136186, -157.74160624)"
ENM35001,move to,LOC_적북측접근로,2026-09-11T13:31:06,"(21.37136186, -157.74160624)"
ENM35001,move to,LOC_적북측접근로,2026-09-11T13:31:06,"(21.37136186, -157.74160624)"
ENM35001,move to,LOC_적북측접근로,2026-09-11T13:31:07,"(21.37136186, -157.74160624)"
ENM35002,move to,LOC_적북측접근로,2026-09-11T13:31:11,"(21.37136852, -157.74158517)"
ENM35001,move to,LOC_적북측접근로,2026-09-11T13:31:11,"(21.37137978, -157.74153052)"
ENM35002,move to,LOC_적북측접근로,2026-09-11T13:31:12,"(21.37136852, -157.74158517)"
ENM35001,move to,LOC_적북측접근로,2026-09-11T13:31:12,"(21.37137978, -157.74153052)"
ENM35002,move to,LOC_적북측접근로,2026-09-11T13:31:12,"(21.37136852, -157.74158517)"
ENM35001,move to,LOC_적북측접근로,2026-09-11T13:31:12,"(21.37137978, -157.74153052)"
ENM35002,move to,LOC_적북측접근로,2026-09-11T13:31:13,"(21.37136852, -157.74158517)"
ENM35001,move to,LOC_적북측접근로,2026-09-11T13:31:13,"(21.37137978, -157.74153052)"
ENM35001,move to,LOC_적북측접근로,2026-09-11T13:31:13,"(21.37137930, -157.74153252)"
ENM35001,move to,LOC_적북측접근로,2026-09-11T13:31:14,"(21.37137930, -157.74153252)"
ENM35001,move to,LOC_적북측접근로,2026-09-11T13:31:14,"(21.37137930, -157.74153252)"
ENM35001,move to,LOC_적북측접근로,2026-09-11T13:31:15,"(21.37137930, -157.74153252)"
ENM35001,move to,LOC_적북측접근로,2026-09-11T13:31:15,"(21.37137507, -157.74155038)"
ENM35001,move to,LOC_적북측접근로,2026-09-11T13:31:16,"(21.37137507, -157.74155038)"
ENM35001,move to,LOC_적북측접근로,2026-09-11T13:31:16,"(21.37137507, -157.74155038)"
ENM35001,move to,LOC_적북측접근로,2026-09-11T13:31:17,"(21.37137507, -157.74155038)"
ENM35002,move to,LOC_적북측접근로,2026-09-11T13:31:18,"(21.37135216, -157.74165128)"
ENM35002,move to,LOC_적북측접근로,2026-09-11T13:31:18,"(21.37135216, -157.74165128)"
ENM35002,move to,LOC_적북측접근로,2026-09-11T13:31:19,"(21.37135216, -157.74165128)"
ENM35002,move to,LOC_적북측접근로,2026-09-11T13:31:19,"(21.37135216, -157.74165128)"
ENM35002,move to,LOC_적북측접근로,2026-09-11T13:31:22,"(21.37136736, -157.74158985)"
ENM35001,move to,LOC_적북측접근로,2026-09-11T13:31:22,"(21.37135210, -157.74164747)"
ENM35002,move to,LOC_적북측접근로,2026-09-11T13:31:22,"(21.37136736, -157.74158985)"
ENM35001,move to,LOC_적북측접근로,2026-09-11T13:31:22,"(21.37135210, -157.74164747)"
ENM35002,move to,LOC_적북측접근로,2026-09-11T13:31:23,"(21.37136736, -157.74158985)"
ENM35001,move to,LOC_적북측접근로,2026-09-11T13:31:23,"(21.37135210, -157.74164747)"
ENM35002,move to,LOC_적북측접근로,2026-09-11T13:31:23,"(21.37136736, -157.74158985)"
ENM35001,move to,LOC_적북측접근로,2026-09-11T13:31:23,"(21.37135210, -157.74164747)"
ENM35001,move to,LOC_적북측접근로,2026-09-11T13:31:24,"(21.37135043, -157.74165453)"
ENM35001,move to,LOC_적북측접근로,2026-09-11T13:31:24,"(21.37135043, -157.74165453)"
ENM35001,move to,LOC_적북측접근로,2026-09-11T13:31:25,"(21.37135043, -157.74165453)"
ENM35001,move to,LOC_적북측접근로,2026-09-11T13:31:25,"(21.37135438, -157.74163782)"
ENM35001,move to,LOC_적북측접근로,2026-09-11T13:31:26,"(21.37135438, -157.74163782)"
ENM35001,move to,LOC_적북측접근로,2026-09-11T13:31:26,"(21.37135438, -157.74163782)"
ENM35001,move to,LOC_적북측접근로,2026-09-11T13:31:27,"(21.37135438, -157.74163782)"
ENM35001,move to,LOC_적북측접근로,2026-09-11T13:31:28,"(21.37136289, -157.74160186)"
ENM35001,move to,LOC_적북측접근로,2026-09-11T13:31:28,"(21.37136289, -157.74160186)"
ENM35001,move to,LOC_적북측접근로,2026-09-11T13:31:29,"(21.37136289, -157.74160186)"
ENM35001,move to,LOC_적북측접근로,2026-09-11T13:31:29,"(21.37136289, -157.74160186)"
ENM35002,move to,LOC_적북측접근로,2026-09-11T13:31:34,"(21.37136787, -157.74158778)"
ENM35001,move to,LOC_적북측접근로,2026-09-11T13:31:34,"(21.37138030, -157.74152830)"
ENM35002,move to,LOC_적북측접근로,2026-09-11T13:31:34,"(21.37136787, -157.74158778)"
ENM35001,move to,LOC_적북측접근로,2026-09-11T13:31:34,"(21.37138030, -157.74152830)"
ENM35002,move to,LOC_적북측접근로,2026-09-11T13:31:35,"(21.37136787, -157.74158778)"
ENM35001,move to,LOC_적북측접근로,2026-09-11T13:31:35,"(21.37138030, -157.74152830)"
ENM35002,move to,LOC_적북측접근로,2026-09-11T13:31:35,"(21.37136787, -157.74158778)"
ENM35001,move to,LOC_적북측접근로,2026-09-11T13:31:35,"(21.37138030, -157.74152830)"
ENM35001,move to,LOC_적북측접근로,2026-09-11T13:31:36,"(21.37137941, -157.74153208)"
ENM35001,move to,LOC_적북측접근로,2026-09-11T13:31:36,"(21.37137941, -157.74153208)"
ENM35001,move to,LOC_적북측접근로,2026-09-11T13:31:37,"(21.37137941, -157.74153208)"
ENM35001,move to,LOC_적북측접근로,2026-09-11T13:31:37,"(21.37137941, -157.74153208)"
ENM35001,move to,LOC_적북측접근로,2026-09-11T13:31:38,"(21.37137473, -157.74155186)"
ENM35001,move to,LOC_적북측접근로,2026-09-11T13:31:38,"(21.37137473, -157.74155186)"
ENM35001,move to,LOC_적북측접근로,2026-09-11T13:31:39,"(21.37137473, -157.74155186)"
ENM35001,move to,LOC_적북측접근로,2026-09-11T13:31:39,"(21.37137473, -157.74155186)"
ENM35002,move to,LOC_적북측접근로,2026-09-11T13:31:40,"(21.37135296, -157.74164803)"
ENM35002,move to,LOC_적북측접근로,2026-09-11T13:31:41,"(21.37135296, -157.74164803)"
ENM35002,move to,LOC_적북측접근로,2026-09-11T13:31:41,"(21.37135296, -157.74164803)"
ENM35002,move to,LOC_적북측접근로,2026-09-11T13:31:44,"(21.37136852, -157.74158516)"
ENM35001,move to,LOC_적북측접근로,2026-09-11T13:31:44,"(21.37135198, -157.74164797)"
ENM35002,move to,LOC_적북측접근로,2026-09-11T13:31:44,"(21.37136852, -157.74158516)"
ENM35001,move to,LOC_적북측접근로,2026-09-11T13:31:44,"(21.37135198, -157.74164797)"
ENM35002,move to,LOC_적북측접근로,2026-09-11T13:31:45,"(21.37136852, -157.74158516)"
ENM35001,move to,LOC_적북측접근로,2026-09-11T13:31:45,"(21.37135198, -157.74164797)"
ENM35002,move to,LOC_적북측접근로,2026-09-11T13:31:45,"(21.37136852, -157.74158516)"
ENM35001,move to,LOC_적북측접근로,2026-09-11T13:31:45,"(21.37135198, -157.74164797)"
ENM35001,move to,LOC_적북측접근로,2026-09-11T13:31:46,"(21.37135123, -157.74165114)"
ENM35001,move to,LOC_적북측접근로,2026-09-11T13:31:47,"(21.37135123, -157.74165114)"
ENM35001,move to,LOC_적북측접근로,2026-09-11T13:31:47,"(21.37135123, -157.74165114)"
ENM35001,move to,LOC_적북측접근로,2026-09-11T13:31:48,"(21.37135123, -157.74165114)"
ENM35001,move to,LOC_적북측접근로,2026-09-11T13:31:48,"(21.37135620, -157.74163012)"
FRRPG008,move to,LOC_동측능선,2026-09-11T13:31:48,"(21.38549679, -157.74782835)"
ENM35001,move to,LOC_적북측접근로,2026-09-11T13:31:49,"(21.37135620, -157.74163012)"
FRRPG008,move to,LOC_동측능선,2026-09-11T13:31:49,"(21.38549679, -157.74782835)"
ENM35001,move to,LOC_적북측접근로,2026-09-11T13:31:49,"(21.37135620, -157.74163012)"
FRRPG008,move to,LOC_동측능선,2026-09-11T13:31:49,"(21.38549679, -157.74782835)"
FRRPG008,move to,LOC_동측능선,2026-09-11T13:31:50,"(21.38548310, -157.74785053)"
FRRPG008,move to,LOC_동측능선,2026-09-11T13:31:50,"(21.38548310, -157.74785053)"
FRRPG008,move to,LOC_동측능선,2026-09-11T13:31:51,"(21.38548310, -157.74785053)"
FRRPG008,move to,LOC_동측능선,2026-09-11T13:31:51,"(21.38548310, -157.74785053)"
FRRPG008,move to,LOC_동측능선,2026-09-11T13:31:52,"(21.38546868, -157.74787391)"
FRRPG008,move to,LOC_동측능선,2026-09-11T13:31:52,"(21.38546868, -157.74787391)"
FRRPG008,move to,LOC_동측능선,2026-09-11T13:31:53,"(21.38546868, -157.74787391)"
FRRPG008,move to,LOC_동측능선,2026-09-11T13:31:53,"(21.38546868, -157.74787391)"
FRRPG008,move to,LOC_동측능선,2026-09-11T13:31:54,"(21.38545427, -157.74789726)"
FRRPG008,move to,LOC_동측능선,2026-09-11T13:31:55,"(21.38545427, -157.74789726)"
FRRPG008,move to,LOC_동측능선,2026-09-11T13:31:55,"(21.38545427, -157.74789726)"
FRRPG008,move to,LOC_동측능선,2026-09-11T13:31:56,"(21.38545427, -157.74789726)"
ENM35002,move to,LOC_적북측접근로,2026-09-11T13:31:56,"(21.37136542, -157.74159768)"
ENM35001,move to,LOC_적북측접근로,2026-09-11T13:31:56,"(21.37137956, -157.74153143)"
ENM35002,move to,LOC_적북측접근로,2026-09-11T13:31:57,"(21.37136542, -157.74159768)"
ENM35001,move to,LOC_적북측접근로,2026-09-11T13:31:57,"(21.37137956, -157.74153143)"
ENM35002,move to,LOC_적북측접근로,2026-09-11T13:31:57,"(21.37136542, -157.74159768)"
ENM35001,move to,LOC_적북측접근로,2026-09-11T13:31:57,"(21.37137956, -157.74153143)"
ENM35002,move to,LOC_적북측접근로,2026-09-11T13:31:58,"(21.37136542, -157.74159768)"
ENM35001,move to,LOC_적북측접근로,2026-09-11T13:31:58,"(21.37137956, -157.74153143)"
ENM35001,move to,LOC_적북측접근로,2026-09-11T13:31:58,"(21.37137758, -157.74153979)"
ENM35001,move to,LOC_적북측접근로,2026-09-11T13:31:59,"(21.37137758, -157.74153979)"
ENM35001,move to,LOC_적북측접근로,2026-09-11T13:31:59,"(21.37137758, -157.74153979)"
ENM35001,move to,LOC_적북측접근로,2026-09-11T13:32:00,"(21.37137758, -157.74153979)"
ENM35001,move to,LOC_적북측접근로,2026-09-11T13:32:00,"(21.37137224, -157.74156236)"
ENM35002,move to,LOC_적북측접근로,2026-09-11T13:32:00,"(21.37135189, -157.74165234)"
ENM35001,move to,LOC_적북측접근로,2026-09-11T13:32:01,"(21.37137224, -157.74156236)"
ENM35002,move to,LOC_적북측접근로,2026-09-11T13:32:01,"(21.37135189, -157.74165234)"
ENM35001,move to,LOC_적북측접근로,2026-09-11T13:32:02,"(21.37137224, -157.74156236)"
ENM35002,move to,LOC_적북측접근로,2026-09-11T13:32:02,"(21.37135189, -157.74165234)"
ENM35001,move to,LOC_적북측접근로,2026-09-11T13:32:02,"(21.37137224, -157.74156236)"
ENM35002,move to,LOC_적북측접근로,2026-09-11T13:32:02,"(21.37135189, -157.74165234)"
ENM35002,move to,LOC_적북측접근로,2026-09-11T13:32:03,"(21.37135372, -157.74164495)"
ENM35002,move to,LOC_적북측접근로,2026-09-11T13:32:03,"(21.37135372, -157.74164495)"
ENM35002,move to,LOC_적북측접근로,2026-09-11T13:32:04,"(21.37135372, -157.74164495)"
ENM35002,move to,LOC_적북측접근로,2026-09-11T13:32:04,"(21.37135372, -157.74164495)"
ENM35002,move to,LOC_적북측접근로,2026-09-11T13:32:06,"(21.37137058, -157.74157682)"
ENM35001,move to,LOC_적북측접근로,2026-09-11T13:32:06,"(21.37135079, -157.74165299)"
ENM35002,move to,LOC_적북측접근로,2026-09-11T13:32:07,"(21.37137058, -157.74157682)"
ENM35001,move to,LOC_적북측접근로,2026-09-11T13:32:07,"(21.37135079, -157.74165299)"
ENM35002,move to,LOC_적북측접근로,2026-09-11T13:32:07,"(21.37137058, -157.74157682)"
ENM35001,move to,LOC_적북측접근로,2026-09-11T13:32:07,"(21.37135079, -157.74165299)"
ENM35002,move to,LOC_적북측접근로,2026-09-11T13:32:08,"(21.37137058, -157.74157682)"
ENM35001,move to,LOC_적북측접근로,2026-09-11T13:32:08,"(21.37135079, -157.74165299)"
ENM35001,move to,LOC_적북측접근로,2026-09-11T13:32:08,"(21.37135174, -157.74164897)"
ENM35001,move to,LOC_적북측접근로,2026-09-11T13:32:09,"(21.37135174, -157.74164897)"
ENM35001,move to,LOC_적북측접근로,2026-09-11T13:32:09,"(21.37135174, -157.74164897)"
ENM35001,move to,LOC_적북측접근로,2026-09-11T13:32:10,"(21.37135174, -157.74164897)"
FRSNP006,move to,LOC_적북측접근로,2026-09-11T13:32:17,"(21.37843560, -157.74658506)"
FRSNP007,move to,LOC_적북측접근로,2026-09-11T13:32:17,"(21.37846913, -157.74658993)"
FRSNP005,move to,LOC_적북측접근로,2026-09-11T13:32:17,"(21.37855668, -157.74661644)"
FRSNP001,move to,LOC_적북측접근로,2026-09-11T13:32:17,"(21.37850149, -157.74647474)"
FRSNP004,move to,LOC_적북측접근로,2026-09-11T13:32:17,"(21.37845720, -157.74657824)"
FRSNP002,move to,LOC_적북측접근로,2026-09-11T13:32:17,"(21.37847859, -157.74649091)"
FRCMD002,move to,LOC_북측전방방어선,2026-09-11T13:32:17,"(21.37961462, -157.74851642)"
FRSNP003,move to,LOC_적북측접근로,2026-09-11T13:32:17,"(21.37842276, -157.74657274)"
FRSNP006,move to,LOC_적북측접근로,2026-09-11T13:32:17,"(21.37843560, -157.74658506)"
FRSNP007,move to,LOC_적북측접근로,2026-09-11T13:32:17,"(21.37846913, -157.74658993)"
FRSNP005,move to,LOC_적북측접근로,2026-09-11T13:32:17,"(21.37855668, -157.74661644)"
FRSNP001,move to,LOC_적북측접근로,2026-09-11T13:32:17,"(21.37850149, -157.74647474)"
FRSNP004,move to,LOC_적북측접근로,2026-09-11T13:32:17,"(21.37845720, -157.74657824)"
FRSNP002,move to,LOC_적북측접근로,2026-09-11T13:32:17,"(21.37847859, -157.74649091)"
FRCMD002,move to,LOC_북측전방방어선,2026-09-11T13:32:17,"(21.37961462, -157.74851642)"
FRSNP003,move to,LOC_적북측접근로,2026-09-11T13:32:17,"(21.37842276, -157.74657274)"
FRSNP006,move to,LOC_적북측접근로,2026-09-11T13:32:18,"(21.37843560, -157.74658506)"
FRSNP007,move to,LOC_적북측접근로,2026-09-11T13:32:18,"(21.37846913, -157.74658993)"
FRSNP005,move to,LOC_적북측접근로,2026-09-11T13:32:18,"(21.37855668, -157.74661644)"
FRSNP001,move to,LOC_적북측접근로,2026-09-11T13:32:18,"(21.37850149, -157.74647474)"
FRSNP004,move to,LOC_적북측접근로,2026-09-11T13:32:18,"(21.37845720, -157.74657824)"
FRSNP002,move to,LOC_적북측접근로,2026-09-11T13:32:18,"(21.37847859, -157.74649091)"
FRCMD002,move to,LOC_북측전방방어선,2026-09-11T13:32:18,"(21.37961462, -157.74851642)"
FRSNP003,move to,LOC_적북측접근로,2026-09-11T13:32:18,"(21.37842276, -157.74657274)"
FRSNP006,move to,LOC_적북측접근로,2026-09-11T13:32:18,"(21.37843560, -157.74658506)"
FRSNP007,move to,LOC_적북측접근로,2026-09-11T13:32:18,"(21.37846913, -157.74658993)"
FRSNP005,move to,LOC_적북측접근로,2026-09-11T13:32:18,"(21.37855668, -157.74661644)"
FRSNP001,move to,LOC_적북측접근로,2026-09-11T13:32:18,"(21.37850149, -157.74647474)"
FRSNP004,move to,LOC_적북측접근로,2026-09-11T13:32:18,"(21.37845720, -157.74657824)"
FRSNP002,move to,LOC_적북측접근로,2026-09-11T13:32:18,"(21.37847859, -157.74649091)"
FRCMD002,move to,LOC_북측전방방어선,2026-09-11T13:32:18,"(21.37961462, -157.74851642)"
FRSNP003,move to,LOC_적북측접근로,2026-09-11T13:32:18,"(21.37842276, -157.74657274)"
FRSNP006,move to,LOC_적북측접근로,2026-09-11T13:32:19,"(21.37841111, -157.74656836)"
FRSNP007,move to,LOC_적북측접근로,2026-09-11T13:32:19,"(21.37844460, -157.74657326)"
FRSNP005,move to,LOC_적북측접근로,2026-09-11T13:32:19,"(21.37853210, -157.74659985)"
FRSNP001,move to,LOC_적북측접근로,2026-09-11T13:32:19,"(21.37847675, -157.74645841)"
FRSNP004,move to,LOC_적북측접근로,2026-09-11T13:32:19,"(21.37843267, -157.74656159)"
FRSNP002,move to,LOC_적북측접근로,2026-09-11T13:32:19,"(21.37845390, -157.74647450)"
FRCMD002,move to,LOC_북측전방방어선,2026-09-11T13:32:19,"(21.37959475, -157.74849710)"
FRSNP003,move to,LOC_적북측접근로,2026-09-11T13:32:19,"(21.37839827, -157.74655605)"
FRSNP006,move to,LOC_적북측접근로,2026-09-11T13:32:20,"(21.37841111, -157.74656836)"
FRSNP007,move to,LOC_적북측접근로,2026-09-11T13:32:20,"(21.37844460, -157.74657326)"
FRSNP005,move to,LOC_적북측접근로,2026-09-11T13:32:20,"(21.37853210, -157.74659985)"
FRSNP001,move to,LOC_적북측접근로,2026-09-11T13:32:20,"(21.37847675, -157.74645841)"
FRSNP004,move to,LOC_적북측접근로,2026-09-11T13:32:20,"(21.37843267, -157.74656159)"
FRSNP002,move to,LOC_적북측접근로,2026-09-11T13:32:20,"(21.37845390, -157.74647450)"
FRCMD002,move to,LOC_북측전방방어선,2026-09-11T13:32:20,"(21.37959475, -157.74849710)"
FRSNP003,move to,LOC_적북측접근로,2026-09-11T13:32:20,"(21.37839827, -157.74655605)"
FRSNP006,move to,LOC_적북측접근로,2026-09-11T13:32:20,"(21.37841111, -157.74656836)"
FRSNP007,move to,LOC_적북측접근로,2026-09-11T13:32:20,"(21.37844460, -157.74657326)"
FRSNP005,move to,LOC_적북측접근로,2026-09-11T13:32:20,"(21.37853210, -157.74659985)"
FRSNP001,move to,LOC_적북측접근로,2026-09-11T13:32:20,"(21.37847675, -157.74645841)"
FRSNP004,move to,LOC_적북측접근로,2026-09-11T13:32:20,"(21.37843267, -157.74656159)"
FRSNP002,move to,LOC_적북측접근로,2026-09-11T13:32:20,"(21.37845390, -157.74647450)"
FRCMD002,move to,LOC_북측전방방어선,2026-09-11T13:32:20,"(21.37959475, -157.74849710)"
FRSNP003,move to,LOC_적북측접근로,2026-09-11T13:32:20,"(21.37839827, -157.74655605)"
FRSNP006,move to,LOC_적북측접근로,2026-09-11T13:32:21,"(21.37841111, -157.74656836)"
FRSNP007,move to,LOC_적북측접근로,2026-09-11T13:32:21,"(21.37844460, -157.74657326)"
FRSNP005,move to,LOC_적북측접근로,2026-09-11T13:32:21,"(21.37853210, -157.74659985)"
FRSNP001,move to,LOC_적북측접근로,2026-09-11T13:32:21,"(21.37847675, -157.74645841)"
FRSNP004,move to,LOC_적북측접근로,2026-09-11T13:32:21,"(21.37843267, -157.74656159)"
FRSNP002,move to,LOC_적북측접근로,2026-09-11T13:32:21,"(21.37845390, -157.74647450)"
FRCMD002,move to,LOC_북측전방방어선,2026-09-11T13:32:21,"(21.37959475, -157.74849710)"
FRSNP003,move to,LOC_적북측접근로,2026-09-11T13:32:21,"(21.37839827, -157.74655605)"
FRSNP007,move to,LOC_적북측접근로,2026-09-11T13:32:21,"(21.37842199, -157.74655790)"
FRSNP005,move to,LOC_적북측접근로,2026-09-11T13:32:21,"(21.37850943, -157.74658456)"
FRSNP001,move to,LOC_적북측접근로,2026-09-11T13:32:21,"(21.37845395, -157.74644335)"
FRSNP004,move to,LOC_적북측접근로,2026-09-11T13:32:21,"(21.37841006, -157.74654624)"
FRSNP002,move to,LOC_적북측접근로,2026-09-11T13:32:21,"(21.37843115, -157.74645938)"
FRSNP003,move to,LOC_적북측접근로,2026-09-11T13:32:21,"(21.37837568, -157.74654066)"
FRSNP007,move to,LOC_적북측접근로,2026-09-11T13:32:22,"(21.37842199, -157.74655790)"
FRSNP005,move to,LOC_적북측접근로,2026-09-11T13:32:22,"(21.37850943, -157.74658456)"
FRSNP001,move to,LOC_적북측접근로,2026-09-11T13:32:22,"(21.37845395, -157.74644335)"
FRSNP004,move to,LOC_적북측접근로,2026-09-11T13:32:22,"(21.37841006, -157.74654624)"
FRSNP002,move to,LOC_적북측접근로,2026-09-11T13:32:22,"(21.37843115, -157.74645938)"
FRSNP003,move to,LOC_적북측접근로,2026-09-11T13:32:22,"(21.37837568, -157.74654066)"
FRSNP007,move to,LOC_적북측접근로,2026-09-11T13:32:22,"(21.37842199, -157.74655790)"
FRSNP005,move to,LOC_적북측접근로,2026-09-11T13:32:22,"(21.37850943, -157.74658456)"
FRSNP001,move to,LOC_적북측접근로,2026-09-11T13:32:22,"(21.37845395, -157.74644335)"
FRSNP004,move to,LOC_적북측접근로,2026-09-11T13:32:22,"(21.37841006, -157.74654624)"
FRSNP002,move to,LOC_적북측접근로,2026-09-11T13:32:22,"(21.37843115, -157.74645938)"
FRSNP003,move to,LOC_적북측접근로,2026-09-11T13:32:22,"(21.37837568, -157.74654066)"
FRSNP007,move to,LOC_적북측접근로,2026-09-11T13:32:23,"(21.37839836, -157.74654185)"
FRSNP005,move to,LOC_적북측접근로,2026-09-11T13:32:23,"(21.37848574, -157.74656856)"
FRSNP001,move to,LOC_적북측접근로,2026-09-11T13:32:23,"(21.37843012, -157.74642762)"
FRSNP004,move to,LOC_적북측접근로,2026-09-11T13:32:23,"(21.37838643, -157.74653019)"
FRSNP002,move to,LOC_적북측접근로,2026-09-11T13:32:23,"(21.37840737, -157.74644358)"
FRSNP003,move to,LOC_적북측접근로,2026-09-11T13:32:23,"(21.37835208, -157.74652458)"
FRSNP007,move to,LOC_적북측접근로,2026-09-11T13:32:23,"(21.37839836, -157.74654185)"
FRSNP005,move to,LOC_적북측접근로,2026-09-11T13:32:23,"(21.37848574, -157.74656856)"
FRSNP001,move to,LOC_적북측접근로,2026-09-11T13:32:23,"(21.37843012, -157.74642762)"
FRSNP004,move to,LOC_적북측접근로,2026-09-11T13:32:23,"(21.37838643, -157.74653019)"
FRSNP002,move to,LOC_적북측접근로,2026-09-11T13:32:23,"(21.37840737, -157.74644358)"
FRSNP003,move to,LOC_적북측접근로,2026-09-11T13:32:23,"(21.37835208, -157.74652458)"
FRSNP007,move to,LOC_적북측접근로,2026-09-11T13:32:24,"(21.37839836, -157.74654185)"
FRSNP005,move to,LOC_적북측접근로,2026-09-11T13:32:24,"(21.37848574, -157.74656856)"
FRSNP001,move to,LOC_적북측접근로,2026-09-11T13:32:24,"(21.37843012, -157.74642762)"
FRSNP004,move to,LOC_적북측접근로,2026-09-11T13:32:24,"(21.37838643, -157.74653019)"
FRSNP002,move to,LOC_적북측접근로,2026-09-11T13:32:24,"(21.37840737, -157.74644358)"
FRSNP003,move to,LOC_적북측접근로,2026-09-11T13:32:24,"(21.37835208, -157.74652458)"
FRSNP007,move to,LOC_적북측접근로,2026-09-11T13:32:24,"(21.37839836, -157.74654185)"
FRSNP005,move to,LOC_적북측접근로,2026-09-11T13:32:24,"(21.37848574, -157.74656856)"
FRSNP001,move to,LOC_적북측접근로,2026-09-11T13:32:24,"(21.37843012, -157.74642762)"
FRSNP004,move to,LOC_적북측접근로,2026-09-11T13:32:24,"(21.37838643, -157.74653019)"
FRSNP002,move to,LOC_적북측접근로,2026-09-11T13:32:24,"(21.37840737, -157.74644358)"
FRSNP003,move to,LOC_적북측접근로,2026-09-11T13:32:24,"(21.37835208, -157.74652458)"
FRSNP007,move to,LOC_적북측접근로,2026-09-11T13:32:25,"(21.37837501, -157.74652599)"
FRSNP005,move to,LOC_적북측접근로,2026-09-11T13:32:25,"(21.37846232, -157.74655277)"
FRSNP001,move to,LOC_적북측접근로,2026-09-11T13:32:25,"(21.37840658, -157.74641208)"
FRSNP004,move to,LOC_적북측접근로,2026-09-11T13:32:25,"(21.37836307, -157.74651434)"
FRSNP002,move to,LOC_적북측접근로,2026-09-11T13:32:25,"(21.37838388, -157.74642796)"
FRSNP003,move to,LOC_적북측접근로,2026-09-11T13:32:25,"(21.37832876, -157.74650869)"
FRSNP006,move to,LOC_적북측접근로,2026-09-11T13:32:25,"(21.37834162, -157.74652097)"
FRSNP007,move to,LOC_적북측접근로,2026-09-11T13:32:25,"(21.37837501, -157.74652599)"
FRSNP005,move to,LOC_적북측접근로,2026-09-11T13:32:25,"(21.37846232, -157.74655277)"
FRSNP001,move to,LOC_적북측접근로,2026-09-11T13:32:25,"(21.37840658, -157.74641208)"
FRSNP004,move to,LOC_적북측접근로,2026-09-11T13:32:25,"(21.37836307, -157.74651434)"
FRSNP002,move to,LOC_적북측접근로,2026-09-11T13:32:25,"(21.37838388, -157.74642796)"
FRSNP003,move to,LOC_적북측접근로,2026-09-11T13:32:25,"(21.37832876, -157.74650869)"
FRSNP006,move to,LOC_적북측접근로,2026-09-11T13:32:25,"(21.37834162, -157.74652097)"
FRSNP007,move to,LOC_적북측접근로,2026-09-11T13:32:26,"(21.37837501, -157.74652599)"
FRSNP005,move to,LOC_적북측접근로,2026-09-11T13:32:26,"(21.37846232, -157.74655277)"
FRSNP001,move to,LOC_적북측접근로,2026-09-11T13:32:26,"(21.37840658, -157.74641208)"
FRSNP004,move to,LOC_적북측접근로,2026-09-11T13:32:26,"(21.37836307, -157.74651434)"
FRSNP002,move to,LOC_적북측접근로,2026-09-11T13:32:26,"(21.37838388, -157.74642796)"
FRSNP003,move to,LOC_적북측접근로,2026-09-11T13:32:26,"(21.37832876, -157.74650869)"
FRSNP006,move to,LOC_적북측접근로,2026-09-11T13:32:26,"(21.37834162, -157.74652097)"
FRSNP007,move to,LOC_적북측접근로,2026-09-11T13:32:27,"(21.37837501, -157.74652599)"
FRSNP005,move to,LOC_적북측접근로,2026-09-11T13:32:27,"(21.37846232, -157.74655277)"
FRSNP001,move to,LOC_적북측접근로,2026-09-11T13:32:27,"(21.37840658, -157.74641208)"
FRSNP004,move to,LOC_적북측접근로,2026-09-11T13:32:27,"(21.37836307, -157.74651434)"
FRSNP002,move to,LOC_적북측접근로,2026-09-11T13:32:27,"(21.37838388, -157.74642796)"
FRSNP003,move to,LOC_적북측접근로,2026-09-11T13:32:27,"(21.37832876, -157.74650869)"
FRSNP006,move to,LOC_적북측접근로,2026-09-11T13:32:27,"(21.37834162, -157.74652097)"
FRSNP007,move to,LOC_적북측접근로,2026-09-11T13:32:27,"(21.37835241, -157.74651063)"
FRSNP005,move to,LOC_적북측접근로,2026-09-11T13:32:27,"(21.37843966, -157.74653747)"
FRSNP001,move to,LOC_적북측접근로,2026-09-11T13:32:27,"(21.37838378, -157.74639703)"
FRSNP004,move to,LOC_적북측접근로,2026-09-11T13:32:27,"(21.37834047, -157.74649899)"
FRSNP002,move to,LOC_적북측접근로,2026-09-11T13:32:27,"(21.37836112, -157.74641284)"
FRSNP003,move to,LOC_적북측접근로,2026-09-11T13:32:27,"(21.37830619, -157.74649331)"
FRSNP006,move to,LOC_적북측접근로,2026-09-11T13:32:27,"(21.37831904, -157.74650558)"
FRSNP008,move to,LOC_적북측접근로,2026-09-11T13:32:27,"(21.37834140, -157.74651373)"
FRSNP007,move to,LOC_적북측접근로,2026-09-11T13:32:28,"(21.37835241, -157.74651063)"
FRSNP005,move to,LOC_적북측접근로,2026-09-11T13:32:28,"(21.37843966, -157.74653747)"
FRSNP001,move to,LOC_적북측접근로,2026-09-11T13:32:28,"(21.37838378, -157.74639703)"
FRSNP004,move to,LOC_적북측접근로,2026-09-11T13:32:28,"(21.37834047, -157.74649899)"
FRSNP002,move to,LOC_적북측접근로,2026-09-11T13:32:28,"(21.37836112, -157.74641284)"
FRSNP003,move to,LOC_적북측접근로,2026-09-11T13:32:28,"(21.37830619, -157.74649331)"
FRSNP006,move to,LOC_적북측접근로,2026-09-11T13:32:28,"(21.37831904, -157.74650558)"
FRSNP008,move to,LOC_적북측접근로,2026-09-11T13:32:28,"(21.37834140, -157.74651373)"
FRSNP007,move to,LOC_적북측접근로,2026-09-11T13:32:28,"(21.37835241, -157.74651063)"
FRSNP005,move to,LOC_적북측접근로,2026-09-11T13:32:28,"(21.37843966, -157.74653747)"
FRSNP001,move to,LOC_적북측접근로,2026-09-11T13:32:28,"(21.37838378, -157.74639703)"
FRSNP004,move to,LOC_적북측접근로,2026-09-11T13:32:28,"(21.37834047, -157.74649899)"
FRSNP002,move to,LOC_적북측접근로,2026-09-11T13:32:28,"(21.37836112, -157.74641284)"
FRSNP003,move to,LOC_적북측접근로,2026-09-11T13:32:28,"(21.37830619, -157.74649331)"
FRSNP006,move to,LOC_적북측접근로,2026-09-11T13:32:28,"(21.37831904, -157.74650558)"
FRSNP008,move to,LOC_적북측접근로,2026-09-11T13:32:28,"(21.37834140, -157.74651373)"
FRSNP007,move to,LOC_적북측접근로,2026-09-11T13:32:29,"(21.37835241, -157.74651063)"
FRSNP005,move to,LOC_적북측접근로,2026-09-11T13:32:29,"(21.37843966, -157.74653747)"
FRSNP001,move to,LOC_적북측접근로,2026-09-11T13:32:29,"(21.37838378, -157.74639703)"
FRSNP004,move to,LOC_적북측접근로,2026-09-11T13:32:29,"(21.37834047, -157.74649899)"
FRSNP002,move to,LOC_적북측접근로,2026-09-11T13:32:29,"(21.37836112, -157.74641284)"
FRSNP003,move to,LOC_적북측접근로,2026-09-11T13:32:29,"(21.37830619, -157.74649331)"
FRSNP006,move to,LOC_적북측접근로,2026-09-11T13:32:29,"(21.37831904, -157.74650558)"
FRSNP008,move to,LOC_적북측접근로,2026-09-11T13:32:29,"(21.37834140, -157.74651373)"
FRSNP007,move to,LOC_적북측접근로,2026-09-11T13:32:29,"(21.37832886, -157.74649463)"
FRSNP005,move to,LOC_적북측접근로,2026-09-11T13:32:29,"(21.37841605, -157.74652154)"
FRSNP001,move to,LOC_적북측접근로,2026-09-11T13:32:29,"(21.37836003, -157.74638134)"
FRSNP004,move to,LOC_적북측접근로,2026-09-11T13:32:29,"(21.37831692, -157.74648300)"
FRSNP002,move to,LOC_적북측접근로,2026-09-11T13:32:29,"(21.37833743, -157.74639709)"
FRSNP003,move to,LOC_적북측접근로,2026-09-11T13:32:29,"(21.37828266, -157.74647728)"
FRSNP006,move to,LOC_적북측접근로,2026-09-11T13:32:29,"(21.37829552, -157.74648954)"
FRSNP008,move to,LOC_적북측접근로,2026-09-11T13:32:29,"(21.37831787, -157.74649771)"
FRSNP007,move to,LOC_적북측접근로,2026-09-11T13:32:30,"(21.37832886, -157.74649463)"
FRSNP005,move to,LOC_적북측접근로,2026-09-11T13:32:30,"(21.37841605, -157.74652154)"
FRSNP001,move to,LOC_적북측접근로,2026-09-11T13:32:30,"(21.37836003, -157.74638134)"
FRSNP004,move to,LOC_적북측접근로,2026-09-11T13:32:30,"(21.37831692, -157.74648300)"
FRSNP002,move to,LOC_적북측접근로,2026-09-11T13:32:30,"(21.37833743, -157.74639709)"
FRSNP003,move to,LOC_적북측접근로,2026-09-11T13:32:30,"(21.37828266, -157.74647728)"
FRSNP006,move to,LOC_적북측접근로,2026-09-11T13:32:30,"(21.37829552, -157.74648954)"
FRSNP008,move to,LOC_적북측접근로,2026-09-11T13:32:30,"(21.37831787, -157.74649771)"
FRSNP007,move to,LOC_적북측접근로,2026-09-11T13:32:30,"(21.37832886, -157.74649463)"
FRSNP005,move to,LOC_적북측접근로,2026-09-11T13:32:30,"(21.37841605, -157.74652154)"
FRSNP001,move to,LOC_적북측접근로,2026-09-11T13:32:30,"(21.37836003, -157.74638134)"
FRSNP004,move to,LOC_적북측접근로,2026-09-11T13:32:30,"(21.37831692, -157.74648300)"
FRSNP002,move to,LOC_적북측접근로,2026-09-11T13:32:30,"(21.37833743, -157.74639709)"
FRSNP003,move to,LOC_적북측접근로,2026-09-11T13:32:30,"(21.37828266, -157.74647728)"
FRSNP006,move to,LOC_적북측접근로,2026-09-11T13:32:30,"(21.37829552, -157.74648954)"
FRSNP008,move to,LOC_적북측접근로,2026-09-11T13:32:30,"(21.37831787, -157.74649771)"
FRSNP007,move to,LOC_적북측접근로,2026-09-11T13:32:31,"(21.37830539, -157.74647868)"
FRSNP005,move to,LOC_적북측접근로,2026-09-11T13:32:31,"(21.37839251, -157.74650565)"
FRSNP001,move to,LOC_적북측접근로,2026-09-11T13:32:31,"(21.37833637, -157.74636572)"
FRSNP004,move to,LOC_적북측접근로,2026-09-11T13:32:31,"(21.37829345, -157.74646707)"
FRSNP002,move to,LOC_적북측접근로,2026-09-11T13:32:31,"(21.37831382, -157.74638140)"
FRSNP003,move to,LOC_적북측접근로,2026-09-11T13:32:31,"(21.37825925, -157.74646133)"
FRSNP006,move to,LOC_적북측접근로,2026-09-11T13:32:31,"(21.37827209, -157.74647356)"
FRSNP008,move to,LOC_적북측접근로,2026-09-11T13:32:31,"(21.37829441, -157.74648174)"
FRSNP007,move to,LOC_적북측접근로,2026-09-11T13:32:31,"(21.37830539, -157.74647868)"
FRSNP005,move to,LOC_적북측접근로,2026-09-11T13:32:31,"(21.37839251, -157.74650565)"
FRSNP001,move to,LOC_적북측접근로,2026-09-11T13:32:31,"(21.37833637, -157.74636572)"
FRSNP004,move to,LOC_적북측접근로,2026-09-11T13:32:31,"(21.37829345, -157.74646707)"
FRSNP002,move to,LOC_적북측접근로,2026-09-11T13:32:31,"(21.37831382, -157.74638140)"
FRSNP003,move to,LOC_적북측접근로,2026-09-11T13:32:31,"(21.37825925, -157.74646133)"
FRSNP006,move to,LOC_적북측접근로,2026-09-11T13:32:31,"(21.37827209, -157.74647356)"
FRSNP008,move to,LOC_적북측접근로,2026-09-11T13:32:31,"(21.37829441, -157.74648174)"
FRSNP007,move to,LOC_적북측접근로,2026-09-11T13:32:32,"(21.37830539, -157.74647868)"
FRSNP005,move to,LOC_적북측접근로,2026-09-11T13:32:32,"(21.37839251, -157.74650565)"
FRSNP001,move to,LOC_적북측접근로,2026-09-11T13:32:32,"(21.37833637, -157.74636572)"
FRSNP004,move to,LOC_적북측접근로,2026-09-11T13:32:32,"(21.37829345, -157.74646707)"
FRSNP002,move to,LOC_적북측접근로,2026-09-11T13:32:32,"(21.37831382, -157.74638140)"
FRSNP003,move to,LOC_적북측접근로,2026-09-11T13:32:32,"(21.37825925, -157.74646133)"
FRSNP006,move to,LOC_적북측접근로,2026-09-11T13:32:32,"(21.37827209, -157.74647356)"
FRSNP008,move to,LOC_적북측접근로,2026-09-11T13:32:32,"(21.37829441, -157.74648174)"
FRSNP007,move to,LOC_적북측접근로,2026-09-11T13:32:32,"(21.37830539, -157.74647868)"
FRSNP005,move to,LOC_적북측접근로,2026-09-11T13:32:32,"(21.37839251, -157.74650565)"
FRSNP001,move to,LOC_적북측접근로,2026-09-11T13:32:32,"(21.37833637, -157.74636572)"
FRSNP004,move to,LOC_적북측접근로,2026-09-11T13:32:32,"(21.37829345, -157.74646707)"
FRSNP002,move to,LOC_적북측접근로,2026-09-11T13:32:32,"(21.37831382, -157.74638140)"
FRSNP003,move to,LOC_적북측접근로,2026-09-11T13:32:32,"(21.37825925, -157.74646133)"
FRSNP006,move to,LOC_적북측접근로,2026-09-11T13:32:32,"(21.37827209, -157.74647356)"
FRSNP008,move to,LOC_적북측접근로,2026-09-11T13:32:32,"(21.37829441, -157.74648174)"
FRSNP007,move to,LOC_적북측접근로,2026-09-11T13:32:33,"(21.37828216, -157.74646290)"
FRSNP005,move to,LOC_적북측접근로,2026-09-11T13:32:33,"(21.37836922, -157.74648993)"
FRSNP001,move to,LOC_적북측접근로,2026-09-11T13:32:33,"(21.37831296, -157.74635026)"
FRSNP004,move to,LOC_적북측접근로,2026-09-11T13:32:33,"(21.37827022, -157.74645130)"
FRSNP002,move to,LOC_적북측접근로,2026-09-11T13:32:33,"(21.37829044, -157.74636586)"
FRSNP003,move to,LOC_적북측접근로,2026-09-11T13:32:33,"(21.37823609, -157.74644554)"
FRSNP006,move to,LOC_적북측접근로,2026-09-11T13:32:33,"(21.37824893, -157.74645777)"
FRSNP008,move to,LOC_적북측접근로,2026-09-11T13:32:33,"(21.37827121, -157.74646594)"
ENM35001,move to,LOC_적북측접근로,2026-09-11T13:32:33,"(21.37136064, -157.74161137)"
FRSNP007,move to,LOC_적북측접근로,2026-09-11T13:32:33,"(21.37828216, -157.74646290)"
FRSNP005,move to,LOC_적북측접근로,2026-09-11T13:32:33,"(21.37836922, -157.74648993)"
FRSNP001,move to,LOC_적북측접근로,2026-09-11T13:32:33,"(21.37831296, -157.74635026)"
FRSNP004,move to,LOC_적북측접근로,2026-09-11T13:32:33,"(21.37827022, -157.74645130)"
FRSNP002,move to,LOC_적북측접근로,2026-09-11T13:32:33,"(21.37829044, -157.74636586)"
FRSNP003,move to,LOC_적북측접근로,2026-09-11T13:32:33,"(21.37823609, -157.74644554)"
FRSNP006,move to,LOC_적북측접근로,2026-09-11T13:32:33,"(21.37824893, -157.74645777)"
FRSNP008,move to,LOC_적북측접근로,2026-09-11T13:32:33,"(21.37827121, -157.74646594)"
ENM35001,move to,LOC_적북측접근로,2026-09-11T13:32:33,"(21.37136064, -157.74161137)"
FRSNP007,move to,LOC_적북측접근로,2026-09-11T13:32:34,"(21.37828216, -157.74646290)"
FRSNP005,move to,LOC_적북측접근로,2026-09-11T13:32:34,"(21.37836922, -157.74648993)"
FRSNP001,move to,LOC_적북측접근로,2026-09-11T13:32:34,"(21.37831296, -157.74635026)"
FRSNP004,move to,LOC_적북측접근로,2026-09-11T13:32:34,"(21.37827022, -157.74645130)"
FRSNP002,move to,LOC_적북측접근로,2026-09-11T13:32:34,"(21.37829044, -157.74636586)"
FRSNP003,move to,LOC_적북측접근로,2026-09-11T13:32:34,"(21.37823609, -157.74644554)"
FRSNP006,move to,LOC_적북측접근로,2026-09-11T13:32:34,"(21.37824893, -157.74645777)"
FRSNP008,move to,LOC_적북측접근로,2026-09-11T13:32:34,"(21.37827121, -157.74646594)"
ENM35001,move to,LOC_적북측접근로,2026-09-11T13:32:34,"(21.37136064, -157.74161137)"
FRSNP007,move to,LOC_적북측접근로,2026-09-11T13:32:35,"(21.37828216, -157.74646290)"
FRSNP005,move to,LOC_적북측접근로,2026-09-11T13:32:35,"(21.37836922, -157.74648993)"
FRSNP001,move to,LOC_적북측접근로,2026-09-11T13:32:35,"(21.37831296, -157.74635026)"
FRSNP004,move to,LOC_적북측접근로,2026-09-11T13:32:35,"(21.37827022, -157.74645130)"
FRSNP002,move to,LOC_적북측접근로,2026-09-11T13:32:35,"(21.37829044, -157.74636586)"
FRSNP003,move to,LOC_적북측접근로,2026-09-11T13:32:35,"(21.37823609, -157.74644554)"
FRSNP006,move to,LOC_적북측접근로,2026-09-11T13:32:35,"(21.37824893, -157.74645777)"
FRSNP008,move to,LOC_적북측접근로,2026-09-11T13:32:35,"(21.37827121, -157.74646594)"
ENM35001,move to,LOC_적북측접근로,2026-09-11T13:32:35,"(21.37136064, -157.74161137)"
FRSNP007,move to,LOC_적북측접근로,2026-09-11T13:32:35,"(21.37825835, -157.74644672)"
FRSNP005,move to,LOC_적북측접근로,2026-09-11T13:32:35,"(21.37834532, -157.74647381)"
FRSNP001,move to,LOC_적북측접근로,2026-09-11T13:32:35,"(21.37828893, -157.74633439)"
FRSNP004,move to,LOC_적북측접근로,2026-09-11T13:32:35,"(21.37824643, -157.74643514)"
FRSNP002,move to,LOC_적북측접근로,2026-09-11T13:32:35,"(21.37826650, -157.74634995)"
FRSNP003,move to,LOC_적북측접근로,2026-09-11T13:32:35,"(21.37821233, -157.74642935)"
FRSNP006,move to,LOC_적북측접근로,2026-09-11T13:32:35,"(21.37822517, -157.74644156)"
FRSNP008,move to,LOC_적북측접근로,2026-09-11T13:32:35,"(21.37824743, -157.74644975)"
FRSNP007,move to,LOC_적북측접근로,2026-09-11T13:32:36,"(21.37825835, -157.74644672)"
FRSNP005,move to,LOC_적북측접근로,2026-09-11T13:32:36,"(21.37834532, -157.74647381)"
FRSNP001,move to,LOC_적북측접근로,2026-09-11T13:32:36,"(21.37828893, -157.74633439)"
FRSNP004,move to,LOC_적북측접근로,2026-09-11T13:32:36,"(21.37824643, -157.74643514)"
FRSNP002,move to,LOC_적북측접근로,2026-09-11T13:32:36,"(21.37826650, -157.74634995)"
FRSNP003,move to,LOC_적북측접근로,2026-09-11T13:32:36,"(21.37821233, -157.74642935)"
FRSNP006,move to,LOC_적북측접근로,2026-09-11T13:32:36,"(21.37822517, -157.74644156)"
FRSNP008,move to,LOC_적북측접근로,2026-09-11T13:32:36,"(21.37824743, -157.74644975)"
FRSNP007,move to,LOC_적북측접근로,2026-09-11T13:32:36,"(21.37825835, -157.74644672)"
FRSNP005,move to,LOC_적북측접근로,2026-09-11T13:32:36,"(21.37834532, -157.74647381)"
FRSNP001,move to,LOC_적북측접근로,2026-09-11T13:32:36,"(21.37828893, -157.74633439)"
FRSNP004,move to,LOC_적북측접근로,2026-09-11T13:32:36,"(21.37824643, -157.74643514)"
FRSNP002,move to,LOC_적북측접근로,2026-09-11T13:32:36,"(21.37826650, -157.74634995)"
FRSNP003,move to,LOC_적북측접근로,2026-09-11T13:32:36,"(21.37821233, -157.74642935)"
FRSNP006,move to,LOC_적북측접근로,2026-09-11T13:32:36,"(21.37822517, -157.74644156)"
FRSNP008,move to,LOC_적북측접근로,2026-09-11T13:32:36,"(21.37824743, -157.74644975)"
FRSNP007,move to,LOC_적북측접근로,2026-09-11T13:32:37,"(21.37825835, -157.74644672)"
FRSNP005,move to,LOC_적북측접근로,2026-09-11T13:32:37,"(21.37834532, -157.74647381)"
FRSNP001,move to,LOC_적북측접근로,2026-09-11T13:32:37,"(21.37828893, -157.74633439)"
FRSNP004,move to,LOC_적북측접근로,2026-09-11T13:32:37,"(21.37824643, -157.74643514)"
FRSNP002,move to,LOC_적북측접근로,2026-09-11T13:32:37,"(21.37826650, -157.74634995)"
FRSNP003,move to,LOC_적북측접근로,2026-09-11T13:32:37,"(21.37821233, -157.74642935)"
FRSNP006,move to,LOC_적북측접근로,2026-09-11T13:32:37,"(21.37822517, -157.74644156)"
FRSNP008,move to,LOC_적북측접근로,2026-09-11T13:32:37,"(21.37824743, -157.74644975)"
FRSNP007,move to,LOC_적북측접근로,2026-09-11T13:32:37,"(21.37823574, -157.74643136)"
FRSNP005,move to,LOC_적북측접근로,2026-09-11T13:32:37,"(21.37832261, -157.74645848)"
FRSNP001,move to,LOC_적북측접근로,2026-09-11T13:32:37,"(21.37826616, -157.74631936)"
FRSNP002,move to,LOC_적북측접근로,2026-09-11T13:32:37,"(21.37824383, -157.74633488)"
FRSNP003,move to,LOC_적북측접근로,2026-09-11T13:32:37,"(21.37818976, -157.74641397)"
FRSNP006,move to,LOC_적북측접근로,2026-09-11T13:32:37,"(21.37820259, -157.74642616)"
FRSNP008,move to,LOC_적북측접근로,2026-09-11T13:32:37,"(21.37822483, -157.74643436)"
FRSNP007,move to,LOC_적북측접근로,2026-09-11T13:32:38,"(21.37823574, -157.74643136)"
FRSNP005,move to,LOC_적북측접근로,2026-09-11T13:32:38,"(21.37832261, -157.74645848)"
FRSNP001,move to,LOC_적북측접근로,2026-09-11T13:32:38,"(21.37826616, -157.74631936)"
FRSNP002,move to,LOC_적북측접근로,2026-09-11T13:32:38,"(21.37824383, -157.74633488)"
FRSNP003,move to,LOC_적북측접근로,2026-09-11T13:32:38,"(21.37818976, -157.74641397)"
FRSNP006,move to,LOC_적북측접근로,2026-09-11T13:32:38,"(21.37820259, -157.74642616)"
FRSNP008,move to,LOC_적북측접근로,2026-09-11T13:32:38,"(21.37822483, -157.74643436)"
FRSNP007,move to,LOC_적북측접근로,2026-09-11T13:32:38,"(21.37823574, -157.74643136)"
FRSNP005,move to,LOC_적북측접근로,2026-09-11T13:32:38,"(21.37832261, -157.74645848)"
FRSNP001,move to,LOC_적북측접근로,2026-09-11T13:32:38,"(21.37826616, -157.74631936)"
FRSNP002,move to,LOC_적북측접근로,2026-09-11T13:32:38,"(21.37824383, -157.74633488)"
FRSNP003,move to,LOC_적북측접근로,2026-09-11T13:32:38,"(21.37818976, -157.74641397)"
FRSNP006,move to,LOC_적북측접근로,2026-09-11T13:32:38,"(21.37820259, -157.74642616)"
FRSNP008,move to,LOC_적북측접근로,2026-09-11T13:32:38,"(21.37822483, -157.74643436)"
FRSNP007,move to,LOC_적북측접근로,2026-09-11T13:32:39,"(21.37823574, -157.74643136)"
FRSNP005,move to,LOC_적북측접근로,2026-09-11T13:32:39,"(21.37832261, -157.74645848)"
FRSNP001,move to,LOC_적북측접근로,2026-09-11T13:32:39,"(21.37826616, -157.74631936)"
FRSNP002,move to,LOC_적북측접근로,2026-09-11T13:32:39,"(21.37824383, -157.74633488)"
FRSNP003,move to,LOC_적북측접근로,2026-09-11T13:32:39,"(21.37818976, -157.74641397)"
FRSNP006,move to,LOC_적북측접근로,2026-09-11T13:32:39,"(21.37820259, -157.74642616)"
FRSNP008,move to,LOC_적북측접근로,2026-09-11T13:32:39,"(21.37822483, -157.74643436)"
FRSNP003,move to,LOC_적북측접근로,2026-09-11T13:32:39,"(21.37816637, -157.74639803)"
FRSNP006,move to,LOC_적북측접근로,2026-09-11T13:32:39,"(21.37817915, -157.74641018)"
FRSNP008,move to,LOC_적북측접근로,2026-09-11T13:32:39,"(21.37820135, -157.74641837)"
ENM35002,move to,LOC_적북측접근로,2026-09-11T13:32:39,"(21.37137146, -157.74157326)"
FRSNP003,move to,LOC_적북측접근로,2026-09-11T13:32:40,"(21.37816637, -157.74639803)"
FRSNP006,move to,LOC_적북측접근로,2026-09-11T13:32:40,"(21.37817915, -157.74641018)"
FRSNP008,move to,LOC_적북측접근로,2026-09-11T13:32:40,"(21.37820135, -157.74641837)"
ENM35002,move to,LOC_적북측접근로,2026-09-11T13:32:40,"(21.37137146, -157.74157326)"
FRSNP003,move to,LOC_적북측접근로,2026-09-11T13:32:40,"(21.37816637, -157.74639803)"
FRSNP006,move to,LOC_적북측접근로,2026-09-11T13:32:40,"(21.37817915, -157.74641018)"
FRSNP008,move to,LOC_적북측접근로,2026-09-11T13:32:40,"(21.37820135, -157.74641837)"
ENM35002,move to,LOC_적북측접근로,2026-09-11T13:32:40,"(21.37137146, -157.74157326)"
FRSNP003,move to,LOC_적북측접근로,2026-09-11T13:32:41,"(21.37816637, -157.74639803)"
FRSNP006,move to,LOC_적북측접근로,2026-09-11T13:32:41,"(21.37817915, -157.74641018)"
FRSNP008,move to,LOC_적북측접근로,2026-09-11T13:32:41,"(21.37820135, -157.74641837)"
ENM35002,move to,LOC_적북측접근로,2026-09-11T13:32:41,"(21.37137146, -157.74157326)"
ENM35001,move to,LOC_적북측접근로,2026-09-11T13:32:41,"(21.37137939, -157.74153214)"
ENM35001,move to,LOC_적북측접근로,2026-09-11T13:32:42,"(21.37137939, -157.74153214)"
ENM35001,move to,LOC_적북측접근로,2026-09-11T13:32:42,"(21.37137939, -157.74153214)"
ENM35001,move to,LOC_적북측접근로,2026-09-11T13:32:43,"(21.37137939, -157.74153214)"
FRTRK2004,move to,LOC_남측제1방어선,2026-09-11T13:32:48,"(21.38717133, -157.74438113)"
FRTRK1003,move to,LOC_남측제1방어선,2026-09-11T13:32:48,"(21.38734642, -157.74453618)"
FRTRK1001,move to,LOC_남측제1방어선,2026-09-11T13:32:48,"(21.38743494, -157.74453914)"
FRM113003,move to,LOC_중앙킬존남측,2026-09-11T13:32:48,"(21.39057177, -157.74220073)"
FRAHS001,FFE-on-Location,LOC_적포병진지,2026-09-11T13:32:48,"(21.39112388, -157.73719220)"
FRCMD002,move to,LOC_북측전방방어선,2026-09-11T13:32:48,"(21.37933111, -157.74824076)"
FRLAV002,move to,LOC_중앙킬존남측,2026-09-11T13:32:48,"(21.39026963, -157.74138194)"
FRLAV006,move to,LOC_중앙킬존남측,2026-09-11T13:32:48,"(21.39039663, -157.74172953)"
FRM113007,move to,LOC_중앙킬존남측,2026-09-11T13:32:48,"(21.39065974, -157.74256577)"
FRM113002,move to,LOC_중앙킬존남측,2026-09-11T13:32:48,"(21.39052907, -157.74211791)"
FRLAV008,move to,LOC_중앙킬존남측,2026-09-11T13:32:48,"(21.39046249, -157.74190160)"
FRM113006,move to,LOC_중앙킬존남측,2026-09-11T13:32:48,"(21.39068522, -157.74245586)"
FRTRK1005,move to,LOC_남측제1방어선,2026-09-11T13:32:48,"(21.38722155, -157.74451428)"
FRLAV001,move to,LOC_중앙킬존남측,2026-09-11T13:32:48,"(21.39020161, -157.74131457)"
FRTRK2001,move to,LOC_남측제1방어선,2026-09-11T13:32:48,"(21.38730245, -157.74453306)"
FRLAV003,move to,LOC_중앙킬존남측,2026-09-11T13:32:48,"(21.39026845, -157.74148620)"
FRTRK2002,move to,LOC_남측제1방어선,2026-09-11T13:32:48,"(21.38725825, -157.74452838)"
FRM113005,move to,LOC_중앙킬존남측,2026-09-11T13:32:48,"(21.39065664, -157.74236698)"
FRM113001,move to,LOC_중앙킬존남측,2026-09-11T13:32:48,"(21.39048508, -157.74203580)"
FRLAV005,move to,LOC_중앙킬존남측,2026-09-11T13:32:48,"(21.39033380, -157.74165835)"
FRTRK1002,move to,LOC_남측제1방어선,2026-09-11T13:32:48,"(21.38739040, -157.74453544)"
FRM113004,move to,LOC_중앙킬존남측,2026-09-11T13:32:48,"(21.39060930, -157.74228587)"
FRLAV007,move to,LOC_중앙킬존남측,2026-09-11T13:32:48,"(21.39044702, -157.74180725)"
FRTRK2003,move to,LOC_남측제1방어선,2026-09-11T13:32:48,"(21.38713822, -157.74437264)"
FRM109004,move to,LOC_중앙킬존남측,2026-09-11T13:32:48,"(21.39087366, -157.74327507)"
FRLAV004,move to,LOC_중앙킬존남측,2026-09-11T13:32:48,"(21.39033369, -157.74155564)"
FRTRK1004,move to,LOC_남측제1방어선,2026-09-11T13:32:48,"(21.38709321, -157.74436548)"
FRTRK2004,move to,LOC_남측제1방어선,2026-09-11T13:32:48,"(21.38717133, -157.74438113)"
FRTRK1003,move to,LOC_남측제1방어선,2026-09-11T13:32:48,"(21.38734642, -157.74453618)"
FRTRK1001,move to,LOC_남측제1방어선,2026-09-11T13:32:48,"(21.38743494, -157.74453914)"
FRM113003,move to,LOC_중앙킬존남측,2026-09-11T13:32:48,"(21.39057177, -157.74220073)"
FRAHS001,FFE-on-Location,LOC_적포병진지,2026-09-11T13:32:48,"(21.39112388, -157.73719220)"
FRCMD002,move to,LOC_북측전방방어선,2026-09-11T13:32:48,"(21.37933111, -157.74824076)"
FRLAV002,move to,LOC_중앙킬존남측,2026-09-11T13:32:48,"(21.39026963, -157.74138194)"
FRLAV006,move to,LOC_중앙킬존남측,2026-09-11T13:32:48,"(21.39039663, -157.74172953)"
FRM113007,move to,LOC_중앙킬존남측,2026-09-11T13:32:48,"(21.39065974, -157.74256577)"
FRM113002,move to,LOC_중앙킬존남측,2026-09-11T13:32:48,"(21.39052907, -157.74211791)"
FRLAV008,move to,LOC_중앙킬존남측,2026-09-11T13:32:48,"(21.39046249, -157.74190160)"
FRM113006,move to,LOC_중앙킬존남측,2026-09-11T13:32:48,"(21.39068522, -157.74245586)"
FRTRK1005,move to,LOC_남측제1방어선,2026-09-11T13:32:48,"(21.38722155, -157.74451428)"
FRLAV001,move to,LOC_중앙킬존남측,2026-09-11T13:32:48,"(21.39020161, -157.74131457)"
FRTRK2001,move to,LOC_남측제1방어선,2026-09-11T13:32:48,"(21.38730245, -157.74453306)"
FRLAV003,move to,LOC_중앙킬존남측,2026-09-11T13:32:48,"(21.39026845, -157.74148620)"
FRTRK2002,move to,LOC_남측제1방어선,2026-09-11T13:32:48,"(21.38725825, -157.74452838)"
FRM113005,move to,LOC_중앙킬존남측,2026-09-11T13:32:48,"(21.39065664, -157.74236698)"
FRM113001,move to,LOC_중앙킬존남측,2026-09-11T13:32:48,"(21.39048508, -157.74203580)"
FRLAV005,move to,LOC_중앙킬존남측,2026-09-11T13:32:48,"(21.39033380, -157.74165835)"
FRTRK1002,move to,LOC_남측제1방어선,2026-09-11T13:32:48,"(21.38739040, -157.74453544)"
FRM113004,move to,LOC_중앙킬존남측,2026-09-11T13:32:48,"(21.39060930, -157.74228587)"
FRLAV007,move to,LOC_중앙킬존남측,2026-09-11T13:32:48,"(21.39044702, -157.74180725)"
FRTRK2003,move to,LOC_남측제1방어선,2026-09-11T13:32:48,"(21.38713822, -157.74437264)"
FRM109004,move to,LOC_중앙킬존남측,2026-09-11T13:32:48,"(21.39087366, -157.74327507)"
FRLAV004,move to,LOC_중앙킬존남측,2026-09-11T13:32:48,"(21.39033369, -157.74155564)"
FRTRK1004,move to,LOC_남측제1방어선,2026-09-11T13:32:48,"(21.38709321, -157.74436548)"
FRTRK2004,move to,LOC_남측제1방어선,2026-09-11T13:32:49,"(21.38717133, -157.74438113)"
FRTRK1003,move to,LOC_남측제1방어선,2026-09-11T13:32:49,"(21.38734642, -157.74453618)"
FRTRK1001,move to,LOC_남측제1방어선,2026-09-11T13:32:49,"(21.38743494, -157.74453914)"
FRM113003,move to,LOC_중앙킬존남측,2026-09-11T13:32:49,"(21.39057177, -157.74220073)"
FRAHS001,FFE-on-Location,LOC_적포병진지,2026-09-11T13:32:49,"(21.39112388, -157.73719220)"
FRCMD002,move to,LOC_북측전방방어선,2026-09-11T13:32:49,"(21.37933111, -157.74824076)"
FRLAV002,move to,LOC_중앙킬존남측,2026-09-11T13:32:49,"(21.39026963, -157.74138194)"
FRLAV006,move to,LOC_중앙킬존남측,2026-09-11T13:32:49,"(21.39039663, -157.74172953)"
FRM113007,move to,LOC_중앙킬존남측,2026-09-11T13:32:49,"(21.39065974, -157.74256577)"
FRM113002,move to,LOC_중앙킬존남측,2026-09-11T13:32:49,"(21.39052907, -157.74211791)"
FRLAV008,move to,LOC_중앙킬존남측,2026-09-11T13:32:49,"(21.39046249, -157.74190160)"
FRM113006,move to,LOC_중앙킬존남측,2026-09-11T13:32:49,"(21.39068522, -157.74245586)"
FRTRK1005,move to,LOC_남측제1방어선,2026-09-11T13:32:49,"(21.38722155, -157.74451428)"
FRLAV001,move to,LOC_중앙킬존남측,2026-09-11T13:32:49,"(21.39020161, -157.74131457)"
FRTRK2001,move to,LOC_남측제1방어선,2026-09-11T13:32:49,"(21.38730245, -157.74453306)"
FRLAV003,move to,LOC_중앙킬존남측,2026-09-11T13:32:49,"(21.39026845, -157.74148620)"
FRTRK2002,move to,LOC_남측제1방어선,2026-09-11T13:32:49,"(21.38725825, -157.74452838)"
FRM113005,move to,LOC_중앙킬존남측,2026-09-11T13:32:49,"(21.39065664, -157.74236698)"
FRM113001,move to,LOC_중앙킬존남측,2026-09-11T13:32:49,"(21.39048508, -157.74203580)"
FRLAV005,move to,LOC_중앙킬존남측,2026-09-11T13:32:49,"(21.39033380, -157.74165835)"
FRTRK1002,move to,LOC_남측제1방어선,2026-09-11T13:32:49,"(21.38739040, -157.74453544)"
FRM113004,move to,LOC_중앙킬존남측,2026-09-11T13:32:49,"(21.39060930, -157.74228587)"
FRLAV007,move to,LOC_중앙킬존남측,2026-09-11T13:32:49,"(21.39044702, -157.74180725)"
FRTRK2003,move to,LOC_남측제1방어선,2026-09-11T13:32:49,"(21.38713822, -157.74437264)"
FRM109004,move to,LOC_중앙킬존남측,2026-09-11T13:32:49,"(21.39087366, -157.74327507)"
FRLAV004,move to,LOC_중앙킬존남측,2026-09-11T13:32:49,"(21.39033369, -157.74155564)"
FRTRK1004,move to,LOC_남측제1방어선,2026-09-11T13:32:49,"(21.38709321, -157.74436548)"
FRTRK2004,move to,LOC_남측제1방어선,2026-09-11T13:32:49,"(21.38717108, -157.74437873)"
FRTRK1003,move to,LOC_남측제1방어선,2026-09-11T13:32:49,"(21.38734668, -157.74453816)"
FRTRK1001,move to,LOC_남측제1방어선,2026-09-11T13:32:49,"(21.38743523, -157.74454114)"
FRM113003,move to,LOC_중앙킬존남측,2026-09-11T13:32:49,"(21.39057344, -157.74220001)"
FRAHS001,FFE-on-Location,LOC_적포병진지,2026-09-11T13:32:49,"(21.39112388, -157.73719220)"
FRLAV002,move to,LOC_중앙킬존남측,2026-09-11T13:32:49,"(21.39026879, -157.74138239)"
FRLAV006,move to,LOC_중앙킬존남측,2026-09-11T13:32:49,"(21.39039800, -157.74172886)"
FRM113007,move to,LOC_중앙킬존남측,2026-09-11T13:32:49,"(21.39066079, -157.74256536)"
FRM113002,move to,LOC_중앙킬존남측,2026-09-11T13:32:49,"(21.39053075, -157.74211716)"
FRLAV008,move to,LOC_중앙킬존남측,2026-09-11T13:32:49,"(21.39046415, -157.74190082)"
FRM113006,move to,LOC_중앙킬존남측,2026-09-11T13:32:49,"(21.39068576, -157.74245565)"
FRTRK1005,move to,LOC_남측제1방어선,2026-09-11T13:32:49,"(21.38722135, -157.74451250)"
FRLAV001,move to,LOC_중앙킬존남측,2026-09-11T13:32:49,"(21.39020322, -157.74131369)"
FRTRK2001,move to,LOC_남측제1방어선,2026-09-11T13:32:49,"(21.38730261, -157.74453437)"
FRLAV003,move to,LOC_중앙킬존남측,2026-09-11T13:32:49,"(21.39026953, -157.74148564)"
FRTRK2002,move to,LOC_남측제1방어선,2026-09-11T13:32:49,"(21.38725836, -157.74452930)"
FRM113005,move to,LOC_중앙킬존남측,2026-09-11T13:32:49,"(21.39065667, -157.74236697)"
FRM113001,move to,LOC_중앙킬존남측,2026-09-11T13:32:49,"(21.39048673, -157.74203505)"
FRLAV005,move to,LOC_중앙킬존남측,2026-09-11T13:32:49,"(21.39033292, -157.74165879)"
FRTRK1002,move to,LOC_남측제1방어선,2026-09-11T13:32:49,"(21.38739068, -157.74453739)"
FRM113004,move to,LOC_중앙킬존남측,2026-09-11T13:32:49,"(21.39060838, -157.74228626)"
FRLAV007,move to,LOC_중앙킬존남측,2026-09-11T13:32:49,"(21.39044470, -157.74180836)"
FRTRK2003,move to,LOC_남측제1방어선,2026-09-11T13:32:49,"(21.38713809, -157.74437130)"
FRLAV004,move to,LOC_중앙킬존남측,2026-09-11T13:32:49,"(21.39033310, -157.74155595)"
FRTRK1004,move to,LOC_남측제1방어선,2026-09-11T13:32:49,"(21.38709334, -157.74436701)"
FRTRK2004,move to,LOC_남측제1방어선,2026-09-11T13:32:50,"(21.38717108, -157.74437873)"
FRTRK1003,move to,LOC_남측제1방어선,2026-09-11T13:32:50,"(21.38734668, -157.74453816)"
FRTRK1001,move to,LOC_남측제1방어선,2026-09-11T13:32:50,"(21.38743523, -157.74454114)"
FRM113003,move to,LOC_중앙킬존남측,2026-09-11T13:32:50,"(21.39057344, -157.74220001)"
FRAHS001,FFE-on-Location,LOC_적포병진지,2026-09-11T13:32:50,"(21.39112388, -157.73719220)"
FRLAV002,move to,LOC_중앙킬존남측,2026-09-11T13:32:50,"(21.39026879, -157.74138239)"
FRLAV006,move to,LOC_중앙킬존남측,2026-09-11T13:32:50,"(21.39039800, -157.74172886)"
FRM113007,move to,LOC_중앙킬존남측,2026-09-11T13:32:50,"(21.39066079, -157.74256536)"
FRM113002,move to,LOC_중앙킬존남측,2026-09-11T13:32:50,"(21.39053075, -157.74211716)"
FRLAV008,move to,LOC_중앙킬존남측,2026-09-11T13:32:50,"(21.39046415, -157.74190082)"
FRM113006,move to,LOC_중앙킬존남측,2026-09-11T13:32:50,"(21.39068576, -157.74245565)"
FRTRK1005,move to,LOC_남측제1방어선,2026-09-11T13:32:50,"(21.38722135, -157.74451250)"
FRLAV001,move to,LOC_중앙킬존남측,2026-09-11T13:32:50,"(21.39020322, -157.74131369)"
FRTRK2001,move to,LOC_남측제1방어선,2026-09-11T13:32:50,"(21.38730261, -157.74453437)"
FRLAV003,move to,LOC_중앙킬존남측,2026-09-11T13:32:50,"(21.39026953, -157.74148564)"
FRTRK2002,move to,LOC_남측제1방어선,2026-09-11T13:32:50,"(21.38725836, -157.74452930)"
FRM113005,move to,LOC_중앙킬존남측,2026-09-11T13:32:50,"(21.39065667, -157.74236697)"
FRM113001,move to,LOC_중앙킬존남측,2026-09-11T13:32:50,"(21.39048673, -157.74203505)"
FRLAV005,move to,LOC_중앙킬존남측,2026-09-11T13:32:50,"(21.39033292, -157.74165879)"
FRTRK1002,move to,LOC_남측제1방어선,2026-09-11T13:32:50,"(21.38739068, -157.74453739)"
FRM113004,move to,LOC_중앙킬존남측,2026-09-11T13:32:50,"(21.39060838, -157.74228626)"
FRLAV007,move to,LOC_중앙킬존남측,2026-09-11T13:32:50,"(21.39044470, -157.74180836)"
FRTRK2003,move to,LOC_남측제1방어선,2026-09-11T13:32:50,"(21.38713809, -157.74437130)"
FRLAV004,move to,LOC_중앙킬존남측,2026-09-11T13:32:50,"(21.39033310, -157.74155595)"
FRTRK1004,move to,LOC_남측제1방어선,2026-09-11T13:32:50,"(21.38709334, -157.74436701)"
FRTRK2004,move to,LOC_남측제1방어선,2026-09-11T13:32:50,"(21.38717108, -157.74437873)"
FRTRK1003,move to,LOC_남측제1방어선,2026-09-11T13:32:50,"(21.38734668, -157.74453816)"
FRTRK1001,move to,LOC_남측제1방어선,2026-09-11T13:32:50,"(21.38743523, -157.74454114)"
FRM113003,move to,LOC_중앙킬존남측,2026-09-11T13:32:50,"(21.39057344, -157.74220001)"
FRAHS001,FFE-on-Location,LOC_적포병진지,2026-09-11T13:32:50,"(21.39112388, -157.73719220)"
FRLAV002,move to,LOC_중앙킬존남측,2026-09-11T13:32:50,"(21.39026879, -157.74138239)"
FRLAV006,move to,LOC_중앙킬존남측,2026-09-11T13:32:50,"(21.39039800, -157.74172886)"
FRM113007,move to,LOC_중앙킬존남측,2026-09-11T13:32:50,"(21.39066079, -157.74256536)"
FRM113002,move to,LOC_중앙킬존남측,2026-09-11T13:32:50,"(21.39053075, -157.74211716)"
FRLAV008,move to,LOC_중앙킬존남측,2026-09-11T13:32:50,"(21.39046415, -157.74190082)"
FRM113006,move to,LOC_중앙킬존남측,2026-09-11T13:32:50,"(21.39068576, -157.74245565)"
FRTRK1005,move to,LOC_남측제1방어선,2026-09-11T13:32:50,"(21.38722135, -157.74451250)"
FRLAV001,move to,LOC_중앙킬존남측,2026-09-11T13:32:50,"(21.39020322, -157.74131369)"
FRTRK2001,move to,LOC_남측제1방어선,2026-09-11T13:32:50,"(21.38730261, -157.74453437)"
FRLAV003,move to,LOC_중앙킬존남측,2026-09-11T13:32:50,"(21.39026953, -157.74148564)"
FRTRK2002,move to,LOC_남측제1방어선,2026-09-11T13:32:50,"(21.38725836, -157.74452930)"
FRM113005,move to,LOC_중앙킬존남측,2026-09-11T13:32:50,"(21.39065667, -157.74236697)"
FRM113001,move to,LOC_중앙킬존남측,2026-09-11T13:32:50,"(21.39048673, -157.74203505)"
FRLAV005,move to,LOC_중앙킬존남측,2026-09-11T13:32:50,"(21.39033292, -157.74165879)"
FRTRK1002,move to,LOC_남측제1방어선,2026-09-11T13:32:50,"(21.38739068, -157.74453739)"
FRM113004,move to,LOC_중앙킬존남측,2026-09-11T13:32:50,"(21.39060838, -157.74228626)"
FRLAV007,move to,LOC_중앙킬존남측,2026-09-11T13:32:50,"(21.39044470, -157.74180836)"
FRTRK2003,move to,LOC_남측제1방어선,2026-09-11T13:32:50,"(21.38713809, -157.74437130)"
FRLAV004,move to,LOC_중앙킬존남측,2026-09-11T13:32:50,"(21.39033310, -157.74155595)"
FRTRK1004,move to,LOC_남측제1방어선,2026-09-11T13:32:50,"(21.38709334, -157.74436701)"
FRTRK2004,move to,LOC_남측제1방어선,2026-09-11T13:32:51,"(21.38717108, -157.74437873)"
FRTRK1003,move to,LOC_남측제1방어선,2026-09-11T13:32:51,"(21.38734668, -157.74453816)"
FRTRK1001,move to,LOC_남측제1방어선,2026-09-11T13:32:51,"(21.38743523, -157.74454114)"
FRM113003,move to,LOC_중앙킬존남측,2026-09-11T13:32:51,"(21.39057344, -157.74220001)"
FRAHS001,FFE-on-Location,LOC_적포병진지,2026-09-11T13:32:51,"(21.39112388, -157.73719220)"
FRLAV002,move to,LOC_중앙킬존남측,2026-09-11T13:32:51,"(21.39026879, -157.74138239)"
FRLAV006,move to,LOC_중앙킬존남측,2026-09-11T13:32:51,"(21.39039800, -157.74172886)"
FRM113007,move to,LOC_중앙킬존남측,2026-09-11T13:32:51,"(21.39066079, -157.74256536)"
FRM113002,move to,LOC_중앙킬존남측,2026-09-11T13:32:51,"(21.39053075, -157.74211716)"
FRLAV008,move to,LOC_중앙킬존남측,2026-09-11T13:32:51,"(21.39046415, -157.74190082)"
FRM113006,move to,LOC_중앙킬존남측,2026-09-11T13:32:51,"(21.39068576, -157.74245565)"
FRTRK1005,move to,LOC_남측제1방어선,2026-09-11T13:32:51,"(21.38722135, -157.74451250)"
FRLAV001,move to,LOC_중앙킬존남측,2026-09-11T13:32:51,"(21.39020322, -157.74131369)"
FRTRK2001,move to,LOC_남측제1방어선,2026-09-11T13:32:51,"(21.38730261, -157.74453437)"
FRLAV003,move to,LOC_중앙킬존남측,2026-09-11T13:32:51,"(21.39026953, -157.74148564)"
FRTRK2002,move to,LOC_남측제1방어선,2026-09-11T13:32:51,"(21.38725836, -157.74452930)"
FRM113005,move to,LOC_중앙킬존남측,2026-09-11T13:32:51,"(21.39065667, -157.74236697)"
FRM113001,move to,LOC_중앙킬존남측,2026-09-11T13:32:51,"(21.39048673, -157.74203505)"
FRLAV005,move to,LOC_중앙킬존남측,2026-09-11T13:32:51,"(21.39033292, -157.74165879)"
FRTRK1002,move to,LOC_남측제1방어선,2026-09-11T13:32:51,"(21.38739068, -157.74453739)"
FRM113004,move to,LOC_중앙킬존남측,2026-09-11T13:32:51,"(21.39060838, -157.74228626)"
FRLAV007,move to,LOC_중앙킬존남측,2026-09-11T13:32:51,"(21.39044470, -157.74180836)"
FRTRK2003,move to,LOC_남측제1방어선,2026-09-11T13:32:51,"(21.38713809, -157.74437130)"
FRLAV004,move to,LOC_중앙킬존남측,2026-09-11T13:32:51,"(21.39033310, -157.74155595)"
FRTRK1004,move to,LOC_남측제1방어선,2026-09-11T13:32:51,"(21.38709334, -157.74436701)"
FRTRK2004,move to,LOC_남측제1방어선,2026-09-11T13:32:51,"(21.38717094, -157.74437731)"
FRTRK1003,move to,LOC_남측제1방어선,2026-09-11T13:32:51,"(21.38734669, -157.74453829)"
FRTRK1001,move to,LOC_남측제1방어선,2026-09-11T13:32:51,"(21.38743560, -157.74454364)"
FRAHS001,FFE-on-Location,LOC_적포병진지,2026-09-11T13:32:51,"(21.39112388, -157.73719220)"
FRLAV002,move to,LOC_중앙킬존남측,2026-09-11T13:32:51,"(21.39026814, -157.74138274)"
FRLAV006,move to,LOC_중앙킬존남측,2026-09-11T13:32:51,"(21.39039968, -157.74172803)"
FRLAV008,move to,LOC_중앙킬존남측,2026-09-11T13:32:51,"(21.39046585, -157.74190002)"
FRTRK1005,move to,LOC_남측제1방어선,2026-09-11T13:32:51,"(21.38722127, -157.74451174)"
FRLAV001,move to,LOC_중앙킬존남측,2026-09-11T13:32:51,"(21.39020325, -157.74131368)"
FRTRK2001,move to,LOC_남측제1방어선,2026-09-11T13:32:51,"(21.38730253, -157.74453366)"
FRLAV003,move to,LOC_중앙킬존남측,2026-09-11T13:32:51,"(21.39027112, -157.74148480)"
FRTRK2002,move to,LOC_남측제1방어선,2026-09-11T13:32:51,"(21.38725827, -157.74452854)"
FRLAV005,move to,LOC_중앙킬존남측,2026-09-11T13:32:51,"(21.39033303, -157.74165873)"
FRTRK1002,move to,LOC_남측제1방어선,2026-09-11T13:32:51,"(21.38739103, -157.74453992)"
FRLAV007,move to,LOC_중앙킬존남측,2026-09-11T13:32:51,"(21.39044368, -157.74180885)"
FRTRK2003,move to,LOC_남측제1방어선,2026-09-11T13:32:51,"(21.38713815, -157.74437189)"
FRLAV004,move to,LOC_중앙킬존남측,2026-09-11T13:32:51,"(21.39033244, -157.74155628)"
FRTRK1004,move to,LOC_남측제1방어선,2026-09-11T13:32:51,"(21.38709355, -157.74436936)"
FRTRK2004,move to,LOC_남측제1방어선,2026-09-11T13:32:52,"(21.38717094, -157.74437731)"
FRTRK1003,move to,LOC_남측제1방어선,2026-09-11T13:32:52,"(21.38734669, -157.74453829)"
FRTRK1001,move to,LOC_남측제1방어선,2026-09-11T13:32:52,"(21.38743560, -157.74454364)"
FRAHS001,FFE-on-Location,LOC_적포병진지,2026-09-11T13:32:52,"(21.39112388, -157.73719220)"
FRLAV002,move to,LOC_중앙킬존남측,2026-09-11T13:32:52,"(21.39026814, -157.74138274)"
FRLAV006,move to,LOC_중앙킬존남측,2026-09-11T13:32:52,"(21.39039968, -157.74172803)"
FRLAV008,move to,LOC_중앙킬존남측,2026-09-11T13:32:52,"(21.39046585, -157.74190002)"
FRTRK1005,move to,LOC_남측제1방어선,2026-09-11T13:32:52,"(21.38722127, -157.74451174)"
FRLAV001,move to,LOC_중앙킬존남측,2026-09-11T13:32:52,"(21.39020325, -157.74131368)"
FRTRK2001,move to,LOC_남측제1방어선,2026-09-11T13:32:52,"(21.38730253, -157.74453366)"
FRLAV003,move to,LOC_중앙킬존남측,2026-09-11T13:32:52,"(21.39027112, -157.74148480)"
FRTRK2002,move to,LOC_남측제1방어선,2026-09-11T13:32:52,"(21.38725827, -157.74452854)"
FRLAV005,move to,LOC_중앙킬존남측,2026-09-11T13:32:52,"(21.39033303, -157.74165873)"
FRTRK1002,move to,LOC_남측제1방어선,2026-09-11T13:32:52,"(21.38739103, -157.74453992)"
FRLAV007,move to,LOC_중앙킬존남측,2026-09-11T13:32:52,"(21.39044368, -157.74180885)"
FRTRK2003,move to,LOC_남측제1방어선,2026-09-11T13:32:52,"(21.38713815, -157.74437189)"
FRLAV004,move to,LOC_중앙킬존남측,2026-09-11T13:32:52,"(21.39033244, -157.74155628)"
FRTRK1004,move to,LOC_남측제1방어선,2026-09-11T13:32:52,"(21.38709355, -157.74436936)"
FRTRK2004,move to,LOC_남측제1방어선,2026-09-11T13:32:52,"(21.38717094, -157.74437731)"
FRTRK1003,move to,LOC_남측제1방어선,2026-09-11T13:32:52,"(21.38734669, -157.74453829)"
FRTRK1001,move to,LOC_남측제1방어선,2026-09-11T13:32:52,"(21.38743560, -157.74454364)"
FRAHS001,FFE-on-Location,LOC_적포병진지,2026-09-11T13:32:52,"(21.39112388, -157.73719220)"
FRLAV002,move to,LOC_중앙킬존남측,2026-09-11T13:32:52,"(21.39026814, -157.74138274)"
FRLAV006,move to,LOC_중앙킬존남측,2026-09-11T13:32:52,"(21.39039968, -157.74172803)"
FRLAV008,move to,LOC_중앙킬존남측,2026-09-11T13:32:52,"(21.39046585, -157.74190002)"
FRTRK1005,move to,LOC_남측제1방어선,2026-09-11T13:32:52,"(21.38722127, -157.74451174)"
FRLAV001,move to,LOC_중앙킬존남측,2026-09-11T13:32:52,"(21.39020325, -157.74131368)"
FRTRK2001,move to,LOC_남측제1방어선,2026-09-11T13:32:52,"(21.38730253, -157.74453366)"
FRLAV003,move to,LOC_중앙킬존남측,2026-09-11T13:32:52,"(21.39027112, -157.74148480)"
FRTRK2002,move to,LOC_남측제1방어선,2026-09-11T13:32:52,"(21.38725827, -157.74452854)"
FRLAV005,move to,LOC_중앙킬존남측,2026-09-11T13:32:52,"(21.39033303, -157.74165873)"
FRTRK1002,move to,LOC_남측제1방어선,2026-09-11T13:32:52,"(21.38739103, -157.74453992)"
FRLAV007,move to,LOC_중앙킬존남측,2026-09-11T13:32:52,"(21.39044368, -157.74180885)"
FRTRK2003,move to,LOC_남측제1방어선,2026-09-11T13:32:52,"(21.38713815, -157.74437189)"
FRLAV004,move to,LOC_중앙킬존남측,2026-09-11T13:32:52,"(21.39033244, -157.74155628)"
FRTRK1004,move to,LOC_남측제1방어선,2026-09-11T13:32:52,"(21.38709355, -157.74436936)"
FRTRK2004,move to,LOC_남측제1방어선,2026-09-11T13:32:53,"(21.38717094, -157.74437731)"
FRTRK1003,move to,LOC_남측제1방어선,2026-09-11T13:32:53,"(21.38734669, -157.74453829)"
FRTRK1001,move to,LOC_남측제1방어선,2026-09-11T13:32:53,"(21.38743560, -157.74454364)"
FRAHS001,FFE-on-Location,LOC_적포병진지,2026-09-11T13:32:53,"(21.39112388, -157.73719220)"
FRLAV002,move to,LOC_중앙킬존남측,2026-09-11T13:32:53,"(21.39026814, -157.74138274)"
FRLAV006,move to,LOC_중앙킬존남측,2026-09-11T13:32:53,"(21.39039968, -157.74172803)"
FRLAV008,move to,LOC_중앙킬존남측,2026-09-11T13:32:53,"(21.39046585, -157.74190002)"
FRTRK1005,move to,LOC_남측제1방어선,2026-09-11T13:32:53,"(21.38722127, -157.74451174)"
FRLAV001,move to,LOC_중앙킬존남측,2026-09-11T13:32:53,"(21.39020325, -157.74131368)"
FRTRK2001,move to,LOC_남측제1방어선,2026-09-11T13:32:53,"(21.38730253, -157.74453366)"
FRLAV003,move to,LOC_중앙킬존남측,2026-09-11T13:32:53,"(21.39027112, -157.74148480)"
FRTRK2002,move to,LOC_남측제1방어선,2026-09-11T13:32:53,"(21.38725827, -157.74452854)"
FRLAV005,move to,LOC_중앙킬존남측,2026-09-11T13:32:53,"(21.39033303, -157.74165873)"
FRTRK1002,move to,LOC_남측제1방어선,2026-09-11T13:32:53,"(21.38739103, -157.74453992)"
FRLAV007,move to,LOC_중앙킬존남측,2026-09-11T13:32:53,"(21.39044368, -157.74180885)"
FRTRK2003,move to,LOC_남측제1방어선,2026-09-11T13:32:53,"(21.38713815, -157.74437189)"
FRLAV004,move to,LOC_중앙킬존남측,2026-09-11T13:32:53,"(21.39033244, -157.74155628)"
FRTRK1004,move to,LOC_남측제1방어선,2026-09-11T13:32:53,"(21.38709355, -157.74436936)"
FRTRK2004,move to,LOC_남측제1방어선,2026-09-11T13:32:53,"(21.38717100, -157.74437790)"
FRAHS001,FFE-on-Location,LOC_적포병진지,2026-09-11T13:32:53,"(21.39112388, -157.73719220)"
FRTRK1005,move to,LOC_남측제1방어선,2026-09-11T13:32:53,"(21.38722133, -157.74451234)"
FRTRK2003,move to,LOC_남측제1방어선,2026-09-11T13:32:53,"(21.38713836, -157.74437408)"
FRTRK1004,move to,LOC_남측제1방어선,2026-09-11T13:32:53,"(21.38709369, -157.74437100)"
FRTRK2004,move to,LOC_남측제1방어선,2026-09-11T13:32:54,"(21.38717100, -157.74437790)"
FRAHS001,FFE-on-Location,LOC_적포병진지,2026-09-11T13:32:54,"(21.39112388, -157.73719220)"
FRTRK1005,move to,LOC_남측제1방어선,2026-09-11T13:32:54,"(21.38722133, -157.74451234)"
FRTRK2003,move to,LOC_남측제1방어선,2026-09-11T13:32:54,"(21.38713836, -157.74437408)"
FRTRK1004,move to,LOC_남측제1방어선,2026-09-11T13:32:54,"(21.38709369, -157.74437100)"
FRTRK2004,move to,LOC_남측제1방어선,2026-09-11T13:32:54,"(21.38717100, -157.74437790)"
FRAHS001,FFE-on-Location,LOC_적포병진지,2026-09-11T13:32:54,"(21.39112388, -157.73719220)"
FRTRK1005,move to,LOC_남측제1방어선,2026-09-11T13:32:54,"(21.38722133, -157.74451234)"
FRTRK2003,move to,LOC_남측제1방어선,2026-09-11T13:32:54,"(21.38713836, -157.74437408)"
FRTRK1004,move to,LOC_남측제1방어선,2026-09-11T13:32:54,"(21.38709369, -157.74437100)"
FRTRK2004,move to,LOC_남측제1방어선,2026-09-11T13:32:55,"(21.38717100, -157.74437790)"
FRAHS001,FFE-on-Location,LOC_적포병진지,2026-09-11T13:32:55,"(21.39112388, -157.73719220)"
FRTRK1005,move to,LOC_남측제1방어선,2026-09-11T13:32:55,"(21.38722133, -157.74451234)"
FRTRK2003,move to,LOC_남측제1방어선,2026-09-11T13:32:55,"(21.38713836, -157.74437408)"
FRTRK1004,move to,LOC_남측제1방어선,2026-09-11T13:32:55,"(21.38709369, -157.74437100)"
FRAHS001,FFE-on-Location,LOC_적포병진지,2026-09-11T13:32:56,"(21.39112388, -157.73719220)"
FRAHS001,FFE-on-Location,LOC_적포병진지,2026-09-11T13:32:56,"(21.39112388, -157.73719220)"
FRAHS001,FFE-on-Location,LOC_적포병진지,2026-09-11T13:32:56,"(21.39112388, -157.73719220)"
FRAHS001,FFE-on-Location,LOC_적포병진지,2026-09-11T13:32:57,"(21.39112388, -157.73719220)"
ENM35002,move to,LOC_적북측접근로,2026-09-11T13:33:02,"(21.37137058, -157.74157682)"
ENM35002,move to,LOC_적북측접근로,2026-09-11T13:33:02,"(21.37137058, -157.74157682)"
ENM35002,move to,LOC_적북측접근로,2026-09-11T13:33:03,"(21.37137058, -157.74157682)"
ENM35002,move to,LOC_적북측접근로,2026-09-11T13:33:03,"(21.37137058, -157.74157682)"
ENM35001,move to,LOC_적북측접근로,2026-09-11T13:33:04,"(21.37137932, -157.74153246)"
ENM35001,move to,LOC_적북측접근로,2026-09-11T13:33:04,"(21.37137932, -157.74153246)"
ENM35001,move to,LOC_적북측접근로,2026-09-11T13:33:05,"(21.37137932, -157.74153246)"
ENM35001,move to,LOC_적북측접근로,2026-09-11T13:33:06,"(21.37137932, -157.74153246)"
ENM35001,move to,LOC_적북측접근로,2026-09-11T13:33:06,"(21.37137482, -157.74155146)"
ENM35001,move to,LOC_적북측접근로,2026-09-11T13:33:07,"(21.37137482, -157.74155146)"
ENM35001,move to,LOC_적북측접근로,2026-09-11T13:33:07,"(21.37137482, -157.74155146)"
ENM35001,move to,LOC_적북측접근로,2026-09-11T13:33:08,"(21.37137482, -157.74155146)"
ENM35002,move to,LOC_적북측접근로,2026-09-11T13:33:08,"(21.37135264, -157.74164934)"
ENM35002,move to,LOC_적북측접근로,2026-09-11T13:33:09,"(21.37135264, -157.74164934)"
ENM35002,move to,LOC_적북측접근로,2026-09-11T13:33:09,"(21.37135264, -157.74164934)"
ENM35002,move to,LOC_적북측접근로,2026-09-11T13:33:12,"(21.37136667, -157.74159265)"
ENM35001,move to,LOC_적북측접근로,2026-09-11T13:33:12,"(21.37135213, -157.74164735)"
ENM35002,move to,LOC_적북측접근로,2026-09-11T13:33:13,"(21.37136667, -157.74159265)"
ENM35001,move to,LOC_적북측접근로,2026-09-11T13:33:13,"(21.37135213, -157.74164735)"
ENM35002,move to,LOC_적북측접근로,2026-09-11T13:33:13,"(21.37136667, -157.74159265)"
ENM35001,move to,LOC_적북측접근로,2026-09-11T13:33:13,"(21.37135213, -157.74164735)"
ENM35002,move to,LOC_적북측접근로,2026-09-11T13:33:14,"(21.37136667, -157.74159265)"
ENM35001,move to,LOC_적북측접근로,2026-09-11T13:33:14,"(21.37135213, -157.74164735)"
ENM35001,move to,LOC_적북측접근로,2026-09-11T13:33:14,"(21.37135175, -157.74164893)"
ENM35001,move to,LOC_적북측접근로,2026-09-11T13:33:15,"(21.37135175, -157.74164893)"
ENM35001,move to,LOC_적북측접근로,2026-09-11T13:33:15,"(21.37135175, -157.74164893)"
ENM35001,move to,LOC_적북측접근로,2026-09-11T13:33:16,"(21.37135175, -157.74164893)"
ENM35001,move to,LOC_적북측접근로,2026-09-11T13:33:16,"(21.37135702, -157.74162665)"
ENM35001,move to,LOC_적북측접근로,2026-09-11T13:33:17,"(21.37135702, -157.74162665)"
ENM35001,move to,LOC_적북측접근로,2026-09-11T13:33:17,"(21.37135702, -157.74162665)"
ENM35002,move to,LOC_적북측접근로,2026-09-11T13:33:24,"(21.37136711, -157.74159084)"
ENM35001,move to,LOC_적북측접근로,2026-09-11T13:33:24,"(21.37137892, -157.74153412)"
ENM35002,move to,LOC_적북측접근로,2026-09-11T13:33:25,"(21.37136711, -157.74159084)"
ENM35001,move to,LOC_적북측접근로,2026-09-11T13:33:25,"(21.37137892, -157.74153412)"
ENM35002,move to,LOC_적북측접근로,2026-09-11T13:33:25,"(21.37136711, -157.74159084)"
ENM35001,move to,LOC_적북측접근로,2026-09-11T13:33:25,"(21.37137892, -157.74153412)"
ENM35002,move to,LOC_적북측접근로,2026-09-11T13:33:26,"(21.37136711, -157.74159084)"
ENM35001,move to,LOC_적북측접근로,2026-09-11T13:33:26,"(21.37137892, -157.74153412)"
ENM35001,move to,LOC_적북측접근로,2026-09-11T13:33:27,"(21.37137665, -157.74154374)"
ENM35001,move to,LOC_적북측접근로,2026-09-11T13:33:27,"(21.37137665, -157.74154374)"
ENM35001,move to,LOC_적북측접근로,2026-09-11T13:33:28,"(21.37137665, -157.74154374)"
ENM35001,move to,LOC_적북측접근로,2026-09-11T13:33:28,"(21.37137665, -157.74154374)"
ENM35002,move to,LOC_적북측접근로,2026-09-11T13:33:29,"(21.37135242, -157.74165020)"
ENM35002,move to,LOC_적북측접근로,2026-09-11T13:33:29,"(21.37135242, -157.74165020)"
ENM35002,move to,LOC_적북측접근로,2026-09-11T13:33:30,"(21.37135242, -157.74165020)"
ENM35002,move to,LOC_적북측접근로,2026-09-11T13:33:30,"(21.37135319, -157.74164711)"
ENM35002,move to,LOC_적북측접근로,2026-09-11T13:33:31,"(21.37135319, -157.74164711)"
ENM35002,move to,LOC_적북측접근로,2026-09-11T13:33:31,"(21.37135319, -157.74164711)"
ENM35002,move to,LOC_적북측접근로,2026-09-11T13:33:32,"(21.37135319, -157.74164711)"
ENM35001,move to,LOC_적북측접근로,2026-09-11T13:33:37,"(21.37135296, -157.74164385)"
ENM35001,move to,LOC_적북측접근로,2026-09-11T13:33:37,"(21.37135296, -157.74164385)"
ENM35001,move to,LOC_적북측접근로,2026-09-11T13:33:38,"(21.37135296, -157.74164385)"
ENM35001,move to,LOC_적북측접근로,2026-09-11T13:33:38,"(21.37135296, -157.74164385)"
ENM35001,move to,LOC_적북측접근로,2026-09-11T13:33:39,"(21.37136008, -157.74161375)"
ENM35001,move to,LOC_적북측접근로,2026-09-11T13:33:39,"(21.37136008, -157.74161375)"
ENM35001,move to,LOC_적북측접근로,2026-09-11T13:33:40,"(21.37136008, -157.74161375)"
ENM35001,move to,LOC_적북측접근로,2026-09-11T13:33:40,"(21.37136008, -157.74161375)"
ENM35002,move to,LOC_적북측접근로,2026-09-11T13:33:45,"(21.37137334, -157.74156568)"
ENM35002,move to,LOC_적북측접근로,2026-09-11T13:33:46,"(21.37137334, -157.74156568)"
ENM35002,move to,LOC_적북측접근로,2026-09-11T13:33:46,"(21.37137334, -157.74156568)"
ENM35002,move to,LOC_적북측접근로,2026-09-11T13:33:47,"(21.37137334, -157.74156568)"
ENM35002,move to,LOC_적북측접근로,2026-09-11T13:33:47,"(21.37136471, -157.74160054)"
ENM35001,move to,LOC_적북측접근로,2026-09-11T13:33:47,"(21.37137901, -157.74153375)"
ENM35002,move to,LOC_적북측접근로,2026-09-11T13:33:48,"(21.37136471, -157.74160054)"
ENM35001,move to,LOC_적북측접근로,2026-09-11T13:33:48,"(21.37137901, -157.74153375)"
ENM35002,move to,LOC_적북측접근로,2026-09-11T13:33:48,"(21.37136471, -157.74160054)"
ENM35001,move to,LOC_적북측접근로,2026-09-11T13:33:48,"(21.37137901, -157.74153375)"
ENM35002,move to,LOC_적북측접근로,2026-09-11T13:33:49,"(21.37136471, -157.74160054)"
ENM35001,move to,LOC_적북측접근로,2026-09-11T13:33:49,"(21.37137901, -157.74153375)"
ENM35001,move to,LOC_적북측접근로,2026-09-11T13:33:49,"(21.37137540, -157.74154899)"
ENM35001,move to,LOC_적북측접근로,2026-09-11T13:33:50,"(21.37137540, -157.74154899)"
ENM35001,move to,LOC_적북측접근로,2026-09-11T13:33:50,"(21.37137540, -157.74154899)"
ENM35001,move to,LOC_적북측접근로,2026-09-11T13:33:51,"(21.37137540, -157.74154899)"
ENM35002,move to,LOC_적북측접근로,2026-09-11T13:33:51,"(21.37135176, -157.74165287)"
ENM35002,move to,LOC_적북측접근로,2026-09-11T13:33:52,"(21.37135176, -157.74165287)"
ENM35002,move to,LOC_적북측접근로,2026-09-11T13:33:52,"(21.37135176, -157.74165287)"
ENM35002,move to,LOC_적북측접근로,2026-09-11T13:33:53,"(21.37135374, -157.74164489)"
ENM35002,move to,LOC_적북측접근로,2026-09-11T13:33:54,"(21.37135374, -157.74164489)"
ENM35002,move to,LOC_적북측접근로,2026-09-11T13:33:54,"(21.37135374, -157.74164489)"
ENM35002,move to,LOC_적북측접근로,2026-09-11T13:33:55,"(21.37135374, -157.74164489)"
ENM35001,move to,LOC_적북측접근로,2026-09-11T13:33:55,"(21.37135252, -157.74164569)"
ENM35001,move to,LOC_적북측접근로,2026-09-11T13:33:56,"(21.37135252, -157.74164569)"
ENM35001,move to,LOC_적북측접근로,2026-09-11T13:33:56,"(21.37135252, -157.74164569)"
ENM35001,move to,LOC_적북측접근로,2026-09-11T13:33:57,"(21.37135252, -157.74164569)"
ENM35001,move to,LOC_적북측접근로,2026-09-11T13:33:57,"(21.37135057, -157.74165395)"
ENM35002,move to,LOC_적북측접근로,2026-09-11T13:33:57,"(21.37137120, -157.74157433)"
ENM35001,move to,LOC_적북측접근로,2026-09-11T13:33:58,"(21.37135057, -157.74165395)"
ENM35002,move to,LOC_적북측접근로,2026-09-11T13:33:58,"(21.37137120, -157.74157433)"
ENM35001,move to,LOC_적북측접근로,2026-09-11T13:33:59,"(21.37135057, -157.74165395)"
ENM35002,move to,LOC_적북측접근로,2026-09-11T13:33:59,"(21.37137120, -157.74157433)"
ENM35001,move to,LOC_적북측접근로,2026-09-11T13:33:59,"(21.37135433, -157.74163805)"
ENM35001,move to,LOC_적북측접근로,2026-09-11T13:34:00,"(21.37135433, -157.74163805)"
ENM35001,move to,LOC_적북측접근로,2026-09-11T13:34:00,"(21.37135433, -157.74163805)"
ENM35001,move to,LOC_적북측접근로,2026-09-11T13:34:01,"(21.37135433, -157.74163805)"
ENM35001,move to,LOC_적북측접근로,2026-09-11T13:34:01,"(21.37136293, -157.74160170)"
ENM35001,move to,LOC_적북측접근로,2026-09-11T13:34:02,"(21.37136293, -157.74160170)"
ENM35001,move to,LOC_적북측접근로,2026-09-11T13:34:03,"(21.37136293, -157.74160170)"
ENM35001,move to,LOC_적북측접근로,2026-09-11T13:34:03,"(21.37136293, -157.74160170)"
ENM35002,move to,LOC_적북측접근로,2026-09-11T13:34:08,"(21.37137260, -157.74156867)"
ENM35001,move to,LOC_적북측접근로,2026-09-11T13:34:08,"(21.37138002, -157.74152948)"
ENM35002,move to,LOC_적북측접근로,2026-09-11T13:34:08,"(21.37137260, -157.74156867)"
ENM35001,move to,LOC_적북측접근로,2026-09-11T13:34:08,"(21.37138002, -157.74152948)"
ENM35002,move to,LOC_적북측접근로,2026-09-11T13:34:09,"(21.37137260, -157.74156867)"
ENM35001,move to,LOC_적북측접근로,2026-09-11T13:34:09,"(21.37138002, -157.74152948)"
ENM35002,move to,LOC_적북측접근로,2026-09-11T13:34:09,"(21.37137260, -157.74156867)"
ENM35001,move to,LOC_적북측접근로,2026-09-11T13:34:09,"(21.37138002, -157.74152948)"
ENM35001,move to,LOC_적북측접근로,2026-09-11T13:34:10,"(21.37137896, -157.74153397)"
ENM35001,move to,LOC_적북측접근로,2026-09-11T13:34:10,"(21.37137896, -157.74153397)"
ENM35001,move to,LOC_적북측접근로,2026-09-11T13:34:11,"(21.37137896, -157.74153397)"
ENM35001,move to,LOC_적북측접근로,2026-09-11T13:34:11,"(21.37137450, -157.74155280)"
ENM35001,move to,LOC_적북측접근로,2026-09-11T13:34:12,"(21.37137450, -157.74155280)"
ENM35001,move to,LOC_적북측접근로,2026-09-11T13:34:13,"(21.37137450, -157.74155280)"
ENM35001,move to,LOC_적북측접근로,2026-09-11T13:34:13,"(21.37137450, -157.74155280)"
ENM35002,move to,LOC_적북측접근로,2026-09-11T13:34:14,"(21.37135192, -157.74165223)"
ENM35002,move to,LOC_적북측접근로,2026-09-11T13:34:14,"(21.37135192, -157.74165223)"
ENM35002,move to,LOC_적북측접근로,2026-09-11T13:34:15,"(21.37135192, -157.74165223)"
ENM35002,move to,LOC_적북측접근로,2026-09-11T13:34:15,"(21.37135192, -157.74165223)"
ENM35002,move to,LOC_적북측접근로,2026-09-11T13:34:18,"(21.37136426, -157.74160238)"
ENM35001,move to,LOC_적북측접근로,2026-09-11T13:34:18,"(21.37135105, -157.74165191)"
ENM35002,move to,LOC_적북측접근로,2026-09-11T13:34:19,"(21.37136426, -157.74160238)"
ENM35001,move to,LOC_적북측접근로,2026-09-11T13:34:19,"(21.37135105, -157.74165191)"
ENM35002,move to,LOC_적북측접근로,2026-09-11T13:34:19,"(21.37136426, -157.74160238)"
ENM35001,move to,LOC_적북측접근로,2026-09-11T13:34:19,"(21.37135105, -157.74165191)"
ENM35002,move to,LOC_적북측접근로,2026-09-11T13:34:20,"(21.37136426, -157.74160238)"
ENM35001,move to,LOC_적북측접근로,2026-09-11T13:34:20,"(21.37135105, -157.74165191)"
ENM35001,move to,LOC_적북측접근로,2026-09-11T13:34:20,"(21.37135073, -157.74165325)"
ENM35001,move to,LOC_적북측접근로,2026-09-11T13:34:21,"(21.37135073, -157.74165325)"
ENM35001,move to,LOC_적북측접근로,2026-09-11T13:34:21,"(21.37135073, -157.74165325)"
ENM35001,move to,LOC_적북측접근로,2026-09-11T13:34:22,"(21.37135073, -157.74165325)"
ENM35001,move to,LOC_적북측접근로,2026-09-11T13:34:22,"(21.37135629, -157.74162975)"
ENM35001,move to,LOC_적북측접근로,2026-09-11T13:34:23,"(21.37135629, -157.74162975)"
ENM35001,move to,LOC_적북측접근로,2026-09-11T13:34:23,"(21.37135629, -157.74162975)"
ENM35002,move to,LOC_적북측접근로,2026-09-11T13:34:30,"(21.37136993, -157.74157945)"
ENM35001,move to,LOC_적북측접근로,2026-09-11T13:34:30,"(21.37138063, -157.74152689)"
ENM35002,move to,LOC_적북측접근로,2026-09-11T13:34:31,"(21.37136993, -157.74157945)"
ENM35001,move to,LOC_적북측접근로,2026-09-11T13:34:31,"(21.37138063, -157.74152689)"
ENM35002,move to,LOC_적북측접근로,2026-09-11T13:34:32,"(21.37136993, -157.74157945)"
ENM35001,move to,LOC_적북측접근로,2026-09-11T13:34:32,"(21.37138063, -157.74152689)"
ENM35001,move to,LOC_적북측접근로,2026-09-11T13:34:32,"(21.37137872, -157.74153500)"
ENM35001,move to,LOC_적북측접근로,2026-09-11T13:34:33,"(21.37137872, -157.74153500)"
ENM35001,move to,LOC_적북측접근로,2026-09-11T13:34:33,"(21.37137872, -157.74153500)"
ENM35001,move to,LOC_적북측접근로,2026-09-11T13:34:34,"(21.37137349, -157.74155710)"
FRCMD002,move to,LOC_북측전방방어선,2026-09-11T13:34:34,"(21.37834166, -157.74727873)"
ENINF030,move to,LOC_중앙킬존남측,2026-09-11T13:34:34,"(21.37721567, -157.74463201)"
ENM35001,move to,LOC_적북측접근로,2026-09-11T13:34:35,"(21.37137349, -157.74155710)"
FRCMD002,move to,LOC_북측전방방어선,2026-09-11T13:34:35,"(21.37834166, -157.74727873)"
ENINF030,move to,LOC_중앙킬존남측,2026-09-11T13:34:35,"(21.37721567, -157.74463201)"
ENM35001,move to,LOC_적북측접근로,2026-09-11T13:34:35,"(21.37137349, -157.74155710)"
FRCMD002,move to,LOC_북측전방방어선,2026-09-11T13:34:35,"(21.37834166, -157.74727873)"
ENINF030,move to,LOC_중앙킬존남측,2026-09-11T13:34:35,"(21.37721567, -157.74463201)"
ENM35001,move to,LOC_적북측접근로,2026-09-11T13:34:36,"(21.37137349, -157.74155710)"
FRCMD002,move to,LOC_북측전방방어선,2026-09-11T13:34:36,"(21.37834166, -157.74727873)"
ENINF030,move to,LOC_중앙킬존남측,2026-09-11T13:34:36,"(21.37721567, -157.74463201)"
FRCMD002,move to,LOC_북측전방방어선,2026-09-11T13:34:37,"(21.37832141, -157.74725904)"
ENINF030,move to,LOC_중앙킬존남측,2026-09-11T13:34:37,"(21.37724013, -157.74464403)"
FRSNP007,move to,LOC_적북측접근로,2026-09-11T13:34:37,"(21.37691719, -157.74553555)"
FRSNP005,move to,LOC_적북측접근로,2026-09-11T13:34:37,"(21.37699365, -157.74556166)"
FRSNP001,move to,LOC_적북측접근로,2026-09-11T13:34:37,"(21.37694069, -157.74544420)"
FRSNP004,move to,LOC_적북측접근로,2026-09-11T13:34:37,"(21.37690670, -157.74552562)"
FRSNP002,move to,LOC_적북측접근로,2026-09-11T13:34:37,"(21.37692239, -157.74545659)"
FRSNP003,move to,LOC_적북측접근로,2026-09-11T13:34:37,"(21.37687591, -157.74551870)"
ENM35002,move to,LOC_적북측접근로,2026-09-11T13:34:37,"(21.37135184, -157.74165256)"
FRCMD002,move to,LOC_북측전방방어선,2026-09-11T13:34:37,"(21.37832141, -157.74725904)"
ENINF030,move to,LOC_중앙킬존남측,2026-09-11T13:34:37,"(21.37724013, -157.74464403)"
FRSNP007,move to,LOC_적북측접근로,2026-09-11T13:34:37,"(21.37691719, -157.74553555)"
FRSNP005,move to,LOC_적북측접근로,2026-09-11T13:34:37,"(21.37699365, -157.74556166)"
FRSNP001,move to,LOC_적북측접근로,2026-09-11T13:34:37,"(21.37694069, -157.74544420)"
FRSNP004,move to,LOC_적북측접근로,2026-09-11T13:34:37,"(21.37690670, -157.74552562)"
FRSNP002,move to,LOC_적북측접근로,2026-09-11T13:34:37,"(21.37692239, -157.74545659)"
FRSNP003,move to,LOC_적북측접근로,2026-09-11T13:34:37,"(21.37687591, -157.74551870)"
ENM35002,move to,LOC_적북측접근로,2026-09-11T13:34:37,"(21.37135184, -157.74165256)"
FRCMD002,move to,LOC_북측전방방어선,2026-09-11T13:34:38,"(21.37832141, -157.74725904)"
ENINF030,move to,LOC_중앙킬존남측,2026-09-11T13:34:38,"(21.37724013, -157.74464403)"
FRSNP007,move to,LOC_적북측접근로,2026-09-11T13:34:38,"(21.37691719, -157.74553555)"
FRSNP005,move to,LOC_적북측접근로,2026-09-11T13:34:38,"(21.37699365, -157.74556166)"
FRSNP001,move to,LOC_적북측접근로,2026-09-11T13:34:38,"(21.37694069, -157.74544420)"
FRSNP004,move to,LOC_적북측접근로,2026-09-11T13:34:38,"(21.37690670, -157.74552562)"
FRSNP002,move to,LOC_적북측접근로,2026-09-11T13:34:38,"(21.37692239, -157.74545659)"
FRSNP003,move to,LOC_적북측접근로,2026-09-11T13:34:38,"(21.37687591, -157.74551870)"
ENM35002,move to,LOC_적북측접근로,2026-09-11T13:34:38,"(21.37135184, -157.74165256)"
FRCMD002,move to,LOC_북측전방방어선,2026-09-11T13:34:38,"(21.37830266, -157.74724081)"
ENINF030,move to,LOC_중앙킬존남측,2026-09-11T13:34:38,"(21.37726299, -157.74465526)"
FRSNP007,move to,LOC_적북측접근로,2026-09-11T13:34:38,"(21.37689680, -157.74552170)"
FRSNP005,move to,LOC_적북측접근로,2026-09-11T13:34:38,"(21.37697323, -157.74554787)"
FRSNP001,move to,LOC_적북측접근로,2026-09-11T13:34:38,"(21.37692058, -157.74543092)"
FRSNP004,move to,LOC_적북측접근로,2026-09-11T13:34:38,"(21.37688601, -157.74551157)"
FRSNP002,move to,LOC_적북측접근로,2026-09-11T13:34:38,"(21.37690217, -157.74544316)"
FRSNP003,move to,LOC_적북측접근로,2026-09-11T13:34:38,"(21.37685525, -157.74550462)"
FRSNP006,move to,LOC_적북측접근로,2026-09-11T13:34:38,"(21.37686685, -157.74551531)"
FRCMD002,move to,LOC_북측전방방어선,2026-09-11T13:34:39,"(21.37830266, -157.74724081)"
ENINF030,move to,LOC_중앙킬존남측,2026-09-11T13:34:39,"(21.37726299, -157.74465526)"
FRSNP007,move to,LOC_적북측접근로,2026-09-11T13:34:39,"(21.37689680, -157.74552170)"
FRSNP005,move to,LOC_적북측접근로,2026-09-11T13:34:39,"(21.37697323, -157.74554787)"
FRSNP001,move to,LOC_적북측접근로,2026-09-11T13:34:39,"(21.37692058, -157.74543092)"
FRSNP004,move to,LOC_적북측접근로,2026-09-11T13:34:39,"(21.37688601, -157.74551157)"
FRSNP002,move to,LOC_적북측접근로,2026-09-11T13:34:39,"(21.37690217, -157.74544316)"
FRSNP003,move to,LOC_적북측접근로,2026-09-11T13:34:39,"(21.37685525, -157.74550462)"
FRSNP006,move to,LOC_적북측접근로,2026-09-11T13:34:39,"(21.37686685, -157.74551531)"
FRCMD002,move to,LOC_북측전방방어선,2026-09-11T13:34:40,"(21.37830266, -157.74724081)"
ENINF030,move to,LOC_중앙킬존남측,2026-09-11T13:34:40,"(21.37726299, -157.74465526)"
FRSNP007,move to,LOC_적북측접근로,2026-09-11T13:34:40,"(21.37689680, -157.74552170)"
FRSNP005,move to,LOC_적북측접근로,2026-09-11T13:34:40,"(21.37697323, -157.74554787)"
FRSNP001,move to,LOC_적북측접근로,2026-09-11T13:34:40,"(21.37692058, -157.74543092)"
FRSNP004,move to,LOC_적북측접근로,2026-09-11T13:34:40,"(21.37688601, -157.74551157)"
FRSNP002,move to,LOC_적북측접근로,2026-09-11T13:34:40,"(21.37690217, -157.74544316)"
FRSNP003,move to,LOC_적북측접근로,2026-09-11T13:34:40,"(21.37685525, -157.74550462)"
FRSNP006,move to,LOC_적북측접근로,2026-09-11T13:34:40,"(21.37686685, -157.74551531)"
ENINF030,move to,LOC_중앙킬존남측,2026-09-11T13:34:40,"(21.37728605, -157.74466659)"
FRSNP007,move to,LOC_적북측접근로,2026-09-11T13:34:40,"(21.37687605, -157.74550760)"
FRSNP005,move to,LOC_적북측접근로,2026-09-11T13:34:40,"(21.37695288, -157.74553415)"
FRSNP001,move to,LOC_적북측접근로,2026-09-11T13:34:40,"(21.37690026, -157.74541750)"
FRSNP004,move to,LOC_적북측접근로,2026-09-11T13:34:40,"(21.37686531, -157.74549752)"
FRSNP002,move to,LOC_적북측접근로,2026-09-11T13:34:40,"(21.37688148, -157.74542941)"
ENM35002,move to,LOC_적북측접근로,2026-09-11T13:34:40,"(21.37136614, -157.74159478)"
ENM35001,move to,LOC_적북측접근로,2026-09-11T13:34:40,"(21.37135096, -157.74165228)"
ENINF030,move to,LOC_중앙킬존남측,2026-09-11T13:34:41,"(21.37728605, -157.74466659)"
FRSNP007,move to,LOC_적북측접근로,2026-09-11T13:34:41,"(21.37687605, -157.74550760)"
FRSNP005,move to,LOC_적북측접근로,2026-09-11T13:34:41,"(21.37695288, -157.74553415)"
FRSNP001,move to,LOC_적북측접근로,2026-09-11T13:34:41,"(21.37690026, -157.74541750)"
FRSNP004,move to,LOC_적북측접근로,2026-09-11T13:34:41,"(21.37686531, -157.74549752)"
FRSNP002,move to,LOC_적북측접근로,2026-09-11T13:34:41,"(21.37688148, -157.74542941)"
ENM35002,move to,LOC_적북측접근로,2026-09-11T13:34:41,"(21.37136614, -157.74159478)"
ENM35001,move to,LOC_적북측접근로,2026-09-11T13:34:41,"(21.37135096, -157.74165228)"
ENINF030,move to,LOC_중앙킬존남측,2026-09-11T13:34:42,"(21.37728605, -157.74466659)"
FRSNP007,move to,LOC_적북측접근로,2026-09-11T13:34:42,"(21.37687605, -157.74550760)"
FRSNP005,move to,LOC_적북측접근로,2026-09-11T13:34:42,"(21.37695288, -157.74553415)"
FRSNP001,move to,LOC_적북측접근로,2026-09-11T13:34:42,"(21.37690026, -157.74541750)"
FRSNP004,move to,LOC_적북측접근로,2026-09-11T13:34:42,"(21.37686531, -157.74549752)"
FRSNP002,move to,LOC_적북측접근로,2026-09-11T13:34:42,"(21.37688148, -157.74542941)"
ENM35002,move to,LOC_적북측접근로,2026-09-11T13:34:42,"(21.37136614, -157.74159478)"
ENM35001,move to,LOC_적북측접근로,2026-09-11T13:34:42,"(21.37135096, -157.74165228)"
ENINF030,move to,LOC_중앙킬존남측,2026-09-11T13:34:42,"(21.37728605, -157.74466659)"
FRSNP007,move to,LOC_적북측접근로,2026-09-11T13:34:42,"(21.37687605, -157.74550760)"
FRSNP005,move to,LOC_적북측접근로,2026-09-11T13:34:42,"(21.37695288, -157.74553415)"
FRSNP001,move to,LOC_적북측접근로,2026-09-11T13:34:42,"(21.37690026, -157.74541750)"
FRSNP004,move to,LOC_적북측접근로,2026-09-11T13:34:42,"(21.37686531, -157.74549752)"
FRSNP002,move to,LOC_적북측접근로,2026-09-11T13:34:42,"(21.37688148, -157.74542941)"
ENM35002,move to,LOC_적북측접근로,2026-09-11T13:34:42,"(21.37136614, -157.74159478)"
ENM35001,move to,LOC_적북측접근로,2026-09-11T13:34:42,"(21.37135096, -157.74165228)"
ENINF030,move to,LOC_중앙킬존남측,2026-09-11T13:34:43,"(21.37730954, -157.74467814)"
FRSNP007,move to,LOC_적북측접근로,2026-09-11T13:34:43,"(21.37685497, -157.74549328)"
FRSNP005,move to,LOC_적북측접근로,2026-09-11T13:34:43,"(21.37693223, -157.74552021)"
FRSNP001,move to,LOC_적북측접근로,2026-09-11T13:34:43,"(21.37687919, -157.74540360)"
FRSNP004,move to,LOC_적북측접근로,2026-09-11T13:34:43,"(21.37684427, -157.74548323)"
FRSNP002,move to,LOC_적북측접근로,2026-09-11T13:34:43,"(21.37686045, -157.74541543)"
ENM35001,move to,LOC_적북측접근로,2026-09-11T13:34:43,"(21.37135186, -157.74164847)"
FRSNP008,move to,LOC_적북측접근로,2026-09-11T13:34:43,"(21.37684515, -157.74549493)"
ENINF030,move to,LOC_중앙킬존남측,2026-09-11T13:34:43,"(21.37730954, -157.74467814)"
FRSNP007,move to,LOC_적북측접근로,2026-09-11T13:34:43,"(21.37685497, -157.74549328)"
FRSNP005,move to,LOC_적북측접근로,2026-09-11T13:34:43,"(21.37693223, -157.74552021)"
FRSNP001,move to,LOC_적북측접근로,2026-09-11T13:34:43,"(21.37687919, -157.74540360)"
FRSNP004,move to,LOC_적북측접근로,2026-09-11T13:34:43,"(21.37684427, -157.74548323)"
FRSNP002,move to,LOC_적북측접근로,2026-09-11T13:34:43,"(21.37686045, -157.74541543)"
ENM35001,move to,LOC_적북측접근로,2026-09-11T13:34:43,"(21.37135186, -157.74164847)"
FRSNP008,move to,LOC_적북측접근로,2026-09-11T13:34:43,"(21.37684515, -157.74549493)"
ENINF030,move to,LOC_중앙킬존남측,2026-09-11T13:34:44,"(21.37730954, -157.74467814)"
FRSNP007,move to,LOC_적북측접근로,2026-09-11T13:34:44,"(21.37685497, -157.74549328)"
FRSNP005,move to,LOC_적북측접근로,2026-09-11T13:34:44,"(21.37693223, -157.74552021)"
FRSNP001,move to,LOC_적북측접근로,2026-09-11T13:34:44,"(21.37687919, -157.74540360)"
FRSNP004,move to,LOC_적북측접근로,2026-09-11T13:34:44,"(21.37684427, -157.74548323)"
FRSNP002,move to,LOC_적북측접근로,2026-09-11T13:34:44,"(21.37686045, -157.74541543)"
ENM35001,move to,LOC_적북측접근로,2026-09-11T13:34:44,"(21.37135186, -157.74164847)"
FRSNP008,move to,LOC_적북측접근로,2026-09-11T13:34:44,"(21.37684515, -157.74549493)"
ENINF030,move to,LOC_중앙킬존남측,2026-09-11T13:34:44,"(21.37733246, -157.74468940)"
ENM35001,move to,LOC_적북측접근로,2026-09-11T13:34:44,"(21.37135823, -157.74162156)"
ENINF030,move to,LOC_중앙킬존남측,2026-09-11T13:34:45,"(21.37733246, -157.74468940)"
ENM35001,move to,LOC_적북측접근로,2026-09-11T13:34:45,"(21.37135823, -157.74162156)"
ENINF030,move to,LOC_중앙킬존남측,2026-09-11T13:34:46,"(21.37733246, -157.74468940)"
ENM35001,move to,LOC_적북측접근로,2026-09-11T13:34:46,"(21.37135823, -157.74162156)"
ENINF030,move to,LOC_중앙킬존남측,2026-09-11T13:34:46,"(21.37733246, -157.74468940)"
ENM35001,move to,LOC_적북측접근로,2026-09-11T13:34:46,"(21.37135823, -157.74162156)"
ENINF030,move to,LOC_중앙킬존남측,2026-09-11T13:34:47,"(21.37735574, -157.74470084)"
ENINF030,move to,LOC_중앙킬존남측,2026-09-11T13:34:47,"(21.37735574, -157.74470084)"
ENINF030,move to,LOC_중앙킬존남측,2026-09-11T13:34:48,"(21.37735574, -157.74470084)"
ENINF030,move to,LOC_중앙킬존남측,2026-09-11T13:34:49,"(21.37737968, -157.74471260)"
ENM35003,move to,LOC_적북측접근로,2026-09-11T13:34:49,"(21.37135598, -157.74163106)"
ENINF030,move to,LOC_중앙킬존남측,2026-09-11T13:34:49,"(21.37737968, -157.74471260)"
ENM35003,move to,LOC_적북측접근로,2026-09-11T13:34:49,"(21.37135598, -157.74163106)"
ENINF030,move to,LOC_중앙킬존남측,2026-09-11T13:34:50,"(21.37737968, -157.74471260)"
ENM35003,move to,LOC_적북측접근로,2026-09-11T13:34:50,"(21.37135598, -157.74163106)"
ENINF030,move to,LOC_중앙킬존남측,2026-09-11T13:34:50,"(21.37737968, -157.74471260)"
ENM35003,move to,LOC_적북측접근로,2026-09-11T13:34:50,"(21.37135598, -157.74163106)"
FRCMD002,move to,LOC_북측전방방어선,2026-09-11T13:34:54,"(21.37816879, -157.74711065)"
ENM35001,move to,LOC_적북측접근로,2026-09-11T13:34:54,"(21.37137976, -157.74153059)"
FRCMD002,move to,LOC_북측전방방어선,2026-09-11T13:34:55,"(21.37815115, -157.74709350)"
ENM35001,move to,LOC_적북측접근로,2026-09-11T13:34:55,"(21.37137711, -157.74154180)"
FRCMD002,move to,LOC_북측전방방어선,2026-09-11T13:34:56,"(21.37815115, -157.74709350)"
ENM35001,move to,LOC_적북측접근로,2026-09-11T13:34:56,"(21.37137711, -157.74154180)"
FRCMD002,move to,LOC_북측전방방어선,2026-09-11T13:34:57,"(21.37815115, -157.74709350)"
ENM35001,move to,LOC_적북측접근로,2026-09-11T13:34:57,"(21.37137711, -157.74154180)"
ENM35002,move to,LOC_적북측접근로,2026-09-11T13:34:58,"(21.37135194, -157.74165215)"
ENM35002,move to,LOC_적북측접근로,2026-09-11T13:34:59,"(21.37135194, -157.74165215)"
ENM35002,move to,LOC_적북측접근로,2026-09-11T13:35:00,"(21.37135115, -157.74165536)"
ENM35002,move to,LOC_적북측접근로,2026-09-11T13:35:01,"(21.37135115, -157.74165536)"
FRTRK2004,move to,LOC_남측제1방어선,2026-09-11T13:35:10,"(21.38717124, -157.74438023)"
FRAHS001,FFE-on-Location,LOC_적포병진지,2026-09-11T13:35:10,"(21.39112388, -157.73719220)"
FRTRK1005,move to,LOC_남측제1방어선,2026-09-11T13:35:10,"(21.38722163, -157.74451508)"
FRTRK2002,move to,LOC_남측제1방어선,2026-09-11T13:35:10,"(21.38725767, -157.74452331)"
FRTRK2003,move to,LOC_남측제1방어선,2026-09-11T13:35:10,"(21.38713846, -157.74437509)"
FRTRK1004,move to,LOC_남측제1방어선,2026-09-11T13:35:10,"(21.38709340, -157.74436764)"
FRTRK2004,move to,LOC_남측제1방어선,2026-09-11T13:35:10,"(21.38717124, -157.74438023)"
FRAHS001,FFE-on-Location,LOC_적포병진지,2026-09-11T13:35:10,"(21.39112388, -157.73719220)"
FRTRK1005,move to,LOC_남측제1방어선,2026-09-11T13:35:10,"(21.38722163, -157.74451508)"
FRTRK2002,move to,LOC_남측제1방어선,2026-09-11T13:35:10,"(21.38725767, -157.74452331)"
FRTRK2003,move to,LOC_남측제1방어선,2026-09-11T13:35:10,"(21.38713846, -157.74437509)"
FRTRK1004,move to,LOC_남측제1방어선,2026-09-11T13:35:10,"(21.38709340, -157.74436764)"
FRAHS001,FFE-on-Location,LOC_적포병진지,2026-09-11T13:35:12,"(21.39112388, -157.73719220)"
FRAHS001,FFE-on-Location,LOC_적포병진지,2026-09-11T13:35:13,"(21.39112388, -157.73719220)"
ENM35002,move to,LOC_적북측접근로,2026-09-11T13:35:16,"(21.37137012, -157.74157868)"
ENM35002,move to,LOC_적북측접근로,2026-09-11T13:35:17,"(21.37137012, -157.74157868)"
ENM35001,move to,LOC_적북측접근로,2026-09-11T13:35:18,"(21.37137789, -157.74153848)"
ENM35001,move to,LOC_적북측접근로,2026-09-11T13:35:19,"(21.37137789, -157.74153848)"
ENM35002,move to,LOC_적북측접근로,2026-09-11T13:35:20,"(21.37135310, -157.74164745)"
ENM35002,move to,LOC_적북측접근로,2026-09-11T13:35:21,"(21.37135310, -157.74164745)"
ENM35002,move to,LOC_적북측접근로,2026-09-11T13:35:22,"(21.37135222, -157.74165104)"
ENM35002,move to,LOC_적북측접근로,2026-09-11T13:35:23,"(21.37135222, -157.74165104)"
ENM35002,move to,LOC_적북측접근로,2026-09-11T13:35:26,"(21.37136734, -157.74158991)"
ENM35001,move to,LOC_적북측접근로,2026-09-11T13:35:26,"(21.37134899, -157.74166062)"
ENM35002,move to,LOC_적북측접근로,2026-09-11T13:35:27,"(21.37136734, -157.74158991)"
ENM35001,move to,LOC_적북측접근로,2026-09-11T13:35:27,"(21.37134899, -157.74166062)"
ENM35001,move to,LOC_적북측접근로,2026-09-11T13:35:28,"(21.37135124, -157.74165109)"
ENM35001,move to,LOC_적북측접근로,2026-09-11T13:35:29,"(21.37135124, -157.74165109)"
ENM35001,move to,LOC_적북측접근로,2026-09-11T13:35:30,"(21.37135928, -157.74161712)"
ENM35001,move to,LOC_적북측접근로,2026-09-11T13:35:31,"(21.37135928, -157.74161712)"
ENM35003,move to,LOC_적북측접근로,2026-09-11T13:35:34,"(21.37135488, -157.74163574)"
ENM35003,move to,LOC_적북측접근로,2026-09-11T13:35:35,"(21.37135488, -157.74163574)"
ENM35002,move to,LOC_적북측접근로,2026-09-11T13:35:38,"(21.37136891, -157.74158359)"
ENM35001,move to,LOC_적북측접근로,2026-09-11T13:35:38,"(21.37138287, -157.74151742)"
ENM35002,move to,LOC_적북측접근로,2026-09-11T13:35:39,"(21.37136891, -157.74158359)"
ENM35001,move to,LOC_적북측접근로,2026-09-11T13:35:39,"(21.37138287, -157.74151742)"
ENM35001,move to,LOC_적북측접근로,2026-09-11T13:35:40,"(21.37137962, -157.74153116)"
ENM35001,move to,LOC_적북측접근로,2026-09-11T13:35:41,"(21.37137962, -157.74153116)"
ENM35002,move to,LOC_적북측접근로,2026-09-11T13:35:42,"(21.37135168, -157.74165319)"
ENM35002,move to,LOC_적북측접근로,2026-09-11T13:35:43,"(21.37135168, -157.74165319)"
ENM35002,move to,LOC_적북측접근로,2026-09-11T13:35:44,"(21.37135119, -157.74165519)"
ENM35002,move to,LOC_적북측접근로,2026-09-11T13:35:45,"(21.37135119, -157.74165519)"
ENM35002,move to,LOC_적북측접근로,2026-09-11T13:35:46,"(21.37135119, -157.74165519)"
ENM35002,move to,LOC_적북측접근로,2026-09-11T13:35:48,"(21.37136668, -157.74159261)"
ENM35001,move to,LOC_적북측접근로,2026-09-11T13:35:48,"(21.37135177, -157.74164884)"
ENM35002,move to,LOC_적북측접근로,2026-09-11T13:35:49,"(21.37136668, -157.74159261)"
ENM35001,move to,LOC_적북측접근로,2026-09-11T13:35:49,"(21.37135177, -157.74164884)"
ENM35001,move to,LOC_적북측접근로,2026-09-11T13:35:52,"(21.37136108, -157.74160953)"
ENM35001,move to,LOC_적북측접근로,2026-09-11T13:35:53,"(21.37136108, -157.74160953)"
ENM35001,move to,LOC_적북측접근로,2026-09-11T13:35:54,"(21.37136108, -157.74160953)"
ENM35002,move to,LOC_적북측접근로,2026-09-11T13:35:55,"(21.37138472, -157.74151968)"
ENM35002,move to,LOC_적북측접근로,2026-09-11T13:35:56,"(21.37138472, -157.74151968)"
ENM35003,move to,LOC_적북측접근로,2026-09-11T13:35:56,"(21.37135422, -157.74163849)"
ENM35003,move to,LOC_적북측접근로,2026-09-11T13:35:57,"(21.37135422, -157.74163849)"
ENM35002,move to,LOC_적북측접근로,2026-09-11T13:36:01,"(21.37136938, -157.74158168)"
ENM35002,move to,LOC_적북측접근로,2026-09-11T13:36:02,"(21.37136938, -157.74158168)"
ENM35001,move to,LOC_적북측접근로,2026-09-11T13:36:03,"(21.37137340, -157.74155745)"
ENM35001,move to,LOC_적북측접근로,2026-09-11T13:36:03,"(21.37137340, -157.74155745)"
ENM35002,move to,LOC_적북측접근로,2026-09-11T13:36:04,"(21.37135320, -157.74164707)"
ENM35002,move to,LOC_적북측접근로,2026-09-11T13:36:05,"(21.37135320, -157.74164707)"
ENM35002,move to,LOC_적북측접근로,2026-09-11T13:36:06,"(21.37135320, -157.74164707)"
ENM35002,move to,LOC_적북측접근로,2026-09-11T13:36:11,"(21.37136823, -157.74158632)"
ENM35001,move to,LOC_적북측접근로,2026-09-11T13:36:11,"(21.37135152, -157.74164991)"
ENM35002,move to,LOC_적북측접근로,2026-09-11T13:36:12,"(21.37136823, -157.74158632)"
ENM35001,move to,LOC_적북측접근로,2026-09-11T13:36:12,"(21.37135152, -157.74164991)"
ENM35001,move to,LOC_적북측접근로,2026-09-11T13:36:13,"(21.37135634, -157.74162955)"
ENM35001,move to,LOC_적북측접근로,2026-09-11T13:36:14,"(21.37135634, -157.74162955)"
FRTRK2004,move to,LOC_남측제1방어선,2026-09-11T13:36:15,"(21.38717142, -157.74438204)"
FRTRK2004,move to,LOC_남측제1방어선,2026-09-11T13:36:16,"(21.38717142, -157.74438204)"
FRTRK2004,move to,LOC_남측제1방어선,2026-09-11T13:36:17,"(21.38717113, -157.74437919)"
FRTRK1001,move to,LOC_남측제1방어선,2026-09-11T13:36:17,"(21.38743492, -157.74453902)"
ENM35003,move to,LOC_적북측접근로,2026-09-11T13:36:17,"(21.37136333, -157.74160001)"
FRTRK2004,move to,LOC_남측제1방어선,2026-09-11T13:36:17,"(21.38717113, -157.74437919)"
FRTRK1001,move to,LOC_남측제1방어선,2026-09-11T13:36:17,"(21.38743492, -157.74453902)"
ENM35003,move to,LOC_적북측접근로,2026-09-11T13:36:17,"(21.37136333, -157.74160001)"
FRTRK2004,move to,LOC_남측제1방어선,2026-09-11T13:36:18,"(21.38717113, -157.74437919)"
FRTRK1001,move to,LOC_남측제1방어선,2026-09-11T13:36:18,"(21.38743492, -157.74453902)"
ENM35003,move to,LOC_적북측접근로,2026-09-11T13:36:18,"(21.37136333, -157.74160001)"
FRTRK2004,move to,LOC_남측제1방어선,2026-09-11T13:36:19,"(21.38717091, -157.74437700)"
FRTRK1001,move to,LOC_남측제1방어선,2026-09-11T13:36:19,"(21.38743534, -157.74454189)"
ENM35003,move to,LOC_적북측접근로,2026-09-11T13:36:19,"(21.37135490, -157.74163565)"
FRTRK2004,move to,LOC_남측제1방어선,2026-09-11T13:36:20,"(21.38717091, -157.74437700)"
FRTRK1001,move to,LOC_남측제1방어선,2026-09-11T13:36:20,"(21.38743534, -157.74454189)"
ENM35003,move to,LOC_적북측접근로,2026-09-11T13:36:20,"(21.37135490, -157.74163565)"
ENM35002,move to,LOC_적북측접근로,2026-09-11T13:36:23,"(21.37136695, -157.74159150)"
ENM35001,move to,LOC_적북측접근로,2026-09-11T13:36:23,"(21.37137781, -157.74153881)"
ENM35002,move to,LOC_적북측접근로,2026-09-11T13:36:24,"(21.37136695, -157.74159150)"
ENM35001,move to,LOC_적북측접근로,2026-09-11T13:36:24,"(21.37137781, -157.74153881)"
ENM35001,move to,LOC_적북측접근로,2026-09-11T13:36:25,"(21.37137236, -157.74156185)"
FRAT012,move to,LOC_동측능선,2026-09-11T13:36:25,"(21.38531371, -157.74376116)"
ENM35001,move to,LOC_적북측접근로,2026-09-11T13:36:26,"(21.37137236, -157.74156185)"
FRAT012,move to,LOC_동측능선,2026-09-11T13:36:26,"(21.38531371, -157.74376116)"
ENM35002,move to,LOC_적북측접근로,2026-09-11T13:36:27,"(21.37135179, -157.74165277)"
ENM35002,move to,LOC_적북측접근로,2026-09-11T13:36:28,"(21.37135179, -157.74165277)"
ENM35002,move to,LOC_적북측접근로,2026-09-11T13:36:29,"(21.37135179, -157.74165277)"
ENM35001,move to,LOC_적북측접근로,2026-09-11T13:36:31,"(21.37135053, -157.74165409)"
ENM35001,move to,LOC_적북측접근로,2026-09-11T13:36:32,"(21.37135053, -157.74165409)"
ENM35001,move to,LOC_적북측접근로,2026-09-11T13:36:33,"(21.37135147, -157.74165011)"
ENM35002,move to,LOC_적북측접근로,2026-09-11T13:36:33,"(21.37136936, -157.74158175)"
ENM35001,move to,LOC_적북측접근로,2026-09-11T13:36:34,"(21.37135147, -157.74165011)"
ENM35002,move to,LOC_적북측접근로,2026-09-11T13:36:34,"(21.37136936, -157.74158175)"
ENM35001,move to,LOC_적북측접근로,2026-09-11T13:36:35,"(21.37135147, -157.74165011)"
ENM35002,move to,LOC_적북측접근로,2026-09-11T13:36:35,"(21.37136936, -157.74158175)"
ENM35001,move to,LOC_적북측접근로,2026-09-11T13:36:36,"(21.37135760, -157.74162422)"
ENM35001,move to,LOC_적북측접근로,2026-09-11T13:36:37,"(21.37135760, -157.74162422)"
ENM35003,move to,LOC_적북측접근로,2026-09-11T13:36:39,"(21.37135990, -157.74161451)"
ENM35003,move to,LOC_적북측접근로,2026-09-11T13:36:40,"(21.37135990, -157.74161451)"
ENM35003,move to,LOC_적북측접근로,2026-09-11T13:36:41,"(21.37135990, -157.74161451)"
ENM35003,move to,LOC_적북측접근로,2026-09-11T13:36:42,"(21.37135212, -157.74164736)"
ENM35004,move to,LOC_적북측접근로,2026-09-11T13:36:42,"(21.37136305, -157.74160716)"
ENM35003,move to,LOC_적북측접근로,2026-09-11T13:36:43,"(21.37135212, -157.74164736)"
ENM35004,move to,LOC_적북측접근로,2026-09-11T13:36:43,"(21.37136305, -157.74160716)"
ENM35002,move to,LOC_적북측접근로,2026-09-11T13:36:45,"(21.37136681, -157.74159206)"
ENM35001,move to,LOC_적북측접근로,2026-09-11T13:36:45,"(21.37137836, -157.74153649)"
ENINF030,move to,LOC_중앙킬존남측,2026-09-11T13:36:45,"(21.37863437, -157.74532917)"
ENM35002,move to,LOC_적북측접근로,2026-09-11T13:36:46,"(21.37136681, -157.74159206)"
ENM35001,move to,LOC_적북측접근로,2026-09-11T13:36:46,"(21.37137836, -157.74153649)"
ENINF030,move to,LOC_중앙킬존남측,2026-09-11T13:36:46,"(21.37863437, -157.74532917)"
ENM35002,move to,LOC_적북측접근로,2026-09-11T13:36:47,"(21.37136681, -157.74159206)"
ENM35001,move to,LOC_적북측접근로,2026-09-11T13:36:47,"(21.37137836, -157.74153649)"
ENINF030,move to,LOC_중앙킬존남측,2026-09-11T13:36:47,"(21.37863437, -157.74532917)"
ENM35001,move to,LOC_적북측접근로,2026-09-11T13:36:48,"(21.37137250, -157.74156125)"
ENINF030,move to,LOC_중앙킬존남측,2026-09-11T13:36:48,"(21.37865718, -157.74534038)"
ENM35001,move to,LOC_적북측접근로,2026-09-11T13:36:49,"(21.37137250, -157.74156125)"
ENINF030,move to,LOC_중앙킬존남측,2026-09-11T13:36:49,"(21.37865718, -157.74534038)"
ENINF030,move to,LOC_중앙킬존남측,2026-09-11T13:36:50,"(21.37868025, -157.74535171)"
ENM35002,move to,LOC_적북측접근로,2026-09-11T13:36:50,"(21.37135118, -157.74165524)"
ENINF030,move to,LOC_중앙킬존남측,2026-09-11T13:36:51,"(21.37868025, -157.74535171)"
ENM35002,move to,LOC_적북측접근로,2026-09-11T13:36:51,"(21.37135118, -157.74165524)"
ENINF030,move to,LOC_중앙킬존남측,2026-09-11T13:36:52,"(21.37870154, -157.74536218)"
ENM35004,move to,LOC_적북측접근로,2026-09-11T13:36:52,"(21.37137142, -157.74157333)"
FRCMD002,move to,LOC_북측전방방어선,2026-09-11T13:36:52,"(21.37709379, -157.74606546)"
ENINF030,move to,LOC_중앙킬존남측,2026-09-11T13:36:53,"(21.37870154, -157.74536218)"
ENM35004,move to,LOC_적북측접근로,2026-09-11T13:36:53,"(21.37137142, -157.74157333)"
FRCMD002,move to,LOC_북측전방방어선,2026-09-11T13:36:53,"(21.37709379, -157.74606546)"
ENINF030,move to,LOC_중앙킬존남측,2026-09-11T13:36:53,"(21.37872475, -157.74537359)"
FRCMD002,move to,LOC_북측전방방어선,2026-09-11T13:36:53,"(21.37707495, -157.74604714)"
ENINF030,move to,LOC_중앙킬존남측,2026-09-11T13:36:54,"(21.37872475, -157.74537359)"
FRCMD002,move to,LOC_북측전방방어선,2026-09-11T13:36:54,"(21.37707495, -157.74604714)"
ENINF030,move to,LOC_중앙킬존남측,2026-09-11T13:36:55,"(21.37874806, -157.74538504)"
FRCMD002,move to,LOC_북측전방방어선,2026-09-11T13:36:55,"(21.37705592, -157.74602864)"
ENM35002,move to,LOC_적북측접근로,2026-09-11T13:36:55,"(21.37136820, -157.74158646)"
ENM35001,move to,LOC_적북측접근로,2026-09-11T13:36:55,"(21.37135061, -157.74165374)"
ENINF030,move to,LOC_중앙킬존남측,2026-09-11T13:36:56,"(21.37874806, -157.74538504)"
FRCMD002,move to,LOC_북측전방방어선,2026-09-11T13:36:56,"(21.37705592, -157.74602864)"
ENM35002,move to,LOC_적북측접근로,2026-09-11T13:36:56,"(21.37136820, -157.74158646)"
ENM35001,move to,LOC_적북측접근로,2026-09-11T13:36:56,"(21.37135061, -157.74165374)"
ENINF030,move to,LOC_중앙킬존남측,2026-09-11T13:36:57,"(21.37874806, -157.74538504)"
FRCMD002,move to,LOC_북측전방방어선,2026-09-11T13:36:57,"(21.37705592, -157.74602864)"
ENM35002,move to,LOC_적북측접근로,2026-09-11T13:36:57,"(21.37136820, -157.74158646)"
ENM35001,move to,LOC_적북측접근로,2026-09-11T13:36:57,"(21.37135061, -157.74165374)"
ENINF030,move to,LOC_중앙킬존남측,2026-09-11T13:36:58,"(21.37877128, -157.74539645)"
FRCMD002,move to,LOC_북측전방방어선,2026-09-11T13:36:58,"(21.37703714, -157.74601038)"
ENM35001,move to,LOC_적북측접근로,2026-09-11T13:36:58,"(21.37135745, -157.74162486)"
ENINF030,move to,LOC_중앙킬존남측,2026-09-11T13:36:59,"(21.37877128, -157.74539645)"
FRCMD002,move to,LOC_북측전방방어선,2026-09-11T13:36:59,"(21.37703714, -157.74601038)"
ENM35001,move to,LOC_적북측접근로,2026-09-11T13:36:59,"(21.37135745, -157.74162486)"
ENINF030,move to,LOC_중앙킬존남측,2026-09-11T13:37:00,"(21.37879370, -157.74540747)"
FRCMD002,move to,LOC_북측전방방어선,2026-09-11T13:37:00,"(21.37701912, -157.74599287)"
ENINF030,move to,LOC_중앙킬존남측,2026-09-11T13:37:01,"(21.37879370, -157.74540747)"
FRCMD002,move to,LOC_북측전방방어선,2026-09-11T13:37:01,"(21.37701912, -157.74599287)"
FRCMD002,move to,LOC_북측전방방어선,2026-09-11T13:37:02,"(21.37700028, -157.74597455)"
ENM35003,move to,LOC_적북측접근로,2026-09-11T13:37:02,"(21.37135818, -157.74162179)"
FRCMD002,move to,LOC_북측전방방어선,2026-09-11T13:37:03,"(21.37700028, -157.74597455)"
ENM35003,move to,LOC_적북측접근로,2026-09-11T13:37:03,"(21.37135818, -157.74162179)"
FRCMD002,move to,LOC_북측전방방어선,2026-09-11T13:37:04,"(21.37697981, -157.74595465)"
ENM35003,move to,LOC_적북측접근로,2026-09-11T13:37:04,"(21.37135074, -157.74165321)"
ENM35004,move to,LOC_적북측접근로,2026-09-11T13:37:04,"(21.37136317, -157.74160668)"
FRCMD002,move to,LOC_북측전방방어선,2026-09-11T13:37:05,"(21.37697981, -157.74595465)"
ENM35003,move to,LOC_적북측접근로,2026-09-11T13:37:05,"(21.37135074, -157.74165321)"
ENM35004,move to,LOC_적북측접근로,2026-09-11T13:37:05,"(21.37136317, -157.74160668)"
FRCMD002,move to,LOC_북측전방방어선,2026-09-11T13:37:06,"(21.37696233, -157.74593765)"
FRCMD002,move to,LOC_북측전방방어선,2026-09-11T13:37:07,"(21.37696233, -157.74593765)"
FRCMD002,move to,LOC_북측전방방어선,2026-09-11T13:37:08,"(21.37696233, -157.74593765)"
FRCMD002,move to,LOC_북측전방방어선,2026-09-11T13:37:09,"(21.37694336, -157.74591920)"
ENM35002,move to,LOC_적북측접근로,2026-09-11T13:37:09,"(21.37136840, -157.74158564)"
ENM35001,move to,LOC_적북측접근로,2026-09-11T13:37:09,"(21.37137966, -157.74153102)"
FRCMD002,move to,LOC_북측전방방어선,2026-09-11T13:37:10,"(21.37694336, -157.74591920)"
ENM35002,move to,LOC_적북측접근로,2026-09-11T13:37:10,"(21.37136840, -157.74158564)"
ENM35001,move to,LOC_적북측접근로,2026-09-11T13:37:10,"(21.37137966, -157.74153102)"
FRCMD002,move to,LOC_북측전방방어선,2026-09-11T13:37:11,"(21.37692364, -157.74590003)"
FRCMD002,move to,LOC_북측전방방어선,2026-09-11T13:37:11,"(21.37692364, -157.74590003)"
FRCMD002,move to,LOC_북측전방방어선,2026-09-11T13:37:12,"(21.37690606, -157.74588294)"
ENM35002,move to,LOC_적북측접근로,2026-09-11T13:37:12,"(21.37135282, -157.74164860)"
FRCMD002,move to,LOC_북측전방방어선,2026-09-11T13:37:13,"(21.37690606, -157.74588294)"
ENM35002,move to,LOC_적북측접근로,2026-09-11T13:37:13,"(21.37135282, -157.74164860)"
ENM35004,move to,LOC_적북측접근로,2026-09-11T13:37:14,"(21.37137166, -157.74157238)"
ENM35004,move to,LOC_적북측접근로,2026-09-11T13:37:15,"(21.37137166, -157.74157238)"
ENM35002,move to,LOC_적북측접근로,2026-09-11T13:37:19,"(21.37136928, -157.74158208)"
ENM35001,move to,LOC_적북측접근로,2026-09-11T13:37:19,"(21.37135244, -157.74164604)"
ENM35002,move to,LOC_적북측접근로,2026-09-11T13:37:20,"(21.37136928, -157.74158208)"
ENM35001,move to,LOC_적북측접근로,2026-09-11T13:37:20,"(21.37135244, -157.74164604)"
ENM35001,move to,LOC_적북측접근로,2026-09-11T13:37:21,"(21.37135867, -157.74161969)"
ENM35001,move to,LOC_적북측접근로,2026-09-11T13:37:22,"(21.37135867, -157.74161969)"
ENM35002,move to,LOC_적북측접근로,2026-09-11T13:37:34,"(21.37135152, -157.74165386)"
ENM35002,move to,LOC_적북측접근로,2026-09-11T13:37:35,"(21.37135152, -157.74165386)"
ENM35004,move to,LOC_적북측접근로,2026-09-11T13:37:36,"(21.37137076, -157.74157601)"
ENM35004,move to,LOC_적북측접근로,2026-09-11T13:37:37,"(21.37137076, -157.74157601)"
ENM35004,move to,LOC_적북측접근로,2026-09-11T13:37:38,"(21.37137076, -157.74157601)"
ENM35001,move to,LOC_적북측접근로,2026-09-11T13:37:39,"(21.37134985, -157.74165696)"
ENM35001,move to,LOC_적북측접근로,2026-09-11T13:37:40,"(21.37135167, -157.74164928)"
ENM35002,move to,LOC_적북측접근로,2026-09-11T13:37:40,"(21.37136929, -157.74158206)"
ENM35001,move to,LOC_적북측접근로,2026-09-11T13:37:42,"(21.37135167, -157.74164928)"
ENM35002,move to,LOC_적북측접근로,2026-09-11T13:37:42,"(21.37136929, -157.74158206)"
ENM35001,move to,LOC_적북측접근로,2026-09-11T13:37:43,"(21.37135939, -157.74161667)"
ENM35001,move to,LOC_적북측접근로,2026-09-11T13:37:44,"(21.37135939, -157.74161667)"
ENM35003,move to,LOC_적북측접근로,2026-09-11T13:37:47,"(21.37135655, -157.74162867)"
ENM35003,move to,LOC_적북측접근로,2026-09-11T13:37:48,"(21.37135655, -157.74162867)"
ENM35003,move to,LOC_적북측접근로,2026-09-11T13:37:50,"(21.37135067, -157.74165351)"
ENM35004,move to,LOC_적북측접근로,2026-09-11T13:37:50,"(21.37136414, -157.74160278)"
ENM35002,move to,LOC_적북측접근로,2026-09-11T13:37:51,"(21.37137602, -157.74155487)"
ENM35002,move to,LOC_적북측접근로,2026-09-11T13:37:52,"(21.37137602, -157.74155487)"
ENM35001,move to,LOC_적북측접근로,2026-09-11T13:37:53,"(21.37137835, -157.74153655)"
ENM35001,move to,LOC_적북측접근로,2026-09-11T13:37:54,"(21.37137835, -157.74153655)"
ENM35002,move to,LOC_적북측접근로,2026-09-11T13:37:57,"(21.37135066, -157.74165734)"
ENM35003,move to,LOC_적북측접근로,2026-09-11T13:37:57,"(21.37137369, -157.74155622)"
ENM35002,move to,LOC_적북측접근로,2026-09-11T13:37:58,"(21.37135066, -157.74165734)"
ENM35003,move to,LOC_적북측접근로,2026-09-11T13:37:58,"(21.37137369, -157.74155622)"
ENM35004,move to,LOC_적북측접근로,2026-09-11T13:37:59,"(21.37137162, -157.74157255)"
ENM35004,move to,LOC_적북측접근로,2026-09-11T13:38:00,"(21.37137162, -157.74157255)"
ENM35001,move to,LOC_적북측접근로,2026-09-11T13:38:01,"(21.37134871, -157.74166180)"
ENM35001,move to,LOC_적북측접근로,2026-09-11T13:38:03,"(21.37134871, -157.74166180)"
ENM35001,move to,LOC_적북측접근로,2026-09-11T13:38:04,"(21.37135043, -157.74165453)"
ENM35002,move to,LOC_적북측접근로,2026-09-11T13:38:04,"(21.37136867, -157.74158457)"
ENM35001,move to,LOC_적북측접근로,2026-09-11T13:38:05,"(21.37135043, -157.74165453)"
ENM35002,move to,LOC_적북측접근로,2026-09-11T13:38:05,"(21.37136867, -157.74158457)"
ENM35001,move to,LOC_적북측접근로,2026-09-11T13:38:06,"(21.37135719, -157.74162594)"
ENM35001,move to,LOC_적북측접근로,2026-09-11T13:38:07,"(21.37135719, -157.74162594)"
ENM35003,move to,LOC_적북측접근로,2026-09-11T13:38:09,"(21.37135733, -157.74162537)"
ENM35003,move to,LOC_적북측접근로,2026-09-11T13:38:10,"(21.37135733, -157.74162537)"
ENM35003,move to,LOC_적북측접근로,2026-09-11T13:38:11,"(21.37135149, -157.74165005)"
ENM35004,move to,LOC_적북측접근로,2026-09-11T13:38:11,"(21.37136572, -157.74159637)"
ENM35003,move to,LOC_적북측접근로,2026-09-11T13:38:12,"(21.37135149, -157.74165005)"
ENM35004,move to,LOC_적북측접근로,2026-09-11T13:38:12,"(21.37136572, -157.74159637)"
ENM35002,move to,LOC_적북측접근로,2026-09-11T13:38:15,"(21.37137070, -157.74157636)"
ENM35001,move to,LOC_적북측접근로,2026-09-11T13:38:15,"(21.37138132, -157.74152399)"
ENM35002,move to,LOC_적북측접근로,2026-09-11T13:38:16,"(21.37137070, -157.74157636)"
ENM35001,move to,LOC_적북측접근로,2026-09-11T13:38:16,"(21.37138132, -157.74152399)"
ENM35002,move to,LOC_적북측접근로,2026-09-11T13:38:19,"(21.37135369, -157.74164509)"
ENM35002,move to,LOC_적북측접근로,2026-09-11T13:38:20,"(21.37135369, -157.74164509)"
ENM35004,move to,LOC_적북측접근로,2026-09-11T13:38:21,"(21.37137160, -157.74157260)"
ENM35004,move to,LOC_적북측접근로,2026-09-11T13:38:22,"(21.37137160, -157.74157260)"
ENM35002,move to,LOC_적북측접근로,2026-09-11T13:38:25,"(21.37136869, -157.74158448)"
ENM35001,move to,LOC_적북측접근로,2026-09-11T13:38:25,"(21.37135333, -157.74164226)"
ENM35002,move to,LOC_적북측접근로,2026-09-11T13:38:26,"(21.37136869, -157.74158448)"
ENM35001,move to,LOC_적북측접근로,2026-09-11T13:38:26,"(21.37135333, -157.74164226)"
ENM35001,move to,LOC_적북측접근로,2026-09-11T13:38:27,"(21.37135965, -157.74161556)"
FRTRK2004,move to,LOC_남측제1방어선,2026-09-11T13:38:27,"(21.38717152, -157.74438295)"
FRTRK2001,move to,LOC_남측제1방어선,2026-09-11T13:38:27,"(21.38730271, -157.74453519)"
ENM35001,move to,LOC_적북측접근로,2026-09-11T13:38:28,"(21.37135965, -157.74161556)"
FRTRK2004,move to,LOC_남측제1방어선,2026-09-11T13:38:28,"(21.38717152, -157.74438295)"
FRTRK2001,move to,LOC_남측제1방어선,2026-09-11T13:38:28,"(21.38730271, -157.74453519)"
FRTRK2004,move to,LOC_남측제1방어선,2026-09-11T13:38:29,"(21.38717120, -157.74437986)"
FRTRK1001,move to,LOC_남측제1방어선,2026-09-11T13:38:29,"(21.38743569, -157.74454421)"
FRTRK2004,move to,LOC_남측제1방어선,2026-09-11T13:38:30,"(21.38717120, -157.74437986)"
FRTRK1001,move to,LOC_남측제1방어선,2026-09-11T13:38:30,"(21.38743569, -157.74454421)"
FRTRK2004,move to,LOC_남측제1방어선,2026-09-11T13:38:32,"(21.38717090, -157.74437691)"
FRTRK1001,move to,LOC_남측제1방어선,2026-09-11T13:38:32,"(21.38743513, -157.74454048)"
ENM35003,move to,LOC_적북측접근로,2026-09-11T13:38:32,"(21.37135605, -157.74163079)"
FRTRK2004,move to,LOC_남측제1방어선,2026-09-11T13:38:33,"(21.38717090, -157.74437691)"
FRTRK1001,move to,LOC_남측제1방어선,2026-09-11T13:38:33,"(21.38743513, -157.74454048)"
ENM35003,move to,LOC_적북측접근로,2026-09-11T13:38:33,"(21.37135605, -157.74163079)"
FRTRK2004,move to,LOC_남측제1방어선,2026-09-11T13:38:34,"(21.38717083, -157.74437623)"
FRTRK1001,move to,LOC_남측제1방어선,2026-09-11T13:38:34,"(21.38743472, -157.74453770)"
ENM35003,move to,LOC_적북측접근로,2026-09-11T13:38:34,"(21.37135022, -157.74165541)"
ENM35004,move to,LOC_적북측접근로,2026-09-11T13:38:34,"(21.37136135, -157.74161407)"
FRTRK2004,move to,LOC_남측제1방어선,2026-09-11T13:38:35,"(21.38717083, -157.74437623)"
FRTRK1001,move to,LOC_남측제1방어선,2026-09-11T13:38:35,"(21.38743472, -157.74453770)"
ENM35003,move to,LOC_적북측접근로,2026-09-11T13:38:35,"(21.37135022, -157.74165541)"
ENM35004,move to,LOC_적북측접근로,2026-09-11T13:38:35,"(21.37136135, -157.74161407)"
FRTRK2004,move to,LOC_남측제1방어선,2026-09-11T13:38:36,"(21.38717106, -157.74437848)"
FRTRK1001,move to,LOC_남측제1방어선,2026-09-11T13:38:36,"(21.38743482, -157.74453832)"
FRTRK2004,move to,LOC_남측제1방어선,2026-09-11T13:38:37,"(21.38717106, -157.74437848)"
FRTRK1001,move to,LOC_남측제1방어선,2026-09-11T13:38:37,"(21.38743482, -157.74453832)"
ENM35001,move to,LOC_적북측접근로,2026-09-11T13:38:38,"(21.37137478, -157.74155164)"
ENM35001,move to,LOC_적북측접근로,2026-09-11T13:38:39,"(21.37137478, -157.74155164)"
FRAT012,move to,LOC_동측능선,2026-09-11T13:38:40,"(21.38502515, -157.74552040)"
FRAT012,move to,LOC_동측능선,2026-09-11T13:38:41,"(21.38502515, -157.74552040)"
FRAT012,move to,LOC_동측능선,2026-09-11T13:38:42,"(21.38502074, -157.74554733)"
ENM35002,move to,LOC_적북측접근로,2026-09-11T13:38:42,"(21.37135208, -157.74165157)"
ENM35003,move to,LOC_적북측접근로,2026-09-11T13:38:42,"(21.37137432, -157.74155359)"
FRAT012,move to,LOC_동측능선,2026-09-11T13:38:43,"(21.38502074, -157.74554733)"
ENM35002,move to,LOC_적북측접근로,2026-09-11T13:38:43,"(21.37135208, -157.74165157)"
ENM35003,move to,LOC_적북측접근로,2026-09-11T13:38:43,"(21.37137432, -157.74155359)"
FRINF008,move to,LOC_중앙킬존,2026-09-11T13:38:44,"(21.38395390, -157.74451662)"
FRINF017,move to,LOC_중앙킬존,2026-09-11T13:38:44,"(21.38390501, -157.74463555)"
FRINF015,move to,LOC_중앙킬존,2026-09-11T13:38:44,"(21.38391631, -157.74460944)"
ENM35004,move to,LOC_적북측접근로,2026-09-11T13:38:44,"(21.37137390, -157.74156331)"
FRINF016,move to,LOC_중앙킬존,2026-09-11T13:38:44,"(21.38391164, -157.74462066)"
FRINF007,move to,LOC_중앙킬존,2026-09-11T13:38:44,"(21.38395739, -157.74450656)"
FRINF008,move to,LOC_중앙킬존,2026-09-11T13:38:45,"(21.38395390, -157.74451662)"
FRINF017,move to,LOC_중앙킬존,2026-09-11T13:38:45,"(21.38390501, -157.74463555)"
FRINF015,move to,LOC_중앙킬존,2026-09-11T13:38:45,"(21.38391631, -157.74460944)"
ENM35004,move to,LOC_적북측접근로,2026-09-11T13:38:45,"(21.37137390, -157.74156331)"
FRINF016,move to,LOC_중앙킬존,2026-09-11T13:38:45,"(21.38391164, -157.74462066)"
FRINF007,move to,LOC_중앙킬존,2026-09-11T13:38:45,"(21.38395739, -157.74450656)"
FRINF008,move to,LOC_중앙킬존,2026-09-11T13:38:46,"(21.38394295, -157.74453929)"
FRINF017,move to,LOC_중앙킬존,2026-09-11T13:38:46,"(21.38389317, -157.74465862)"
FRINF015,move to,LOC_중앙킬존,2026-09-11T13:38:46,"(21.38390463, -157.74463253)"
FRINF016,move to,LOC_중앙킬존,2026-09-11T13:38:46,"(21.38389986, -157.74464377)"
FRINF007,move to,LOC_중앙킬존,2026-09-11T13:38:46,"(21.38394661, -157.74452904)"
ENM35001,move to,LOC_적북측접근로,2026-09-11T13:38:46,"(21.37135080, -157.74165296)"
FRINF008,move to,LOC_중앙킬존,2026-09-11T13:38:47,"(21.38394295, -157.74453929)"
FRINF017,move to,LOC_중앙킬존,2026-09-11T13:38:47,"(21.38389317, -157.74465862)"
FRINF015,move to,LOC_중앙킬존,2026-09-11T13:38:47,"(21.38390463, -157.74463253)"
FRINF016,move to,LOC_중앙킬존,2026-09-11T13:38:47,"(21.38389986, -157.74464377)"
FRINF007,move to,LOC_중앙킬존,2026-09-11T13:38:47,"(21.38394661, -157.74452904)"
ENM35001,move to,LOC_적북측접근로,2026-09-11T13:38:47,"(21.37135080, -157.74165296)"
FRINF008,move to,LOC_중앙킬존,2026-09-11T13:38:48,"(21.38394295, -157.74453929)"
FRINF017,move to,LOC_중앙킬존,2026-09-11T13:38:48,"(21.38389317, -157.74465862)"
FRINF015,move to,LOC_중앙킬존,2026-09-11T13:38:48,"(21.38390463, -157.74463253)"
FRINF016,move to,LOC_중앙킬존,2026-09-11T13:38:48,"(21.38389986, -157.74464377)"
FRINF007,move to,LOC_중앙킬존,2026-09-11T13:38:48,"(21.38394661, -157.74452904)"
ENM35001,move to,LOC_적북측접근로,2026-09-11T13:38:48,"(21.37135080, -157.74165296)"
FRINF008,move to,LOC_중앙킬존,2026-09-11T13:38:49,"(21.38393081, -157.74456444)"
FRINF017,move to,LOC_중앙킬존,2026-09-11T13:38:49,"(21.38388033, -157.74468365)"
FRINF015,move to,LOC_중앙킬존,2026-09-11T13:38:49,"(21.38389192, -157.74465762)"
FRINF016,move to,LOC_중앙킬존,2026-09-11T13:38:49,"(21.38388709, -157.74466883)"
FRINF007,move to,LOC_중앙킬존,2026-09-11T13:38:49,"(21.38393457, -157.74455416)"
ENM35001,move to,LOC_적북측접근로,2026-09-11T13:38:49,"(21.37135480, -157.74163604)"
ENM35002,move to,LOC_적북측접근로,2026-09-11T13:38:49,"(21.37137103, -157.74157502)"
FRINF008,move to,LOC_중앙킬존,2026-09-11T13:38:50,"(21.38393081, -157.74456444)"
FRINF017,move to,LOC_중앙킬존,2026-09-11T13:38:50,"(21.38388033, -157.74468365)"
FRINF015,move to,LOC_중앙킬존,2026-09-11T13:38:50,"(21.38389192, -157.74465762)"
FRINF016,move to,LOC_중앙킬존,2026-09-11T13:38:50,"(21.38388709, -157.74466883)"
FRINF007,move to,LOC_중앙킬존,2026-09-11T13:38:50,"(21.38393457, -157.74455416)"
ENM35001,move to,LOC_적북측접근로,2026-09-11T13:38:50,"(21.37135480, -157.74163604)"
ENM35002,move to,LOC_적북측접근로,2026-09-11T13:38:50,"(21.37137103, -157.74157502)"
ENM35001,move to,LOC_적북측접근로,2026-09-11T13:38:51,"(21.37136359, -157.74159893)"
ENM35001,move to,LOC_적북측접근로,2026-09-11T13:38:52,"(21.37136359, -157.74159893)"
ENM35004,move to,LOC_적북측접근로,2026-09-11T13:38:55,"(21.37136981, -157.74157986)"
ENM35003,move to,LOC_적북측접근로,2026-09-11T13:38:55,"(21.37135618, -157.74163021)"
ENM35004,move to,LOC_적북측접근로,2026-09-11T13:38:56,"(21.37136981, -157.74157986)"
ENM35003,move to,LOC_적북측접근로,2026-09-11T13:38:56,"(21.37135618, -157.74163021)"
ENM35003,move to,LOC_적북측접근로,2026-09-11T13:38:57,"(21.37135087, -157.74165267)"
ENM35003,move to,LOC_적북측접근로,2026-09-11T13:38:58,"(21.37135087, -157.74165267)"
ENINF030,move to,LOC_중앙킬존남측,2026-09-11T13:38:58,"(21.38012603, -157.74606220)"
ENINF030,move to,LOC_중앙킬존남측,2026-09-11T13:38:59,"(21.38012603, -157.74606220)"
ENINF030,move to,LOC_중앙킬존남측,2026-09-11T13:39:00,"(21.38014651, -157.74607226)"
ENM35001,move to,LOC_적북측접근로,2026-09-11T13:39:00,"(21.37137489, -157.74155117)"
ENINF030,move to,LOC_중앙킬존남측,2026-09-11T13:39:01,"(21.38014651, -157.74607226)"
ENM35001,move to,LOC_적북측접근로,2026-09-11T13:39:01,"(21.37137489, -157.74155117)"
ENM35002,move to,LOC_적북측접근로,2026-09-11T13:39:04,"(21.37135100, -157.74165594)"
ENM35003,move to,LOC_적북측접근로,2026-09-11T13:39:04,"(21.37137450, -157.74155281)"
ENM35002,move to,LOC_적북측접근로,2026-09-11T13:39:05,"(21.37135100, -157.74165594)"
ENM35003,move to,LOC_적북측접근로,2026-09-11T13:39:05,"(21.37137450, -157.74155281)"
ENM35002,move to,LOC_적북측접근로,2026-09-11T13:39:06,"(21.37135100, -157.74165594)"
ENM35003,move to,LOC_적북측접근로,2026-09-11T13:39:06,"(21.37137450, -157.74155281)"
ENM35001,move to,LOC_적북측접근로,2026-09-11T13:39:09,"(21.37135001, -157.74165630)"
ENM35001,move to,LOC_적북측접근로,2026-09-11T13:39:09,"(21.37135001, -157.74165630)"
ENM35001,move to,LOC_적북측접근로,2026-09-11T13:39:10,"(21.37135464, -157.74163674)"
ENM35002,move to,LOC_적북측접근로,2026-09-11T13:39:10,"(21.37137077, -157.74157608)"
ENM35001,move to,LOC_적북측접근로,2026-09-11T13:39:11,"(21.37135464, -157.74163674)"
ENM35002,move to,LOC_적북측접근로,2026-09-11T13:39:11,"(21.37137077, -157.74157608)"
ENM35001,move to,LOC_적북측접근로,2026-09-11T13:39:12,"(21.37136329, -157.74160020)"
ENM35001,move to,LOC_적북측접근로,2026-09-11T13:39:13,"(21.37136329, -157.74160020)"
ENM35001,move to,LOC_적북측접근로,2026-09-11T13:39:14,"(21.37136329, -157.74160020)"
FRCMD002,move to,LOC_북측전방방어선,2026-09-11T13:39:15,"(21.37579576, -157.74480346)"
ENM35003,move to,LOC_적북측접근로,2026-09-11T13:39:15,"(21.37136475, -157.74159400)"
FRCMD002,move to,LOC_북측전방방어선,2026-09-11T13:39:16,"(21.37579576, -157.74480346)"
ENM35003,move to,LOC_적북측접근로,2026-09-11T13:39:16,"(21.37136475, -157.74159400)"
FRCMD002,move to,LOC_북측전방방어선,2026-09-11T13:39:17,"(21.37577674, -157.74478496)"
ENM35003,move to,LOC_적북측접근로,2026-09-11T13:39:17,"(21.37135528, -157.74163402)"
ENM35004,move to,LOC_적북측접근로,2026-09-11T13:39:17,"(21.37137138, -157.74157352)"
FRCMD002,move to,LOC_북측전방방어선,2026-09-11T13:39:17,"(21.37577674, -157.74478496)"
ENM35003,move to,LOC_적북측접근로,2026-09-11T13:39:17,"(21.37135528, -157.74163402)"
ENM35004,move to,LOC_적북측접근로,2026-09-11T13:39:17,"(21.37137138, -157.74157352)"
FRCMD002,move to,LOC_북측전방방어선,2026-09-11T13:39:18,"(21.37575722, -157.74476599)"
ENM35003,move to,LOC_적북측접근로,2026-09-11T13:39:18,"(21.37134988, -157.74165683)"
FRCMD002,move to,LOC_북측전방방어선,2026-09-11T13:39:19,"(21.37575722, -157.74476599)"
ENM35003,move to,LOC_적북측접근로,2026-09-11T13:39:19,"(21.37134988, -157.74165683)"
FRCMD002,move to,LOC_북측전방방어선,2026-09-11T13:39:20,"(21.37575722, -157.74476599)"
ENM35003,move to,LOC_적북측접근로,2026-09-11T13:39:20,"(21.37134988, -157.74165683)"
ENM35001,move to,LOC_적북측접근로,2026-09-11T13:39:23,"(21.37137529, -157.74154948)"
ENM35001,move to,LOC_적북측접근로,2026-09-11T13:39:24,"(21.37137529, -157.74154948)"
ENM35002,move to,LOC_적북측접근로,2026-09-11T13:39:27,"(21.37135135, -157.74165455)"
ENM35002,move to,LOC_적북측접근로,2026-09-11T13:39:28,"(21.37135135, -157.74165455)"
ENM35004,move to,LOC_적북측접근로,2026-09-11T13:39:29,"(21.37137394, -157.74156316)"
ENM35004,move to,LOC_적북측접근로,2026-09-11T13:39:29,"(21.37137394, -157.74156316)"
ENM35004,move to,LOC_적북측접근로,2026-09-11T13:39:30,"(21.37137394, -157.74156316)"
ENM35001,move to,LOC_적북측접근로,2026-09-11T13:39:31,"(21.37134974, -157.74165742)"
ENM35001,move to,LOC_적북측접근로,2026-09-11T13:39:32,"(21.37134974, -157.74165742)"
ENM35001,move to,LOC_적북측접근로,2026-09-11T13:39:33,"(21.37135461, -157.74163685)"
ENM35002,move to,LOC_적북측접근로,2026-09-11T13:39:33,"(21.37137064, -157.74157661)"
ENM35001,move to,LOC_적북측접근로,2026-09-11T13:39:34,"(21.37135461, -157.74163685)"
ENM35002,move to,LOC_적북측접근로,2026-09-11T13:39:34,"(21.37137064, -157.74157661)"
ENM35001,move to,LOC_적북측접근로,2026-09-11T13:39:35,"(21.37136397, -157.74159733)"
ENM35001,move to,LOC_적북측접근로,2026-09-11T13:39:36,"(21.37136397, -157.74159733)"
ENM35001,move to,LOC_적북측접근로,2026-09-11T13:39:37,"(21.37136397, -157.74159733)"
ENM35003,move to,LOC_적북측접근로,2026-09-11T13:39:38,"(21.37136533, -157.74159157)"
ENM35003,move to,LOC_적북측접근로,2026-09-11T13:39:38,"(21.37136533, -157.74159157)"
ENM35003,move to,LOC_적북측접근로,2026-09-11T13:39:40,"(21.37135608, -157.74163063)"
ENM35004,move to,LOC_적북측접근로,2026-09-11T13:39:40,"(21.37137137, -157.74157355)"
ENM35003,move to,LOC_적북측접근로,2026-09-11T13:39:40,"(21.37135608, -157.74163063)"
ENM35004,move to,LOC_적북측접근로,2026-09-11T13:39:40,"(21.37137137, -157.74157355)"
FRTRK2004,move to,LOC_남측제1방어선,2026-09-11T13:39:45,"(21.38717093, -157.74437722)"
FRTRK1003,move to,LOC_남측제1방어선,2026-09-11T13:39:45,"(21.38734666, -157.74453804)"
FRTRK1001,move to,LOC_남측제1방어선,2026-09-11T13:39:45,"(21.38743480, -157.74453822)"
FRAHS001,FFE-on-Location,LOC_적포병진지,2026-09-11T13:39:45,"(21.39112388, -157.73719220)"
FRLAV002,move to,LOC_중앙킬존남측,2026-09-11T13:39:45,"(21.39026798, -157.74138282)"
FRTRK1005,move to,LOC_남측제1방어선,2026-09-11T13:39:45,"(21.38722149, -157.74451373)"
FRLAV001,move to,LOC_중앙킬존남측,2026-09-11T13:39:45,"(21.39020170, -157.74131452)"
FRTRK2001,move to,LOC_남측제1방어선,2026-09-11T13:39:45,"(21.38730238, -157.74453249)"
FRLAV003,move to,LOC_중앙킬존남측,2026-09-11T13:39:45,"(21.39026667, -157.74148713)"
FRTRK2002,move to,LOC_남측제1방어선,2026-09-11T13:39:45,"(21.38725810, -157.74452708)"
FRLAV005,move to,LOC_중앙킬존남측,2026-09-11T13:39:45,"(21.39033288, -157.74165881)"
FRTRK1002,move to,LOC_남측제1방어선,2026-09-11T13:39:45,"(21.38739038, -157.74453525)"
FRTRK2003,move to,LOC_남측제1방어선,2026-09-11T13:39:45,"(21.38713849, -157.74437543)"
FRLAV004,move to,LOC_중앙킬존남측,2026-09-11T13:39:45,"(21.39031613, -157.74156463)"
FRTRK1004,move to,LOC_남측제1방어선,2026-09-11T13:39:45,"(21.38709314, -157.74436469)"
FRTRK2004,move to,LOC_남측제1방어선,2026-09-11T13:39:46,"(21.38717093, -157.74437722)"
FRTRK1003,move to,LOC_남측제1방어선,2026-09-11T13:39:46,"(21.38734666, -157.74453804)"
FRTRK1001,move to,LOC_남측제1방어선,2026-09-11T13:39:46,"(21.38743480, -157.74453822)"
FRAHS001,FFE-on-Location,LOC_적포병진지,2026-09-11T13:39:46,"(21.39112388, -157.73719220)"
FRLAV002,move to,LOC_중앙킬존남측,2026-09-11T13:39:46,"(21.39026798, -157.74138282)"
FRTRK1005,move to,LOC_남측제1방어선,2026-09-11T13:39:46,"(21.38722149, -157.74451373)"
FRLAV001,move to,LOC_중앙킬존남측,2026-09-11T13:39:46,"(21.39020170, -157.74131452)"
FRTRK2001,move to,LOC_남측제1방어선,2026-09-11T13:39:46,"(21.38730238, -157.74453249)"
FRLAV003,move to,LOC_중앙킬존남측,2026-09-11T13:39:46,"(21.39026667, -157.74148713)"
FRTRK2002,move to,LOC_남측제1방어선,2026-09-11T13:39:46,"(21.38725810, -157.74452708)"
FRLAV005,move to,LOC_중앙킬존남측,2026-09-11T13:39:46,"(21.39033288, -157.74165881)"
FRTRK1002,move to,LOC_남측제1방어선,2026-09-11T13:39:46,"(21.38739038, -157.74453525)"
FRTRK2003,move to,LOC_남측제1방어선,2026-09-11T13:39:46,"(21.38713849, -157.74437543)"
FRLAV004,move to,LOC_중앙킬존남측,2026-09-11T13:39:46,"(21.39031613, -157.74156463)"
FRTRK1004,move to,LOC_남측제1방어선,2026-09-11T13:39:46,"(21.38709314, -157.74436469)"
ENM35002,move to,LOC_적북측접근로,2026-09-11T13:39:50,"(21.37135080, -157.74165675)"
ENM35002,move to,LOC_적북측접근로,2026-09-11T13:39:51,"(21.37135080, -157.74165675)"
ENM35001,move to,LOC_적북측접근로,2026-09-11T13:39:54,"(21.37135023, -157.74165536)"
ENM35001,move to,LOC_적북측접근로,2026-09-11T13:39:55,"(21.37135023, -157.74165536)"
ENM35001,move to,LOC_적북측접근로,2026-09-11T13:39:55,"(21.37135514, -157.74163463)"
ENM35002,move to,LOC_적북측접근로,2026-09-11T13:39:55,"(21.37137026, -157.74157813)"
ENM35001,move to,LOC_적북측접근로,2026-09-11T13:39:56,"(21.37135514, -157.74163463)"
ENM35002,move to,LOC_적북측접근로,2026-09-11T13:39:56,"(21.37137026, -157.74157813)"
ENM35001,move to,LOC_적북측접근로,2026-09-11T13:39:57,"(21.37135514, -157.74163463)"
ENM35002,move to,LOC_적북측접근로,2026-09-11T13:39:57,"(21.37137026, -157.74157813)"
ENM35003,move to,LOC_적북측접근로,2026-09-11T13:40:00,"(21.37136085, -157.74161051)"
ENM35003,move to,LOC_적북측접근로,2026-09-11T13:40:01,"(21.37136085, -157.74161051)"
ENM35003,move to,LOC_적북측접근로,2026-09-11T13:40:02,"(21.37135268, -157.74164503)"
ENM35004,move to,LOC_적북측접근로,2026-09-11T13:40:02,"(21.37137128, -157.74157392)"
ENM35003,move to,LOC_적북측접근로,2026-09-11T13:40:03,"(21.37135268, -157.74164503)"
ENM35004,move to,LOC_적북측접근로,2026-09-11T13:40:03,"(21.37137128, -157.74157392)"
ENM35003,move to,LOC_적북측접근로,2026-09-11T13:40:04,"(21.37135009, -157.74165598)"
ENM35003,move to,LOC_적북측접근로,2026-09-11T13:40:05,"(21.37135009, -157.74165598)"
ENM35004,move to,LOC_적북측접근로,2026-09-11T13:40:09,"(21.37135140, -157.74165428)"
ENM35004,move to,LOC_적북측접근로,2026-09-11T13:40:10,"(21.37135140, -157.74165428)"
ENM35003,move to,LOC_적북측접근로,2026-09-11T13:40:13,"(21.37137742, -157.74154047)"
ENM35003,move to,LOC_적북측접근로,2026-09-11T13:40:14,"(21.37137742, -157.74154047)"
ENM35004,move to,LOC_적북측접근로,2026-09-11T13:40:15,"(21.37137402, -157.74156281)"
ENM35004,move to,LOC_적북측접근로,2026-09-11T13:40:16,"(21.37137402, -157.74156281)"
ENM35001,move to,LOC_적북측접근로,2026-09-11T13:40:17,"(21.37134929, -157.74165933)"
ENM35001,move to,LOC_적북측접근로,2026-09-11T13:40:18,"(21.37135365, -157.74164092)"
ENM35002,move to,LOC_적북측접근로,2026-09-11T13:40:18,"(21.37136945, -157.74158139)"
ENM35001,move to,LOC_적북측접근로,2026-09-11T13:40:19,"(21.37135365, -157.74164092)"
ENM35002,move to,LOC_적북측접근로,2026-09-11T13:40:19,"(21.37136945, -157.74158139)"
ENM35004,move to,LOC_적북측접근로,2026-09-11T13:40:24,"(21.37137152, -157.74157292)"
ENM35003,move to,LOC_적북측접근로,2026-09-11T13:40:24,"(21.37135239, -157.74164623)"
ENM35004,move to,LOC_적북측접근로,2026-09-11T13:40:25,"(21.37137152, -157.74157292)"
ENM35003,move to,LOC_적북측접근로,2026-09-11T13:40:25,"(21.37135239, -157.74164623)"
ENM35004,move to,LOC_적북측접근로,2026-09-11T13:40:27,"(21.37136033, -157.74161818)"
ENM35003,move to,LOC_적북측접근로,2026-09-11T13:40:27,"(21.37134904, -157.74166040)"
ENM35004,move to,LOC_적북측접근로,2026-09-11T13:40:27,"(21.37136033, -157.74161818)"
ENM35003,move to,LOC_적북측접근로,2026-09-11T13:40:27,"(21.37134904, -157.74166040)"
ENM35002,move to,LOC_적북측접근로,2026-09-11T13:40:29,"(21.37137474, -157.74156004)"
ENM35002,move to,LOC_적북측접근로,2026-09-11T13:40:30,"(21.37137474, -157.74156004)"
ENM35004,move to,LOC_적북측접근로,2026-09-11T13:40:31,"(21.37135031, -157.74165869)"
ENM35001,move to,LOC_적북측접근로,2026-09-11T13:40:31,"(21.37137696, -157.74154242)"
ENM35004,move to,LOC_적북측접근로,2026-09-11T13:40:32,"(21.37135031, -157.74165869)"
ENM35001,move to,LOC_적북측접근로,2026-09-11T13:40:32,"(21.37137696, -157.74154242)"
ENM35002,move to,LOC_적북측접근로,2026-09-11T13:40:35,"(21.37135065, -157.74165737)"
ENM35003,move to,LOC_적북측접근로,2026-09-11T13:40:35,"(21.37137806, -157.74153777)"
ENM35002,move to,LOC_적북측접근로,2026-09-11T13:40:36,"(21.37135065, -157.74165737)"
ENM35003,move to,LOC_적북측접근로,2026-09-11T13:40:36,"(21.37137806, -157.74153777)"
ENM35003,move to,LOC_적북측접근로,2026-09-11T13:40:37,"(21.37138233, -157.74151971)"
ENM35004,move to,LOC_적북측접근로,2026-09-11T13:40:37,"(21.37137411, -157.74156247)"
ENM35003,move to,LOC_적북측접근로,2026-09-11T13:40:38,"(21.37138233, -157.74151971)"
ENM35004,move to,LOC_적북측접근로,2026-09-11T13:40:38,"(21.37137411, -157.74156247)"
FRTRK2004,move to,LOC_남측제1방어선,2026-09-11T13:40:41,"(21.38717150, -157.74438280)"
ENM35002,move to,LOC_적북측접근로,2026-09-11T13:40:41,"(21.37137055, -157.74157695)"
ENM35001,move to,LOC_적북측접근로,2026-09-11T13:40:41,"(21.37135825, -157.74162149)"
FRTRK2001,move to,LOC_남측제1방어선,2026-09-11T13:40:41,"(21.38730277, -157.74453567)"
FRTRK2004,move to,LOC_남측제1방어선,2026-09-11T13:40:42,"(21.38717150, -157.74438280)"
ENM35002,move to,LOC_적북측접근로,2026-09-11T13:40:42,"(21.37137055, -157.74157695)"
ENM35001,move to,LOC_적북측접근로,2026-09-11T13:40:42,"(21.37135825, -157.74162149)"
FRTRK2001,move to,LOC_남측제1방어선,2026-09-11T13:40:42,"(21.38730277, -157.74453567)"
FRTRK2004,move to,LOC_남측제1방어선,2026-09-11T13:40:43,"(21.38717119, -157.74437973)"
FRTRK1001,move to,LOC_남측제1방어선,2026-09-11T13:40:43,"(21.38743521, -157.74454099)"
FRTRK2004,move to,LOC_남측제1방어선,2026-09-11T13:40:44,"(21.38717119, -157.74437973)"
FRTRK1001,move to,LOC_남측제1방어선,2026-09-11T13:40:44,"(21.38743521, -157.74454099)"
FRTRK2004,move to,LOC_남측제1방어선,2026-09-11T13:40:45,"(21.38717086, -157.74437656)"
FRTRK1001,move to,LOC_남측제1방어선,2026-09-11T13:40:45,"(21.38743580, -157.74454497)"
ENM35003,move to,LOC_적북측접근로,2026-09-11T13:40:45,"(21.37136131, -157.74160854)"
FRTRK2004,move to,LOC_남측제1방어선,2026-09-11T13:40:46,"(21.38717086, -157.74437656)"
FRTRK1001,move to,LOC_남측제1방어선,2026-09-11T13:40:46,"(21.38743580, -157.74454497)"
ENM35003,move to,LOC_적북측접근로,2026-09-11T13:40:46,"(21.37136131, -157.74160854)"
FRTRK2004,move to,LOC_남측제1방어선,2026-09-11T13:40:47,"(21.38717082, -157.74437616)"
FRTRK1001,move to,LOC_남측제1방어선,2026-09-11T13:40:47,"(21.38743596, -157.74454610)"
ENM35003,move to,LOC_적북측접근로,2026-09-11T13:40:47,"(21.37135402, -157.74163934)"
FRTRK2004,move to,LOC_남측제1방어선,2026-09-11T13:40:48,"(21.38717082, -157.74437616)"
FRTRK1001,move to,LOC_남측제1방어선,2026-09-11T13:40:48,"(21.38743596, -157.74454610)"
ENM35003,move to,LOC_적북측접근로,2026-09-11T13:40:48,"(21.37135402, -157.74163934)"
FRTRK2004,move to,LOC_남측제1방어선,2026-09-11T13:40:49,"(21.38717082, -157.74437616)"
FRTRK1001,move to,LOC_남측제1방어선,2026-09-11T13:40:49,"(21.38743596, -157.74454610)"
ENM35003,move to,LOC_적북측접근로,2026-09-11T13:40:49,"(21.37135402, -157.74163934)"
FRTRK2004,move to,LOC_남측제1방어선,2026-09-11T13:40:50,"(21.38717107, -157.74437854)"
FRTRK1001,move to,LOC_남측제1방어선,2026-09-11T13:40:50,"(21.38743563, -157.74454386)"
ENM35003,move to,LOC_적북측접근로,2026-09-11T13:40:50,"(21.37135144, -157.74165024)"
ENM35004,move to,LOC_적북측접근로,2026-09-11T13:40:50,"(21.37136263, -157.74160889)"
FRTRK2004,move to,LOC_남측제1방어선,2026-09-11T13:40:51,"(21.38717107, -157.74437854)"
FRTRK1001,move to,LOC_남측제1방어선,2026-09-11T13:40:51,"(21.38743563, -157.74454386)"
ENM35003,move to,LOC_적북측접근로,2026-09-11T13:40:51,"(21.37135144, -157.74165024)"
ENM35004,move to,LOC_적북측접근로,2026-09-11T13:40:51,"(21.37136263, -157.74160889)"
FRTRK2004,move to,LOC_남측제1방어선,2026-09-11T13:40:52,"(21.38717144, -157.74438223)"
FRTRK1001,move to,LOC_남측제1방어선,2026-09-11T13:40:52,"(21.38743503, -157.74453976)"
FRTRK2004,move to,LOC_남측제1방어선,2026-09-11T13:40:53,"(21.38717144, -157.74438223)"
FRTRK1001,move to,LOC_남측제1방어선,2026-09-11T13:40:53,"(21.38743503, -157.74453976)"
FRTRK2004,move to,LOC_남측제1방어선,2026-09-11T13:40:54,"(21.38717164, -157.74438418)"
ENM35004,move to,LOC_적북측접근로,2026-09-11T13:40:54,"(21.37135248, -157.74164993)"
FRTRK2004,move to,LOC_남측제1방어선,2026-09-11T13:40:55,"(21.38717164, -157.74438418)"
ENM35004,move to,LOC_적북측접근로,2026-09-11T13:40:55,"(21.37135248, -157.74164993)"
ENM35003,move to,LOC_적북측접근로,2026-09-11T13:40:56,"(21.37137131, -157.74156628)"
ENM35003,move to,LOC_적북측접근로,2026-09-11T13:40:57,"(21.37137131, -157.74156628)"
ENM35003,move to,LOC_적북측접근로,2026-09-11T13:40:58,"(21.37137635, -157.74154498)"
FRAT012,move to,LOC_동측능선,2026-09-11T13:40:58,"(21.38472840, -157.74732953)"
ENM35004,move to,LOC_적북측접근로,2026-09-11T13:40:58,"(21.37136462, -157.74160082)"
ENM35003,move to,LOC_적북측접근로,2026-09-11T13:40:59,"(21.37137635, -157.74154498)"
FRAT012,move to,LOC_동측능선,2026-09-11T13:40:59,"(21.38472840, -157.74732953)"
ENM35004,move to,LOC_적북측접근로,2026-09-11T13:40:59,"(21.37136462, -157.74160082)"
ENM35003,move to,LOC_적북측접근로,2026-09-11T13:41:08,"(21.37135764, -157.74162406)"
ENM35003,move to,LOC_적북측접근로,2026-09-11T13:41:09,"(21.37135764, -157.74162406)"
ENM35003,move to,LOC_적북측접근로,2026-09-11T13:41:10,"(21.37135161, -157.74164953)"
ENM35004,move to,LOC_적북측접근로,2026-09-11T13:41:10,"(21.37136954, -157.74158093)"
ENM35003,move to,LOC_적북측접근로,2026-09-11T13:41:11,"(21.37135161, -157.74164953)"
ENM35004,move to,LOC_적북측접근로,2026-09-11T13:41:11,"(21.37136954, -157.74158093)"
ENM35003,move to,LOC_적북측접근로,2026-09-11T13:41:11,"(21.37135101, -157.74165207)"
ENM35003,move to,LOC_적북측접근로,2026-09-11T13:41:12,"(21.37135101, -157.74165207)"
ENM35004,move to,LOC_적북측접근로,2026-09-11T13:41:16,"(21.37135181, -157.74165263)"
ENM35004,move to,LOC_적북측접근로,2026-09-11T13:41:17,"(21.37135181, -157.74165263)"
ENM35003,move to,LOC_적북측접근로,2026-09-11T13:41:18,"(21.37137310, -157.74155871)"
ENM35003,move to,LOC_적북측접근로,2026-09-11T13:41:18,"(21.37137310, -157.74155871)"
ENM35003,move to,LOC_적북측접근로,2026-09-11T13:41:19,"(21.37137843, -157.74153621)"
ENM35004,move to,LOC_적북측접근로,2026-09-11T13:41:19,"(21.37136588, -157.74159572)"
ENM35003,move to,LOC_적북측접근로,2026-09-11T13:41:20,"(21.37137843, -157.74153621)"
ENM35004,move to,LOC_적북측접근로,2026-09-11T13:41:20,"(21.37136588, -157.74159572)"
ENM35003,move to,LOC_적북측접근로,2026-09-11T13:41:21,"(21.37137843, -157.74153621)"
ENM35004,move to,LOC_적북측접근로,2026-09-11T13:41:21,"(21.37136588, -157.74159572)"
ENM35001,move to,LOC_적북측접근로,2026-09-11T13:41:24,"(21.37135465, -157.74163667)"
ENM35001,move to,LOC_적북측접근로,2026-09-11T13:41:24,"(21.37135465, -157.74163667)"
ENM35001,move to,LOC_적북측접근로,2026-09-11T13:41:25,"(21.37135465, -157.74163667)"
ENM35001,move to,LOC_적북측접근로,2026-09-11T13:41:26,"(21.37136363, -157.74159873)"
ENM35001,move to,LOC_적북측접근로,2026-09-11T13:41:27,"(21.37136363, -157.74159873)"
ENM35003,move to,LOC_적북측접근로,2026-09-11T13:41:30,"(21.37135538, -157.74163360)"
ENM35003,move to,LOC_적북측접근로,2026-09-11T13:41:31,"(21.37135538, -157.74163360)"
ENM35003,move to,LOC_적북측접근로,2026-09-11T13:41:32,"(21.37135024, -157.74165532)"
ENM35004,move to,LOC_적북측접근로,2026-09-11T13:41:32,"(21.37136864, -157.74158457)"
ENM35003,move to,LOC_적북측접근로,2026-09-11T13:41:33,"(21.37135024, -157.74165532)"
ENM35004,move to,LOC_적북측접근로,2026-09-11T13:41:33,"(21.37136864, -157.74158457)"
ENM35003,move to,LOC_적북측접근로,2026-09-11T13:41:34,"(21.37135068, -157.74165345)"
ENM35003,move to,LOC_적북측접근로,2026-09-11T13:41:35,"(21.37135068, -157.74165345)"
ENM35003,move to,LOC_적북측접근로,2026-09-11T13:41:36,"(21.37135068, -157.74165345)"
ENM35004,move to,LOC_적북측접근로,2026-09-11T13:41:38,"(21.37135111, -157.74165547)"
ENM35004,move to,LOC_적북측접근로,2026-09-11T13:41:39,"(21.37135111, -157.74165547)"
ENM35003,move to,LOC_적북측접근로,2026-09-11T13:41:40,"(21.37137506, -157.74155046)"
ENM35003,move to,LOC_적북측접근로,2026-09-11T13:41:41,"(21.37137506, -157.74155046)"
ENM35001,move to,LOC_적북측접근로,2026-09-11T13:41:46,"(21.37135508, -157.74163489)"
ENM35001,move to,LOC_적북측접근로,2026-09-11T13:41:47,"(21.37135508, -157.74163489)"
ENM35001,move to,LOC_적북측접근로,2026-09-11T13:41:48,"(21.37136443, -157.74159534)"
ENM35001,move to,LOC_적북측접근로,2026-09-11T13:41:49,"(21.37136443, -157.74159534)"
ENM35001,move to,LOC_적북측접근로,2026-09-11T13:41:50,"(21.37136443, -157.74159534)"
ENM35003,move to,LOC_적북측접근로,2026-09-11T13:41:51,"(21.37136507, -157.74159268)"
ENM35003,move to,LOC_적북측접근로,2026-09-11T13:41:52,"(21.37136507, -157.74159268)"
ENM35003,move to,LOC_적북측접근로,2026-09-11T13:41:53,"(21.37135535, -157.74163374)"
ENM35003,move to,LOC_적북측접근로,2026-09-11T13:41:54,"(21.37135535, -157.74163374)"
ENM35003,move to,LOC_적북측접근로,2026-09-11T13:41:55,"(21.37135012, -157.74165583)"
ENM35004,move to,LOC_적북측접근로,2026-09-11T13:41:55,"(21.37137051, -157.74157703)"
ENM35003,move to,LOC_적북측접근로,2026-09-11T13:41:55,"(21.37135012, -157.74165583)"
ENM35004,move to,LOC_적북측접근로,2026-09-11T13:41:55,"(21.37137051, -157.74157703)"
FRTRK2004,move to,LOC_남측제1방어선,2026-09-11T13:42:03,"(21.38717106, -157.74437851)"
FRTRK1003,move to,LOC_남측제1방어선,2026-09-11T13:42:03,"(21.38734589, -157.74453218)"
FRTRK1001,move to,LOC_남측제1방어선,2026-09-11T13:42:03,"(21.38743470, -157.74453755)"
FRAHS001,FFE-on-Location,LOC_적포병진지,2026-09-11T13:42:03,"(21.39112388, -157.73719220)"
FRLAV002,move to,LOC_중앙킬존남측,2026-09-11T13:42:03,"(21.39027204, -157.74138066)"
FRTRK1005,move to,LOC_남측제1방어선,2026-09-11T13:42:03,"(21.38722122, -157.74451131)"
FRLAV001,move to,LOC_중앙킬존남측,2026-09-11T13:42:03,"(21.39020089, -157.74131496)"
FRTRK2001,move to,LOC_남측제1방어선,2026-09-11T13:42:03,"(21.38730180, -157.74452778)"
FRLAV003,move to,LOC_중앙킬존남측,2026-09-11T13:42:03,"(21.39026621, -157.74148737)"
FRTRK2002,move to,LOC_남측제1방어선,2026-09-11T13:42:03,"(21.38725761, -157.74452280)"
FRLAV005,move to,LOC_중앙킬존남측,2026-09-11T13:42:03,"(21.39033290, -157.74165880)"
FRTRK1002,move to,LOC_남측제1방어선,2026-09-11T13:42:03,"(21.38739022, -157.74453409)"
FRTRK2003,move to,LOC_남측제1방어선,2026-09-11T13:42:03,"(21.38713809, -157.74437126)"
FRLAV004,move to,LOC_중앙킬존남측,2026-09-11T13:42:03,"(21.39030166, -157.74157204)"
FRTRK1004,move to,LOC_남측제1방어선,2026-09-11T13:42:03,"(21.38709311, -157.74436438)"
FRTRK2004,move to,LOC_남측제1방어선,2026-09-11T13:42:04,"(21.38717106, -157.74437851)"
FRTRK1003,move to,LOC_남측제1방어선,2026-09-11T13:42:04,"(21.38734589, -157.74453218)"
FRTRK1001,move to,LOC_남측제1방어선,2026-09-11T13:42:04,"(21.38743470, -157.74453755)"
FRAHS001,FFE-on-Location,LOC_적포병진지,2026-09-11T13:42:04,"(21.39112388, -157.73719220)"
FRLAV002,move to,LOC_중앙킬존남측,2026-09-11T13:42:04,"(21.39027204, -157.74138066)"
FRTRK1005,move to,LOC_남측제1방어선,2026-09-11T13:42:04,"(21.38722122, -157.74451131)"
FRLAV001,move to,LOC_중앙킬존남측,2026-09-11T13:42:04,"(21.39020089, -157.74131496)"
FRTRK2001,move to,LOC_남측제1방어선,2026-09-11T13:42:04,"(21.38730180, -157.74452778)"
FRLAV003,move to,LOC_중앙킬존남측,2026-09-11T13:42:04,"(21.39026621, -157.74148737)"
FRTRK2002,move to,LOC_남측제1방어선,2026-09-11T13:42:04,"(21.38725761, -157.74452280)"
FRLAV005,move to,LOC_중앙킬존남측,2026-09-11T13:42:04,"(21.39033290, -157.74165880)"
FRTRK1002,move to,LOC_남측제1방어선,2026-09-11T13:42:04,"(21.38739022, -157.74453409)"
FRTRK2003,move to,LOC_남측제1방어선,2026-09-11T13:42:04,"(21.38713809, -157.74437126)"
FRLAV004,move to,LOC_중앙킬존남측,2026-09-11T13:42:04,"(21.39030166, -157.74157204)"
FRTRK1004,move to,LOC_남측제1방어선,2026-09-11T13:42:04,"(21.38709311, -157.74436438)"
ENM35004,move to,LOC_적북측접근로,2026-09-11T13:42:05,"(21.37136819, -157.74158638)"
ENM35003,move to,LOC_적북측접근로,2026-09-11T13:42:05,"(21.37138029, -157.74152835)"
ENM35004,move to,LOC_적북측접근로,2026-09-11T13:42:06,"(21.37136819, -157.74158638)"
ENM35003,move to,LOC_적북측접근로,2026-09-11T13:42:06,"(21.37138029, -157.74152835)"
ENM35004,move to,LOC_적북측접근로,2026-09-11T13:42:15,"(21.37137169, -157.74157223)"
ENM35003,move to,LOC_적북측접근로,2026-09-11T13:42:15,"(21.37135580, -157.74163182)"
ENM35004,move to,LOC_적북측접근로,2026-09-11T13:42:16,"(21.37137169, -157.74157223)"
ENM35003,move to,LOC_적북측접근로,2026-09-11T13:42:16,"(21.37135580, -157.74163182)"
ENM35004,move to,LOC_적북측접근로,2026-09-11T13:42:17,"(21.37137169, -157.74157223)"
ENM35003,move to,LOC_적북측접근로,2026-09-11T13:42:17,"(21.37135580, -157.74163182)"
ENM35003,move to,LOC_적북측접근로,2026-09-11T13:42:17,"(21.37135164, -157.74164939)"
ENM35003,move to,LOC_적북측접근로,2026-09-11T13:42:18,"(21.37135164, -157.74164939)"
ENM35004,move to,LOC_적북측접근로,2026-09-11T13:42:21,"(21.37135270, -157.74164904)"
ENM35004,move to,LOC_적북측접근로,2026-09-11T13:42:22,"(21.37135270, -157.74164904)"
ENM35003,move to,LOC_적북측접근로,2026-09-11T13:42:26,"(21.37137532, -157.74154933)"
ENM35003,move to,LOC_적북측접근로,2026-09-11T13:42:27,"(21.37137532, -157.74154933)"
ENM35003,move to,LOC_적북측접근로,2026-09-11T13:42:36,"(21.37135937, -157.74161672)"
ENM35003,move to,LOC_적북측접근로,2026-09-11T13:42:36,"(21.37135937, -157.74161672)"
ENM35003,move to,LOC_적북측접근로,2026-09-11T13:42:38,"(21.37135276, -157.74164467)"
ENM35003,move to,LOC_적북측접근로,2026-09-11T13:42:38,"(21.37135276, -157.74164467)"
ENM35003,move to,LOC_적북측접근로,2026-09-11T13:42:39,"(21.37135276, -157.74164467)"
ENM35004,move to,LOC_적북측접근로,2026-09-11T13:42:44,"(21.37135230, -157.74165065)"
ENM35004,move to,LOC_적북측접근로,2026-09-11T13:42:44,"(21.37135230, -157.74165065)"
ENM35004,move to,LOC_적북측접근로,2026-09-11T13:42:45,"(21.37135230, -157.74165065)"
ENM35004,move to,LOC_적북측접근로,2026-09-11T13:42:48,"(21.37136661, -157.74159279)"
ENM35003,move to,LOC_적북측접근로,2026-09-11T13:42:48,"(21.37137742, -157.74154046)"
ENM35004,move to,LOC_적북측접근로,2026-09-11T13:42:49,"(21.37136661, -157.74159279)"
ENM35003,move to,LOC_적북측접근로,2026-09-11T13:42:49,"(21.37137742, -157.74154046)"
FRTRK2004,move to,LOC_남측제1방어선,2026-09-11T13:42:56,"(21.38717118, -157.74437962)"
FRTRK1003,move to,LOC_남측제1방어선,2026-09-11T13:42:56,"(21.38734679, -157.74453903)"
FRTRK2001,move to,LOC_남측제1방어선,2026-09-11T13:42:56,"(21.38730248, -157.74453331)"
FRTRK1002,move to,LOC_남측제1방어선,2026-09-11T13:42:56,"(21.38739037, -157.74453520)"
FRTRK2004,move to,LOC_남측제1방어선,2026-09-11T13:42:57,"(21.38717118, -157.74437962)"
FRTRK1003,move to,LOC_남측제1방어선,2026-09-11T13:42:57,"(21.38734679, -157.74453903)"
FRTRK2001,move to,LOC_남측제1방어선,2026-09-11T13:42:57,"(21.38730248, -157.74453331)"
FRTRK1002,move to,LOC_남측제1방어선,2026-09-11T13:42:57,"(21.38739037, -157.74453520)"
FRTRK2004,move to,LOC_남측제1방어선,2026-09-11T13:42:58,"(21.38717088, -157.74437676)"
FRTRK1003,move to,LOC_남측제1방어선,2026-09-11T13:42:58,"(21.38734639, -157.74453597)"
FRTRK1001,move to,LOC_남측제1방어선,2026-09-11T13:42:58,"(21.38743475, -157.74453790)"
ENM35003,move to,LOC_적북측접근로,2026-09-11T13:42:58,"(21.37135784, -157.74162319)"
FRTRK2004,move to,LOC_남측제1방어선,2026-09-11T13:42:59,"(21.38717088, -157.74437676)"
FRTRK1003,move to,LOC_남측제1방어선,2026-09-11T13:42:59,"(21.38734639, -157.74453597)"
FRTRK1001,move to,LOC_남측제1방어선,2026-09-11T13:42:59,"(21.38743475, -157.74453790)"
ENM35003,move to,LOC_적북측접근로,2026-09-11T13:42:59,"(21.37135784, -157.74162319)"
FRTRK2004,move to,LOC_남측제1방어선,2026-09-11T13:43:00,"(21.38717084, -157.74437634)"
FRTRK1001,move to,LOC_남측제1방어선,2026-09-11T13:43:00,"(21.38743480, -157.74453823)"
ENM35003,move to,LOC_적북측접근로,2026-09-11T13:43:00,"(21.37135105, -157.74165189)"
ENM35004,move to,LOC_적북측접근로,2026-09-11T13:43:00,"(21.37136779, -157.74158802)"
FRTRK2004,move to,LOC_남측제1방어선,2026-09-11T13:43:01,"(21.38717084, -157.74437634)"
FRTRK1001,move to,LOC_남측제1방어선,2026-09-11T13:43:01,"(21.38743480, -157.74453823)"
ENM35003,move to,LOC_적북측접근로,2026-09-11T13:43:01,"(21.37135105, -157.74165189)"
ENM35004,move to,LOC_적북측접근로,2026-09-11T13:43:01,"(21.37136779, -157.74158802)"
FRTRK2004,move to,LOC_남측제1방어선,2026-09-11T13:43:02,"(21.38717084, -157.74437634)"
FRTRK1001,move to,LOC_남측제1방어선,2026-09-11T13:43:02,"(21.38743480, -157.74453823)"
ENM35003,move to,LOC_적북측접근로,2026-09-11T13:43:02,"(21.37135105, -157.74165189)"
ENM35004,move to,LOC_적북측접근로,2026-09-11T13:43:02,"(21.37136779, -157.74158802)"
FRTRK2004,move to,LOC_남측제1방어선,2026-09-11T13:43:03,"(21.38717108, -157.74437870)"
FRTRK1001,move to,LOC_남측제1방어선,2026-09-11T13:43:03,"(21.38743528, -157.74454146)"
FRTRK2004,move to,LOC_남측제1방어선,2026-09-11T13:43:04,"(21.38717108, -157.74437870)"
FRTRK1001,move to,LOC_남측제1방어선,2026-09-11T13:43:04,"(21.38743528, -157.74454146)"
FRTRK2004,move to,LOC_남측제1방어선,2026-09-11T13:43:05,"(21.38717144, -157.74438217)"
FRTRK1001,move to,LOC_남측제1방어선,2026-09-11T13:43:05,"(21.38743580, -157.74454498)"
FRTRK2004,move to,LOC_남측제1방어선,2026-09-11T13:43:06,"(21.38717144, -157.74438217)"
FRTRK1001,move to,LOC_남측제1방어선,2026-09-11T13:43:06,"(21.38743580, -157.74454498)"
FRTRK2004,move to,LOC_남측제1방어선,2026-09-11T13:43:07,"(21.38717163, -157.74438407)"
FRTRK1001,move to,LOC_남측제1방어선,2026-09-11T13:43:07,"(21.38743593, -157.74454588)"
ENM35004,move to,LOC_적북측접근로,2026-09-11T13:43:07,"(21.37135165, -157.74165326)"
FRTRK2004,move to,LOC_남측제1방어선,2026-09-11T13:43:08,"(21.38717163, -157.74438407)"
FRTRK1001,move to,LOC_남측제1방어선,2026-09-11T13:43:08,"(21.38743593, -157.74454588)"
ENM35004,move to,LOC_적북측접근로,2026-09-11T13:43:08,"(21.37135165, -157.74165326)"
FRTRK2004,move to,LOC_남측제1방어선,2026-09-11T13:43:09,"(21.38717154, -157.74438318)"
FRTRK1001,move to,LOC_남측제1방어선,2026-09-11T13:43:09,"(21.38743556, -157.74454336)"
ENM35003,move to,LOC_적북측접근로,2026-09-11T13:43:09,"(21.37137363, -157.74155648)"
FRTRK2004,move to,LOC_남측제1방어선,2026-09-11T13:43:10,"(21.38717154, -157.74438318)"
FRTRK1001,move to,LOC_남측제1방어선,2026-09-11T13:43:10,"(21.38743556, -157.74454336)"
ENM35003,move to,LOC_적북측접근로,2026-09-11T13:43:10,"(21.37137363, -157.74155648)"
ENM35003,move to,LOC_적북측접근로,2026-09-11T13:43:11,"(21.37137908, -157.74153348)"
ENM35004,move to,LOC_적북측접근로,2026-09-11T13:43:11,"(21.37136769, -157.74158844)"
ENM35003,move to,LOC_적북측접근로,2026-09-11T13:43:11,"(21.37137908, -157.74153348)"
ENM35004,move to,LOC_적북측접근로,2026-09-11T13:43:11,"(21.37136769, -157.74158844)"
ENM35003,move to,LOC_적북측접근로,2026-09-11T13:43:21,"(21.37135769, -157.74162384)"
ENM35003,move to,LOC_적북측접근로,2026-09-11T13:43:22,"(21.37135769, -157.74162384)"
ENM35003,move to,LOC_적북측접근로,2026-09-11T13:43:23,"(21.37135123, -157.74165115)"
ENM35004,move to,LOC_적북측접근로,2026-09-11T13:43:23,"(21.37136842, -157.74158546)"
ENM35003,move to,LOC_적북측접근로,2026-09-11T13:43:24,"(21.37135123, -157.74165115)"
ENM35004,move to,LOC_적북측접근로,2026-09-11T13:43:24,"(21.37136842, -157.74158546)"
ENM35003,move to,LOC_적북측접근로,2026-09-11T13:43:25,"(21.37135050, -157.74165424)"
ENM35003,move to,LOC_적북측접근로,2026-09-11T13:43:25,"(21.37135050, -157.74165424)"
ENM35003,move to,LOC_적북측접근로,2026-09-11T13:43:26,"(21.37135050, -157.74165424)"
ENM35004,move to,LOC_적북측접근로,2026-09-11T13:43:29,"(21.37135159, -157.74165351)"
ENM35004,move to,LOC_적북측접근로,2026-09-11T13:43:30,"(21.37135159, -157.74165351)"
ENM35003,move to,LOC_적북측접근로,2026-09-11T13:43:31,"(21.37137305, -157.74155892)"
ENM35003,move to,LOC_적북측접근로,2026-09-11T13:43:32,"(21.37137305, -157.74155892)"
ENM35003,move to,LOC_적북측접근로,2026-09-11T13:43:32,"(21.37137859, -157.74153551)"
ENM35004,move to,LOC_적북측접근로,2026-09-11T13:43:32,"(21.37136682, -157.74159193)"
ENM35003,move to,LOC_적북측접근로,2026-09-11T13:43:33,"(21.37137859, -157.74153551)"
ENM35004,move to,LOC_적북측접근로,2026-09-11T13:43:33,"(21.37136682, -157.74159193)"
ENM35003,move to,LOC_적북측접근로,2026-09-11T13:43:34,"(21.37137859, -157.74153551)"
ENM35004,move to,LOC_적북측접근로,2026-09-11T13:43:34,"(21.37136682, -157.74159193)"
ENM35003,move to,LOC_적북측접근로,2026-09-11T13:43:43,"(21.37135700, -157.74162674)"
ENM35003,move to,LOC_적북측접근로,2026-09-11T13:43:44,"(21.37135700, -157.74162674)"
ENM35003,move to,LOC_적북측접근로,2026-09-11T13:43:44,"(21.37135700, -157.74162674)"
ENM35003,move to,LOC_적북측접근로,2026-09-11T13:43:45,"(21.37135047, -157.74165433)"
ENM35004,move to,LOC_적북측접근로,2026-09-11T13:43:45,"(21.37136898, -157.74158320)"
ENM35003,move to,LOC_적북측접근로,2026-09-11T13:43:46,"(21.37135047, -157.74165433)"
ENM35004,move to,LOC_적북측접근로,2026-09-11T13:43:46,"(21.37136898, -157.74158320)"
ENM35003,move to,LOC_적북측접근로,2026-09-11T13:43:47,"(21.37134973, -157.74165749)"
ENM35003,move to,LOC_적북측접근로,2026-09-11T13:43:48,"(21.37134973, -157.74165749)"
ENM35004,move to,LOC_적북측접근로,2026-09-11T13:43:51,"(21.37135135, -157.74165448)"
ENM35004,move to,LOC_적북측접근로,2026-09-11T13:43:52,"(21.37135135, -157.74165448)"
ENM35004,move to,LOC_적북측접근로,2026-09-11T13:43:55,"(21.37136747, -157.74158930)"
ENM35003,move to,LOC_적북측접근로,2026-09-11T13:43:55,"(21.37137984, -157.74153025)"
ENM35004,move to,LOC_적북측접근로,2026-09-11T13:43:56,"(21.37136747, -157.74158930)"
ENM35003,move to,LOC_적북측접근로,2026-09-11T13:43:56,"(21.37137984, -157.74153025)"
ENM35004,move to,LOC_적북측접근로,2026-09-11T13:43:57,"(21.37137572, -157.74155595)"
ENM35004,move to,LOC_적북측접근로,2026-09-11T13:43:58,"(21.37137572, -157.74155595)"
ENM35004,move to,LOC_적북측접근로,2026-09-11T13:43:59,"(21.37137572, -157.74155595)"
ENM35001,move to,LOC_적북측접근로,2026-09-11T13:44:00,"(21.37135243, -157.74164606)"
ENM35001,move to,LOC_적북측접근로,2026-09-11T13:44:00,"(21.37135243, -157.74164606)"
ENM35001,move to,LOC_적북측접근로,2026-09-11T13:44:01,"(21.37135979, -157.74161496)"
ENM35001,move to,LOC_적북측접근로,2026-09-11T13:44:02,"(21.37135979, -157.74161496)"
ENM35001,move to,LOC_적북측접근로,2026-09-11T13:44:03,"(21.37135979, -157.74161496)"
ENM35003,move to,LOC_적북측접근로,2026-09-11T13:44:05,"(21.37135787, -157.74162308)"
ENM35003,move to,LOC_적북측접근로,2026-09-11T13:44:06,"(21.37135787, -157.74162308)"
ENM35003,move to,LOC_적북측접근로,2026-09-11T13:44:07,"(21.37135787, -157.74162308)"
ENM35003,move to,LOC_적북측접근로,2026-09-11T13:44:08,"(21.37135197, -157.74164802)"
ENM35004,move to,LOC_적북측접근로,2026-09-11T13:44:08,"(21.37136901, -157.74158309)"
ENM35003,move to,LOC_적북측접근로,2026-09-11T13:44:09,"(21.37135197, -157.74164802)"
ENM35004,move to,LOC_적북측접근로,2026-09-11T13:44:09,"(21.37136901, -157.74158309)"
FRTRK2004,move to,LOC_남측제1방어선,2026-09-11T13:44:20,"(21.38717161, -157.74438386)"
FRTRK1003,move to,LOC_남측제1방어선,2026-09-11T13:44:20,"(21.38734682, -157.74453923)"
FRTRK1001,move to,LOC_남측제1방어선,2026-09-11T13:44:20,"(21.38743504, -157.74453983)"
FRAHS001,FFE-on-Location,LOC_적포병진지,2026-09-11T13:44:20,"(21.39112388, -157.73719220)"
FRLAV002,move to,LOC_중앙킬존남측,2026-09-11T13:44:20,"(21.39027286, -157.74138022)"
FRTRK1005,move to,LOC_남측제1방어선,2026-09-11T13:44:20,"(21.38722166, -157.74451529)"
FRLAV001,move to,LOC_중앙킬존남측,2026-09-11T13:44:20,"(21.39019912, -157.74131593)"
FRTRK2001,move to,LOC_남측제1방어선,2026-09-11T13:44:20,"(21.38730262, -157.74453445)"
FRLAV003,move to,LOC_중앙킬존남측,2026-09-11T13:44:20,"(21.39027211, -157.74148429)"
FRTRK2002,move to,LOC_남측제1방어선,2026-09-11T13:44:20,"(21.38725832, -157.74452894)"
FRLAV005,move to,LOC_중앙킬존남측,2026-09-11T13:44:20,"(21.39033258, -157.74165896)"
FRTRK1002,move to,LOC_남측제1방어선,2026-09-11T13:44:20,"(21.38739027, -157.74453447)"
FRTRK2003,move to,LOC_남측제1방어선,2026-09-11T13:44:20,"(21.38713800, -157.74437033)"
FRLAV004,move to,LOC_중앙킬존남측,2026-09-11T13:44:20,"(21.39031169, -157.74156690)"
FRTRK1004,move to,LOC_남측제1방어선,2026-09-11T13:44:20,"(21.38709326, -157.74436608)"
FRTRK2004,move to,LOC_남측제1방어선,2026-09-11T13:44:21,"(21.38717161, -157.74438386)"
FRTRK1003,move to,LOC_남측제1방어선,2026-09-11T13:44:21,"(21.38734682, -157.74453923)"
FRTRK1001,move to,LOC_남측제1방어선,2026-09-11T13:44:21,"(21.38743504, -157.74453983)"
FRAHS001,FFE-on-Location,LOC_적포병진지,2026-09-11T13:44:21,"(21.39112388, -157.73719220)"
FRLAV002,move to,LOC_중앙킬존남측,2026-09-11T13:44:21,"(21.39027286, -157.74138022)"
FRTRK1005,move to,LOC_남측제1방어선,2026-09-11T13:44:21,"(21.38722166, -157.74451529)"
FRLAV001,move to,LOC_중앙킬존남측,2026-09-11T13:44:21,"(21.39019912, -157.74131593)"
FRTRK2001,move to,LOC_남측제1방어선,2026-09-11T13:44:21,"(21.38730262, -157.74453445)"
FRLAV003,move to,LOC_중앙킬존남측,2026-09-11T13:44:21,"(21.39027211, -157.74148429)"
FRTRK2002,move to,LOC_남측제1방어선,2026-09-11T13:44:21,"(21.38725832, -157.74452894)"
FRLAV005,move to,LOC_중앙킬존남측,2026-09-11T13:44:21,"(21.39033258, -157.74165896)"
FRTRK1002,move to,LOC_남측제1방어선,2026-09-11T13:44:21,"(21.38739027, -157.74453447)"
FRTRK2003,move to,LOC_남측제1방어선,2026-09-11T13:44:21,"(21.38713800, -157.74437033)"
FRLAV004,move to,LOC_중앙킬존남측,2026-09-11T13:44:21,"(21.39031169, -157.74156690)"
FRTRK1004,move to,LOC_남측제1방어선,2026-09-11T13:44:21,"(21.38709326, -157.74436608)"
ENM35001,move to,LOC_적북측접근로,2026-09-11T13:44:22,"(21.37135195, -157.74164809)"
ENM35001,move to,LOC_적북측접근로,2026-09-11T13:44:23,"(21.37135195, -157.74164809)"
ENM35001,move to,LOC_적북측접근로,2026-09-11T13:44:24,"(21.37135984, -157.74161474)"
ENM35001,move to,LOC_적북측접근로,2026-09-11T13:44:25,"(21.37135984, -157.74161474)"
ENM35003,move to,LOC_적북측접근로,2026-09-11T13:44:26,"(21.37136251, -157.74160349)"
ENM35003,move to,LOC_적북측접근로,2026-09-11T13:44:27,"(21.37136251, -157.74160349)"
ENM35003,move to,LOC_적북측접근로,2026-09-11T13:44:28,"(21.37135443, -157.74163762)"
ENM35003,move to,LOC_적북측접근로,2026-09-11T13:44:29,"(21.37135443, -157.74163762)"
ENM35003,move to,LOC_적북측접근로,2026-09-11T13:44:31,"(21.37135043, -157.74165452)"
ENM35004,move to,LOC_적북측접근로,2026-09-11T13:44:31,"(21.37136857, -157.74158487)"
ENM35003,move to,LOC_적북측접근로,2026-09-11T13:44:32,"(21.37135043, -157.74165452)"
ENM35004,move to,LOC_적북측접근로,2026-09-11T13:44:32,"(21.37136857, -157.74158487)"
ENM35004,move to,LOC_적북측접근로,2026-09-11T13:44:35,"(21.37135155, -157.74165367)"
ENM35004,move to,LOC_적북측접근로,2026-09-11T13:44:36,"(21.37135155, -157.74165367)"
ENM35004,move to,LOC_적북측접근로,2026-09-11T13:44:37,"(21.37135062, -157.74165745)"
ENM35003,move to,LOC_적북측접근로,2026-09-11T13:44:38,"(21.37137666, -157.74154367)"
ENM35003,move to,LOC_적북측접근로,2026-09-11T13:44:39,"(21.37137666, -157.74154367)"
ENM35003,move to,LOC_적북측접근로,2026-09-11T13:44:41,"(21.37138008, -157.74152921)"
ENM35003,move to,LOC_적북측접근로,2026-09-11T13:44:42,"(21.37138008, -157.74152921)"
ENM35002,move to,LOC_적북측접근로,2026-09-11T13:44:45,"(21.37136269, -157.74160872)"
ENM35001,move to,LOC_적북측접근로,2026-09-11T13:44:45,"(21.37135038, -157.74165471)"
ENM35001,move to,LOC_적북측접근로,2026-09-11T13:44:46,"(21.37135806, -157.74162229)"
ENM35004,move to,LOC_적북측접근로,2026-09-11T13:44:46,"(21.37138573, -157.74151549)"
ENM35001,move to,LOC_적북측접근로,2026-09-11T13:44:48,"(21.37135806, -157.74162229)"
ENM35004,move to,LOC_적북측접근로,2026-09-11T13:44:48,"(21.37138573, -157.74151549)"
ENM35003,move to,LOC_적북측접근로,2026-09-11T13:44:51,"(21.37135339, -157.74164199)"
ENM35003,move to,LOC_적북측접근로,2026-09-11T13:44:52,"(21.37134930, -157.74165929)"
ENM35004,move to,LOC_적북측접근로,2026-09-11T13:44:52,"(21.37137234, -157.74156961)"
ENM35003,move to,LOC_적북측접근로,2026-09-11T13:44:54,"(21.37134930, -157.74165929)"
ENM35004,move to,LOC_적북측접근로,2026-09-11T13:44:54,"(21.37137234, -157.74156961)"
ENM35003,move to,LOC_적북측접근로,2026-09-11T13:44:55,"(21.37135115, -157.74165146)"
ENM35003,move to,LOC_적북측접근로,2026-09-11T13:44:56,"(21.37135115, -157.74165146)"
ENM35002,move to,LOC_적북측접근로,2026-09-11T13:44:57,"(21.37137453, -157.74156086)"
ENM35002,move to,LOC_적북측접근로,2026-09-11T13:44:58,"(21.37137453, -157.74156086)"
ENM35004,move to,LOC_적북측접근로,2026-09-11T13:44:59,"(21.37135127, -157.74165479)"
ENM35001,move to,LOC_적북측접근로,2026-09-11T13:45:01,"(21.37136552, -157.74159075)"
ENM35003,move to,LOC_적북측접근로,2026-09-11T13:45:01,"(21.37137735, -157.74154078)"
ENM35001,move to,LOC_적북측접근로,2026-09-11T13:45:02,"(21.37136552, -157.74159075)"
ENM35003,move to,LOC_적북측접근로,2026-09-11T13:45:02,"(21.37137735, -157.74154078)"
ENM35003,move to,LOC_적북측접근로,2026-09-11T13:45:03,"(21.37138186, -157.74152170)"
ENM35003,move to,LOC_적북측접근로,2026-09-11T13:45:04,"(21.37138186, -157.74152170)"
ENM35004,move to,LOC_적북측접근로,2026-09-11T13:45:05,"(21.37137454, -157.74156071)"
ENM35004,move to,LOC_적북측접근로,2026-09-11T13:45:06,"(21.37137454, -157.74156071)"
ENM35001,move to,LOC_적북측접근로,2026-09-11T13:45:08,"(21.37135254, -157.74164560)"
ENM35001,move to,LOC_적북측접근로,2026-09-11T13:45:09,"(21.37135901, -157.74161827)"
ENM35001,move to,LOC_적북측접근로,2026-09-11T13:45:10,"(21.37135901, -157.74161827)"
ENM35003,move to,LOC_적북측접근로,2026-09-11T13:45:13,"(21.37135386, -157.74164004)"
ENM35003,move to,LOC_적북측접근로,2026-09-11T13:45:15,"(21.37135386, -157.74164004)"
ENM35003,move to,LOC_적북측접근로,2026-09-11T13:45:16,"(21.37135040, -157.74165464)"
FRTRK2004,move to,LOC_남측제1방어선,2026-09-11T13:45:16,"(21.38717104, -157.74437832)"
FRTRK1003,move to,LOC_남측제1방어선,2026-09-11T13:45:16,"(21.38734640, -157.74453610)"
ENM35004,move to,LOC_적북측접근로,2026-09-11T13:45:16,"(21.37137091, -157.74157541)"
ENM35003,move to,LOC_적북측접근로,2026-09-11T13:45:17,"(21.37135040, -157.74165464)"
FRTRK2004,move to,LOC_남측제1방어선,2026-09-11T13:45:17,"(21.38717104, -157.74437832)"
FRTRK1003,move to,LOC_남측제1방어선,2026-09-11T13:45:17,"(21.38734640, -157.74453610)"
ENM35004,move to,LOC_적북측접근로,2026-09-11T13:45:17,"(21.37137091, -157.74157541)"
FRTRK2004,move to,LOC_남측제1방어선,2026-09-11T13:45:18,"(21.38717142, -157.74438197)"
FRTRK1003,move to,LOC_남측제1방어선,2026-09-11T13:45:18,"(21.38734683, -157.74453931)"
FRTRK1001,move to,LOC_남측제1방어선,2026-09-11T13:45:18,"(21.38743471, -157.74453759)"
FRTRK2004,move to,LOC_남측제1방어선,2026-09-11T13:45:19,"(21.38717164, -157.74438419)"
FRTRK1001,move to,LOC_남측제1방어선,2026-09-11T13:45:19,"(21.38743474, -157.74453782)"
ENM35004,move to,LOC_적북측접근로,2026-09-11T13:45:19,"(21.37135276, -157.74164878)"
FRTRK2004,move to,LOC_남측제1방어선,2026-09-11T13:45:20,"(21.38717164, -157.74438419)"
FRTRK1001,move to,LOC_남측제1방어선,2026-09-11T13:45:20,"(21.38743474, -157.74453782)"
ENM35004,move to,LOC_적북측접근로,2026-09-11T13:45:20,"(21.37135276, -157.74164878)"
FRTRK2004,move to,LOC_남측제1방어선,2026-09-11T13:45:21,"(21.38717160, -157.74438376)"
FRTRK1001,move to,LOC_남측제1방어선,2026-09-11T13:45:21,"(21.38743524, -157.74454122)"
ENM35004,move to,LOC_적북측접근로,2026-09-11T13:45:21,"(21.37134999, -157.74165997)"
FRTRK2004,move to,LOC_남측제1방어선,2026-09-11T13:45:22,"(21.38717160, -157.74438376)"
FRTRK1001,move to,LOC_남측제1방어선,2026-09-11T13:45:22,"(21.38743524, -157.74454122)"
ENM35004,move to,LOC_적북측접근로,2026-09-11T13:45:22,"(21.37134999, -157.74165997)"
FRTRK2004,move to,LOC_남측제1방어선,2026-09-11T13:45:24,"(21.38717127, -157.74438056)"
FRTRK1001,move to,LOC_남측제1방어선,2026-09-11T13:45:24,"(21.38743582, -157.74454510)"
ENM35003,move to,LOC_적북측접근로,2026-09-11T13:45:24,"(21.37137674, -157.74154334)"
FRTRK2004,move to,LOC_남측제1방어선,2026-09-11T13:45:25,"(21.38717127, -157.74438056)"
FRTRK1001,move to,LOC_남측제1방어선,2026-09-11T13:45:25,"(21.38743582, -157.74454510)"
ENM35003,move to,LOC_적북측접근로,2026-09-11T13:45:25,"(21.37137674, -157.74154334)"
FRTRK2004,move to,LOC_남측제1방어선,2026-09-11T13:45:26,"(21.38717091, -157.74437706)"
ENM35003,move to,LOC_적북측접근로,2026-09-11T13:45:26,"(21.37138052, -157.74152738)"
ENM35004,move to,LOC_적북측접근로,2026-09-11T13:45:26,"(21.37136382, -157.74160407)"
ENM35003,move to,LOC_적북측접근로,2026-09-11T13:45:27,"(21.37138060, -157.74152702)"
ENM35004,move to,LOC_적북측접근로,2026-09-11T13:45:27,"(21.37137350, -157.74156495)"
ENM35003,move to,LOC_적북측접근로,2026-09-11T13:45:28,"(21.37138060, -157.74152702)"
ENM35004,move to,LOC_적북측접근로,2026-09-11T13:45:28,"(21.37137350, -157.74156495)"
ENM35004,move to,LOC_적북측접근로,2026-09-11T13:45:32,"(21.37138566, -157.74151575)"
ENM35001,move to,LOC_적북측접근로,2026-09-11T13:45:32,"(21.37136069, -157.74161116)"
ENM35004,move to,LOC_적북측접근로,2026-09-11T13:45:33,"(21.37138566, -157.74151575)"
ENM35001,move to,LOC_적북측접근로,2026-09-11T13:45:33,"(21.37136069, -157.74161116)"
ENM35003,move to,LOC_적북측접근로,2026-09-11T13:45:34,"(21.37136031, -157.74161278)"
ENM35003,move to,LOC_적북측접근로,2026-09-11T13:45:35,"(21.37136031, -157.74161278)"
ENM35003,move to,LOC_적북측접근로,2026-09-11T13:45:36,"(21.37135238, -157.74164628)"
ENM35003,move to,LOC_적북측접근로,2026-09-11T13:45:37,"(21.37135238, -157.74164628)"
ENM35003,move to,LOC_적북측접근로,2026-09-11T13:45:38,"(21.37134921, -157.74165967)"
ENM35004,move to,LOC_적북측접근로,2026-09-11T13:45:38,"(21.37137415, -157.74156229)"
ENM35003,move to,LOC_적북측접근로,2026-09-11T13:45:39,"(21.37134921, -157.74165967)"
ENM35004,move to,LOC_적북측접근로,2026-09-11T13:45:39,"(21.37137415, -157.74156229)"
ENM35003,move to,LOC_적북측접근로,2026-09-11T13:45:40,"(21.37135224, -157.74164688)"
ENM35004,move to,LOC_적북측접근로,2026-09-11T13:45:40,"(21.37136310, -157.74160696)"
ENM35003,move to,LOC_적북측접근로,2026-09-11T13:45:41,"(21.37135224, -157.74164688)"
ENM35004,move to,LOC_적북측접근로,2026-09-11T13:45:41,"(21.37136310, -157.74160696)"
ENM35004,move to,LOC_적북측접근로,2026-09-11T13:45:44,"(21.37135217, -157.74165118)"
ENM35004,move to,LOC_적북측접근로,2026-09-11T13:45:45,"(21.37135217, -157.74165118)"
ENM35003,move to,LOC_적북측접근로,2026-09-11T13:45:46,"(21.37137767, -157.74153941)"
ENM35003,move to,LOC_적북측접근로,2026-09-11T13:45:47,"(21.37137767, -157.74153941)"
ENM35003,move to,LOC_적북측접근로,2026-09-11T13:45:48,"(21.37138192, -157.74152145)"
ENM35004,move to,LOC_적북측접근로,2026-09-11T13:45:48,"(21.37136360, -157.74160494)"
ENM35003,move to,LOC_적북측접근로,2026-09-11T13:45:49,"(21.37138192, -157.74152145)"
ENM35004,move to,LOC_적북측접근로,2026-09-11T13:45:49,"(21.37136360, -157.74160494)"
ENM35003,move to,LOC_적북측접근로,2026-09-11T13:45:50,"(21.37138234, -157.74151966)"
ENM35004,move to,LOC_적북측접근로,2026-09-11T13:45:50,"(21.37137293, -157.74156725)"
ENM35003,move to,LOC_적북측접근로,2026-09-11T13:45:51,"(21.37138234, -157.74151966)"
ENM35004,move to,LOC_적북측접근로,2026-09-11T13:45:51,"(21.37137293, -157.74156725)"
ENM35001,move to,LOC_적북측접근로,2026-09-11T13:45:52,"(21.37135177, -157.74164885)"
ENM35001,move to,LOC_적북측접근로,2026-09-11T13:45:53,"(21.37135177, -157.74164885)"
ENM35001,move to,LOC_적북측접근로,2026-09-11T13:45:54,"(21.37135967, -157.74161547)"
ENM35001,move to,LOC_적북측접근로,2026-09-11T13:45:55,"(21.37135967, -157.74161547)"
ENM35001,move to,LOC_적북측접근로,2026-09-11T13:45:56,"(21.37135967, -157.74161547)"
ENM35003,move to,LOC_적북측접근로,2026-09-11T13:45:57,"(21.37136257, -157.74160323)"
ENM35003,move to,LOC_적북측접근로,2026-09-11T13:45:58,"(21.37136257, -157.74160323)"
ENM35003,move to,LOC_적북측접근로,2026-09-11T13:45:58,"(21.37135421, -157.74163856)"
ENM35003,move to,LOC_적북측접근로,2026-09-11T13:45:59,"(21.37135421, -157.74163856)"
ENM35003,move to,LOC_적북측접근로,2026-09-11T13:46:00,"(21.37135161, -157.74164953)"
ENM35004,move to,LOC_적북측접근로,2026-09-11T13:46:00,"(21.37137035, -157.74157765)"
ENM35003,move to,LOC_적북측접근로,2026-09-11T13:46:01,"(21.37135161, -157.74164953)"
ENM35004,move to,LOC_적북측접근로,2026-09-11T13:46:01,"(21.37137035, -157.74157765)"
ENM35004,move to,LOC_적북측접근로,2026-09-11T13:46:04,"(21.37135345, -157.74164599)"
ENM35004,move to,LOC_적북측접근로,2026-09-11T13:46:05,"(21.37135345, -157.74164599)"
ENM35004,move to,LOC_적북측접근로,2026-09-11T13:46:06,"(21.37135127, -157.74165482)"
ENM35002,move to,LOC_적북측접근로,2026-09-11T13:46:06,"(21.37136363, -157.74160493)"
ENM35004,move to,LOC_적북측접근로,2026-09-11T13:46:07,"(21.37135127, -157.74165482)"
ENM35002,move to,LOC_적북측접근로,2026-09-11T13:46:07,"(21.37136363, -157.74160493)"
ENM35003,move to,LOC_적북측접근로,2026-09-11T13:46:08,"(21.37137633, -157.74154506)"
ENM35003,move to,LOC_적북측접근로,2026-09-11T13:46:09,"(21.37137633, -157.74154506)"
ENM35003,move to,LOC_적북측접근로,2026-09-11T13:46:10,"(21.37137869, -157.74153512)"
ENM35003,move to,LOC_적북측접근로,2026-09-11T13:46:11,"(21.37137869, -157.74153512)"
ENM35003,move to,LOC_적북측접근로,2026-09-11T13:46:18,"(21.37135738, -157.74162515)"
ENM35003,move to,LOC_적북측접근로,2026-09-11T13:46:19,"(21.37135738, -157.74162515)"
ENM35003,move to,LOC_적북측접근로,2026-09-11T13:46:20,"(21.37135738, -157.74162515)"
ENM35003,move to,LOC_적북측접근로,2026-09-11T13:46:21,"(21.37135143, -157.74165028)"
ENM35003,move to,LOC_적북측접근로,2026-09-11T13:46:22,"(21.37135143, -157.74165028)"
ENM35003,move to,LOC_적북측접근로,2026-09-11T13:46:23,"(21.37135138, -157.74165050)"
ENM35004,move to,LOC_적북측접근로,2026-09-11T13:46:23,"(21.37137105, -157.74157482)"
ENM35003,move to,LOC_적북측접근로,2026-09-11T13:46:24,"(21.37135138, -157.74165050)"
ENM35004,move to,LOC_적북측접근로,2026-09-11T13:46:24,"(21.37137105, -157.74157482)"
ENM35004,move to,LOC_적북측접근로,2026-09-11T13:46:27,"(21.37135264, -157.74164929)"
ENM35004,move to,LOC_적북측접근로,2026-09-11T13:46:28,"(21.37135264, -157.74164929)"
FRTRK2004,move to,LOC_남측제1방어선,2026-09-11T13:46:36,"(21.38717159, -157.74438364)"
FRTRK1003,move to,LOC_남측제1방어선,2026-09-11T13:46:36,"(21.38734608, -157.74453363)"
FRTRK1001,move to,LOC_남측제1방어선,2026-09-11T13:46:36,"(21.38743596, -157.74454604)"
FRAHS001,FFE-on-Location,LOC_적포병진지,2026-09-11T13:46:36,"(21.39112388, -157.73719220)"
FRLAV002,move to,LOC_중앙킬존남측,2026-09-11T13:46:36,"(21.39026968, -157.74138192)"
FRTRK1005,move to,LOC_남측제1방어선,2026-09-11T13:46:36,"(21.38722194, -157.74451786)"
FRLAV001,move to,LOC_중앙킬존남측,2026-09-11T13:46:36,"(21.39020013, -157.74131538)"
FRTRK2001,move to,LOC_남측제1방어선,2026-09-11T13:46:36,"(21.38730271, -157.74453519)"
FRLAV003,move to,LOC_중앙킬존남측,2026-09-11T13:46:36,"(21.39026772, -157.74148658)"
FRTRK2002,move to,LOC_남측제1방어선,2026-09-11T13:46:36,"(21.38725844, -157.74452995)"
FRLAV005,move to,LOC_중앙킬존남측,2026-09-11T13:46:36,"(21.39033720, -157.74165665)"
FRTRK1002,move to,LOC_남측제1방어선,2026-09-11T13:46:36,"(21.38739103, -157.74453989)"
FRTRK2003,move to,LOC_남측제1방어선,2026-09-11T13:46:36,"(21.38713798, -157.74437011)"
FRLAV004,move to,LOC_중앙킬존남측,2026-09-11T13:46:36,"(21.39032990, -157.74155758)"
FRTRK1004,move to,LOC_남측제1방어선,2026-09-11T13:46:36,"(21.38709374, -157.74437160)"
FRTRK2004,move to,LOC_남측제1방어선,2026-09-11T13:46:36,"(21.38717159, -157.74438364)"
FRTRK1003,move to,LOC_남측제1방어선,2026-09-11T13:46:36,"(21.38734608, -157.74453363)"
FRTRK1001,move to,LOC_남측제1방어선,2026-09-11T13:46:36,"(21.38743596, -157.74454604)"
FRAHS001,FFE-on-Location,LOC_적포병진지,2026-09-11T13:46:36,"(21.39112388, -157.73719220)"
FRLAV002,move to,LOC_중앙킬존남측,2026-09-11T13:46:36,"(21.39026968, -157.74138192)"
FRTRK1005,move to,LOC_남측제1방어선,2026-09-11T13:46:36,"(21.38722194, -157.74451786)"
FRLAV001,move to,LOC_중앙킬존남측,2026-09-11T13:46:36,"(21.39020013, -157.74131538)"
FRTRK2001,move to,LOC_남측제1방어선,2026-09-11T13:46:36,"(21.38730271, -157.74453519)"
FRLAV003,move to,LOC_중앙킬존남측,2026-09-11T13:46:36,"(21.39026772, -157.74148658)"
FRTRK2002,move to,LOC_남측제1방어선,2026-09-11T13:46:36,"(21.38725844, -157.74452995)"
FRLAV005,move to,LOC_중앙킬존남측,2026-09-11T13:46:36,"(21.39033720, -157.74165665)"
FRTRK1002,move to,LOC_남측제1방어선,2026-09-11T13:46:36,"(21.38739103, -157.74453989)"
FRTRK2003,move to,LOC_남측제1방어선,2026-09-11T13:46:36,"(21.38713798, -157.74437011)"
FRLAV004,move to,LOC_중앙킬존남측,2026-09-11T13:46:36,"(21.39032990, -157.74155758)"
FRTRK1004,move to,LOC_남측제1방어선,2026-09-11T13:46:36,"(21.38709374, -157.74437160)"
ENM35004,move to,LOC_적북측접근로,2026-09-11T13:46:39,"(21.37138511, -157.74151798)"
ENM35004,move to,LOC_적북측접근로,2026-09-11T13:46:40,"(21.37138511, -157.74151798)"
ENM35003,move to,LOC_적북측접근로,2026-09-11T13:46:41,"(21.37135479, -157.74163609)"
ENM35003,move to,LOC_적북측접근로,2026-09-11T13:46:42,"(21.37135479, -157.74163609)"
ENM35003,move to,LOC_적북측접근로,2026-09-11T13:46:44,"(21.37135002, -157.74165627)"
ENM35003,move to,LOC_적북측접근로,2026-09-11T13:46:45,"(21.37135002, -157.74165627)"
ENM35003,move to,LOC_적북측접근로,2026-09-11T13:46:46,"(21.37135119, -157.74165129)"
ENM35004,move to,LOC_적북측접근로,2026-09-11T13:46:46,"(21.37137282, -157.74156770)"
ENM35003,move to,LOC_적북측접근로,2026-09-11T13:46:47,"(21.37135119, -157.74165129)"
ENM35004,move to,LOC_적북측접근로,2026-09-11T13:46:47,"(21.37137282, -157.74156770)"
ENM35004,move to,LOC_적북측접근로,2026-09-11T13:46:50,"(21.37135374, -157.74164481)"
ENM35004,move to,LOC_적북측접근로,2026-09-11T13:46:51,"(21.37135374, -157.74164481)"
ENM35004,move to,LOC_적북측접근로,2026-09-11T13:46:52,"(21.37135149, -157.74165394)"
ENM35004,move to,LOC_적북측접근로,2026-09-11T13:46:53,"(21.37135149, -157.74165394)"
ENM35003,move to,LOC_적북측접근로,2026-09-11T13:46:54,"(21.37138049, -157.74152749)"
ENM35003,move to,LOC_적북측접근로,2026-09-11T13:46:55,"(21.37138049, -157.74152749)"
ENM35003,move to,LOC_적북측접근로,2026-09-11T13:46:56,"(21.37138167, -157.74152250)"
ENM35004,move to,LOC_적북측접근로,2026-09-11T13:46:56,"(21.37136412, -157.74160284)"
ENM35003,move to,LOC_적북측접근로,2026-09-11T13:46:57,"(21.37138167, -157.74152250)"
ENM35004,move to,LOC_적북측접근로,2026-09-11T13:46:57,"(21.37136412, -157.74160284)"
ENM35004,move to,LOC_적북측접근로,2026-09-11T13:46:58,"(21.37137308, -157.74156663)"
ENM35004,move to,LOC_적북측접근로,2026-09-11T13:46:59,"(21.37137308, -157.74156663)"
ENM35004,move to,LOC_적북측접근로,2026-09-11T13:47:02,"(21.37138362, -157.74152401)"
ENM35004,move to,LOC_적북측접근로,2026-09-11T13:47:03,"(21.37138362, -157.74152401)"
ENM35003,move to,LOC_적북측접근로,2026-09-11T13:47:04,"(21.37135438, -157.74163782)"
ENM35003,move to,LOC_적북측접근로,2026-09-11T13:47:05,"(21.37135438, -157.74163782)"
ENM35003,move to,LOC_적북측접근로,2026-09-11T13:47:07,"(21.37134914, -157.74165996)"
ENM35003,move to,LOC_적북측접근로,2026-09-11T13:47:08,"(21.37134914, -157.74165996)"
ENM35003,move to,LOC_적북측접근로,2026-09-11T13:47:09,"(21.37135001, -157.74165629)"
ENM35004,move to,LOC_적북측접근로,2026-09-11T13:47:09,"(21.37137127, -157.74157396)"
ENM35003,move to,LOC_적북측접근로,2026-09-11T13:47:10,"(21.37135001, -157.74165629)"
ENM35004,move to,LOC_적북측접근로,2026-09-11T13:47:10,"(21.37137127, -157.74157396)"
ENM35004,move to,LOC_적북측접근로,2026-09-11T13:47:14,"(21.37135043, -157.74165819)"
ENM35003,move to,LOC_적북측접근로,2026-09-11T13:47:14,"(21.37137616, -157.74154582)"
ENM35004,move to,LOC_적북측접근로,2026-09-11T13:47:15,"(21.37135043, -157.74165819)"
ENM35003,move to,LOC_적북측접근로,2026-09-11T13:47:15,"(21.37137616, -157.74154582)"
ENM35003,move to,LOC_적북측접근로,2026-09-11T13:47:16,"(21.37138169, -157.74152243)"
ENM35003,move to,LOC_적북측접근로,2026-09-11T13:47:17,"(21.37138169, -157.74152243)"
ENM35003,move to,LOC_적북측접근로,2026-09-11T13:47:18,"(21.37138332, -157.74151554)"
ENM35004,move to,LOC_적북측접근로,2026-09-11T13:47:18,"(21.37136435, -157.74160192)"
ENM35003,move to,LOC_적북측접근로,2026-09-11T13:47:19,"(21.37138332, -157.74151554)"
ENM35004,move to,LOC_적북측접근로,2026-09-11T13:47:19,"(21.37136435, -157.74160192)"
ENM35004,move to,LOC_적북측접근로,2026-09-11T13:47:20,"(21.37137386, -157.74156348)"
ENM35004,move to,LOC_적북측접근로,2026-09-11T13:47:21,"(21.37137386, -157.74156348)"
ENM35004,move to,LOC_적북측접근로,2026-09-11T13:47:25,"(21.37138522, -157.74151754)"
ENM35004,move to,LOC_적북측접근로,2026-09-11T13:47:26,"(21.37138522, -157.74151754)"
ENM35003,move to,LOC_적북측접근로,2026-09-11T13:47:27,"(21.37135589, -157.74163147)"
ENM35003,move to,LOC_적북측접근로,2026-09-11T13:47:28,"(21.37135589, -157.74163147)"
ENM35003,move to,LOC_적북측접근로,2026-09-11T13:47:29,"(21.37135136, -157.74165057)"
ENM35003,move to,LOC_적북측접근로,2026-09-11T13:47:30,"(21.37135229, -157.74164665)"
ENM35004,move to,LOC_적북측접근로,2026-09-11T13:47:30,"(21.37137348, -157.74156501)"
ENM35003,move to,LOC_적북측접근로,2026-09-11T13:47:32,"(21.37135229, -157.74164665)"
ENM35004,move to,LOC_적북측접근로,2026-09-11T13:47:32,"(21.37137348, -157.74156501)"
FRTRK2004,move to,LOC_남측제1방어선,2026-09-11T13:47:35,"(21.38717157, -157.74438342)"
ENM35004,move to,LOC_적북측접근로,2026-09-11T13:47:35,"(21.37135418, -157.74164303)"
FRTRK2004,move to,LOC_남측제1방어선,2026-09-11T13:47:36,"(21.38717157, -157.74438342)"
ENM35004,move to,LOC_적북측접근로,2026-09-11T13:47:36,"(21.37135418, -157.74164303)"
FRTRK2004,move to,LOC_남측제1방어선,2026-09-11T13:47:37,"(21.38717121, -157.74437994)"
ENM35004,move to,LOC_적북측접근로,2026-09-11T13:47:37,"(21.37135131, -157.74165465)"
ENM35003,move to,LOC_적북측접근로,2026-09-11T13:47:37,"(21.37137499, -157.74155074)"
FRTRK2004,move to,LOC_남측제1방어선,2026-09-11T13:47:38,"(21.38717121, -157.74437994)"
ENM35004,move to,LOC_적북측접근로,2026-09-11T13:47:38,"(21.37135131, -157.74165465)"
ENM35003,move to,LOC_적북측접근로,2026-09-11T13:47:38,"(21.37137499, -157.74155074)"
FRTRK2004,move to,LOC_남측제1방어선,2026-09-11T13:47:40,"(21.38717087, -157.74437664)"
ENM35003,move to,LOC_적북측접근로,2026-09-11T13:47:40,"(21.37137899, -157.74153385)"
FRTRK1001,move to,LOC_남측제1방어선,2026-09-11T13:47:40,"(21.38743481, -157.74453827)"
FRTRK2004,move to,LOC_남측제1방어선,2026-09-11T13:47:41,"(21.38717079, -157.74437588)"
ENM35003,move to,LOC_적북측접근로,2026-09-11T13:47:41,"(21.37137941, -157.74153207)"
ENM35004,move to,LOC_적북측접근로,2026-09-11T13:47:41,"(21.37136388, -157.74160384)"
FRTRK2004,move to,LOC_남측제1방어선,2026-09-11T13:47:42,"(21.38717079, -157.74437588)"
ENM35003,move to,LOC_적북측접근로,2026-09-11T13:47:42,"(21.37137941, -157.74153207)"
ENM35004,move to,LOC_적북측접근로,2026-09-11T13:47:42,"(21.37136388, -157.74160384)"
ENM35004,move to,LOC_적북측접근로,2026-09-11T13:47:47,"(21.37138387, -157.74152299)"
ENM35004,move to,LOC_적북측접근로,2026-09-11T13:47:48,"(21.37138387, -157.74152299)"
ENM35003,move to,LOC_적북측접근로,2026-09-11T13:47:49,"(21.37135344, -157.74164178)"
ENM35003,move to,LOC_적북측접근로,2026-09-11T13:47:50,"(21.37135344, -157.74164178)"
ENM35003,move to,LOC_적북측접근로,2026-09-11T13:47:51,"(21.37135007, -157.74165603)"
ENM35003,move to,LOC_적북측접근로,2026-09-11T13:47:52,"(21.37135007, -157.74165603)"
ENM35003,move to,LOC_적북측접근로,2026-09-11T13:47:54,"(21.37135257, -157.74164547)"
ENM35004,move to,LOC_적북측접근로,2026-09-11T13:47:54,"(21.37137227, -157.74156991)"
ENM35003,move to,LOC_적북측접근로,2026-09-11T13:47:55,"(21.37135257, -157.74164547)"
ENM35004,move to,LOC_적북측접근로,2026-09-11T13:47:55,"(21.37137227, -157.74156991)"
ENM35004,move to,LOC_적북측접근로,2026-09-11T13:47:57,"(21.37135338, -157.74164628)"
ENM35004,move to,LOC_적북측접근로,2026-09-11T13:47:58,"(21.37135338, -157.74164628)"
ENM35004,move to,LOC_적북측접근로,2026-09-11T13:47:59,"(21.37135022, -157.74165905)"
ENM35003,move to,LOC_적북측접근로,2026-09-11T13:47:59,"(21.37137682, -157.74154301)"
ENM35004,move to,LOC_적북측접근로,2026-09-11T13:48:00,"(21.37135022, -157.74165905)"
ENM35003,move to,LOC_적북측접근로,2026-09-11T13:48:00,"(21.37137682, -157.74154301)"
ENM35003,move to,LOC_적북측접근로,2026-09-11T13:48:02,"(21.37138077, -157.74152630)"
ENM35003,move to,LOC_적북측접근로,2026-09-11T13:48:03,"(21.37138077, -157.74152630)"
ENM35003,move to,LOC_적북측접근로,2026-09-11T13:48:04,"(21.37138078, -157.74152626)"
ENM35004,move to,LOC_적북측접근로,2026-09-11T13:48:04,"(21.37136244, -157.74160966)"
ENM35003,move to,LOC_적북측접근로,2026-09-11T13:48:05,"(21.37138078, -157.74152626)"
ENM35004,move to,LOC_적북측접근로,2026-09-11T13:48:05,"(21.37136244, -157.74160966)"
ENM35003,move to,LOC_적북측접근로,2026-09-11T13:48:07,"(21.37137045, -157.74156994)"
ENM35003,move to,LOC_적북측접근로,2026-09-11T13:48:08,"(21.37137045, -157.74156994)"
ENM35004,move to,LOC_적북측접근로,2026-09-11T13:48:10,"(21.37138509, -157.74151808)"
ENM35004,move to,LOC_적북측접근로,2026-09-11T13:48:11,"(21.37138509, -157.74151808)"
ENM35003,move to,LOC_적북측접근로,2026-09-11T13:48:12,"(21.37135236, -157.74164635)"
ENM35003,move to,LOC_적북측접근로,2026-09-11T13:48:13,"(21.37135236, -157.74164635)"
ENM35003,move to,LOC_적북측접근로,2026-09-11T13:48:14,"(21.37134898, -157.74166065)"
ENM35003,move to,LOC_적북측접근로,2026-09-11T13:48:15,"(21.37134898, -157.74166065)"
ENM35003,move to,LOC_적북측접근로,2026-09-11T13:48:16,"(21.37135147, -157.74165012)"
ENM35004,move to,LOC_적북측접근로,2026-09-11T13:48:16,"(21.37137499, -157.74155890)"
ENM35003,move to,LOC_적북측접근로,2026-09-11T13:48:17,"(21.37135147, -157.74165012)"
ENM35004,move to,LOC_적북측접근로,2026-09-11T13:48:17,"(21.37137499, -157.74155890)"
ENM35004,move to,LOC_적북측접근로,2026-09-11T13:48:20,"(21.37135542, -157.74163803)"
ENM35004,move to,LOC_적북측접근로,2026-09-11T13:48:21,"(21.37135542, -157.74163803)"
ENM35004,move to,LOC_적북측접근로,2026-09-11T13:48:22,"(21.37135186, -157.74165244)"
ENM35003,move to,LOC_적북측접근로,2026-09-11T13:48:22,"(21.37137802, -157.74153795)"
ENM35004,move to,LOC_적북측접근로,2026-09-11T13:48:23,"(21.37135186, -157.74165244)"
ENM35003,move to,LOC_적북측접근로,2026-09-11T13:48:23,"(21.37137802, -157.74153795)"
ENM35003,move to,LOC_적북측접근로,2026-09-11T13:48:24,"(21.37138212, -157.74152062)"
ENM35003,move to,LOC_적북측접근로,2026-09-11T13:48:25,"(21.37138212, -157.74152062)"
ENM35003,move to,LOC_적북측접근로,2026-09-11T13:48:27,"(21.37138275, -157.74151797)"
ENM35004,move to,LOC_적북측접근로,2026-09-11T13:48:27,"(21.37136234, -157.74161005)"
ENM35003,move to,LOC_적북측접근로,2026-09-11T13:48:28,"(21.37138275, -157.74151797)"
ENM35004,move to,LOC_적북측접근로,2026-09-11T13:48:28,"(21.37136234, -157.74161005)"
ENM35004,move to,LOC_적북측접근로,2026-09-11T13:48:29,"(21.37137229, -157.74156984)"
ENM35003,move to,LOC_적북측접근로,2026-09-11T13:48:35,"(21.37135500, -157.74163521)"
ENM35003,move to,LOC_적북측접근로,2026-09-11T13:48:35,"(21.37135500, -157.74163521)"
ENM35003,move to,LOC_적북측접근로,2026-09-11T13:48:36,"(21.37135224, -157.74164688)"
ENM35003,move to,LOC_적북측접근로,2026-09-11T13:48:37,"(21.37135224, -157.74164688)"
ENM35003,move to,LOC_적북측접근로,2026-09-11T13:48:38,"(21.37135493, -157.74163551)"
ENM35004,move to,LOC_적북측접근로,2026-09-11T13:48:38,"(21.37137250, -157.74156899)"
ENM35003,move to,LOC_적북측접근로,2026-09-11T13:48:39,"(21.37135493, -157.74163551)"
ENM35004,move to,LOC_적북측접근로,2026-09-11T13:48:39,"(21.37137250, -157.74156899)"
ENM35003,move to,LOC_적북측접근로,2026-09-11T13:48:40,"(21.37135493, -157.74163551)"
ENM35004,move to,LOC_적북측접근로,2026-09-11T13:48:40,"(21.37137250, -157.74156899)"
ENM35004,move to,LOC_적북측접근로,2026-09-11T13:48:42,"(21.37135457, -157.74164145)"
ENM35004,move to,LOC_적북측접근로,2026-09-11T13:48:43,"(21.37135457, -157.74164145)"
ENM35004,move to,LOC_적북측접근로,2026-09-11T13:48:44,"(21.37135091, -157.74165625)"
ENM35004,move to,LOC_적북측접근로,2026-09-11T13:48:45,"(21.37135091, -157.74165625)"
ENM35004,move to,LOC_적북측접근로,2026-09-11T13:48:46,"(21.37135091, -157.74165625)"
ENM35004,move to,LOC_적북측접근로,2026-09-11T13:48:53,"(21.37137940, -157.74154107)"
ENM35004,move to,LOC_적북측접근로,2026-09-11T13:48:54,"(21.37137940, -157.74154107)"
ENM35003,move to,LOC_적북측접근로,2026-09-11T13:48:54,"(21.37135717, -157.74162602)"
ENM35003,move to,LOC_적북측접근로,2026-09-11T13:48:55,"(21.37135717, -157.74162602)"
ENM35003,move to,LOC_적북측접근로,2026-09-11T13:48:56,"(21.37135196, -157.74164806)"
ENM35003,move to,LOC_적북측접근로,2026-09-11T13:48:57,"(21.37135196, -157.74164806)"
ENM35003,move to,LOC_적북측접근로,2026-09-11T13:48:58,"(21.37135196, -157.74164806)"
ENM35003,move to,LOC_적북측접근로,2026-09-11T13:48:59,"(21.37135230, -157.74164661)"
ENM35003,move to,LOC_적북측접근로,2026-09-11T13:48:59,"(21.37135230, -157.74164661)"
ENM35003,move to,LOC_적북측접근로,2026-09-11T13:49:00,"(21.37135812, -157.74162204)"
ENM35003,move to,LOC_적북측접근로,2026-09-11T13:49:01,"(21.37135812, -157.74162204)"
ENM35003,move to,LOC_적북측접근로,2026-09-11T13:49:02,"(21.37135812, -157.74162204)"
ENM35004,move to,LOC_적북측접근로,2026-09-11T13:49:04,"(21.37135550, -157.74163772)"
ENM35004,move to,LOC_적북측접근로,2026-09-11T13:49:05,"(21.37135550, -157.74163772)"
ENM35004,move to,LOC_적북측접근로,2026-09-11T13:49:06,"(21.37135550, -157.74163772)"
ENM35003,move to,LOC_적북측접근로,2026-09-11T13:49:07,"(21.37137823, -157.74153705)"
ENM35003,move to,LOC_적북측접근로,2026-09-11T13:49:08,"(21.37137823, -157.74153705)"
ENM35003,move to,LOC_적북측접근로,2026-09-11T13:49:09,"(21.37137864, -157.74153531)"
ENM35003,move to,LOC_적북측접근로,2026-09-11T13:49:09,"(21.37137864, -157.74153531)"
ENM35003,move to,LOC_적북측접근로,2026-09-11T13:49:10,"(21.37137864, -157.74153531)"
ENM35003,move to,LOC_적북측접근로,2026-09-11T13:49:11,"(21.37137563, -157.74154804)"
ENM35003,move to,LOC_적북측접근로,2026-09-11T13:49:12,"(21.37137563, -157.74154804)"
ENM35003,move to,LOC_적북측접근로,2026-09-11T13:49:17,"(21.37135320, -157.74164280)"
ENM35003,move to,LOC_적북측접근로,2026-09-11T13:49:18,"(21.37135320, -157.74164280)"
ENM35003,move to,LOC_적북측접근로,2026-09-11T13:49:19,"(21.37135075, -157.74165318)"
ENM35003,move to,LOC_적북측접근로,2026-09-11T13:49:20,"(21.37135075, -157.74165318)"
ENM35003,move to,LOC_적북측접근로,2026-09-11T13:49:21,"(21.37135386, -157.74164003)"
ENM35003,move to,LOC_적북측접근로,2026-09-11T13:49:22,"(21.37135386, -157.74164003)"
ENM35003,move to,LOC_적북측접근로,2026-09-11T13:49:22,"(21.37135386, -157.74164003)"
ENM35004,move to,LOC_적북측접근로,2026-09-11T13:49:25,"(21.37136008, -157.74161919)"
ENM35004,move to,LOC_적북측접근로,2026-09-11T13:49:26,"(21.37136008, -157.74161919)"
ENM35004,move to,LOC_적북측접근로,2026-09-11T13:49:27,"(21.37136008, -157.74161919)"
ENM35004,move to,LOC_적북측접근로,2026-09-11T13:49:27,"(21.37135314, -157.74164726)"
ENM35004,move to,LOC_적북측접근로,2026-09-11T13:49:28,"(21.37135314, -157.74164726)"
ENM35003,move to,LOC_적북측접근로,2026-09-11T13:49:29,"(21.37137981, -157.74153039)"
ENM35003,move to,LOC_적북측접근로,2026-09-11T13:49:30,"(21.37137981, -157.74153039)"
ENM35003,move to,LOC_적북측접근로,2026-09-11T13:49:31,"(21.37137981, -157.74153039)"
ENM35003,move to,LOC_적북측접근로,2026-09-11T13:49:31,"(21.37137901, -157.74153377)"
ENM35003,move to,LOC_적북측접근로,2026-09-11T13:49:32,"(21.37137901, -157.74153377)"
ENM35004,move to,LOC_적북측접근로,2026-09-11T13:49:33,"(21.37136709, -157.74159084)"
ENM35004,move to,LOC_적북측접근로,2026-09-11T13:49:34,"(21.37136709, -157.74159084)"
ENM35004,move to,LOC_적북측접근로,2026-09-11T13:49:35,"(21.37136709, -157.74159084)"
ENM35001,move to,LOC_적북측접근로,2026-09-11T13:49:36,"(21.37135347, -157.74164167)"
ENM35001,move to,LOC_적북측접근로,2026-09-11T13:49:36,"(21.37135347, -157.74164167)"
ENM35003,move to,LOC_적북측접근로,2026-09-11T13:49:40,"(21.37135168, -157.74164924)"
ENM35003,move to,LOC_적북측접근로,2026-09-11T13:49:40,"(21.37135168, -157.74164924)"
ENM35003,move to,LOC_적북측접근로,2026-09-11T13:49:41,"(21.37135168, -157.74164924)"
ENM35003,move to,LOC_적북측접근로,2026-09-11T13:49:42,"(21.37135023, -157.74165536)"
ENM35003,move to,LOC_적북측접근로,2026-09-11T13:49:43,"(21.37135023, -157.74165536)"
ENM35003,move to,LOC_적북측접근로,2026-09-11T13:49:44,"(21.37135470, -157.74163648)"
ENM35003,move to,LOC_적북측접근로,2026-09-11T13:49:44,"(21.37135470, -157.74163648)"
ENM35004,move to,LOC_적북측접근로,2026-09-11T13:49:48,"(21.37135821, -157.74162675)"
ENM35004,move to,LOC_적북측접근로,2026-09-11T13:49:49,"(21.37135821, -157.74162675)"
ENM35004,move to,LOC_적북측접근로,2026-09-11T13:49:49,"(21.37135821, -157.74162675)"
ENM35004,move to,LOC_적북측접근로,2026-09-11T13:49:50,"(21.37135201, -157.74165181)"
ENM35001,move to,LOC_적북측접근로,2026-09-11T13:49:50,"(21.37136922, -157.74157512)"
ENM35003,move to,LOC_적북측접근로,2026-09-11T13:49:50,"(21.37137849, -157.74153595)"
ENM35004,move to,LOC_적북측접근로,2026-09-11T13:49:51,"(21.37135201, -157.74165181)"
ENM35001,move to,LOC_적북측접근로,2026-09-11T13:49:51,"(21.37136922, -157.74157512)"
ENM35003,move to,LOC_적북측접근로,2026-09-11T13:49:51,"(21.37137849, -157.74153595)"
ENM35003,move to,LOC_적북측접근로,2026-09-11T13:49:52,"(21.37138102, -157.74152526)"
ENM35003,move to,LOC_적북측접근로,2026-09-11T13:49:53,"(21.37138102, -157.74152526)"
ENM35003,move to,LOC_적북측접근로,2026-09-11T13:49:53,"(21.37138102, -157.74152526)"
ENM35003,move to,LOC_적북측접근로,2026-09-11T13:49:54,"(21.37137978, -157.74153051)"
ENM35003,move to,LOC_적북측접근로,2026-09-11T13:49:55,"(21.37137978, -157.74153051)"
ENM35003,move to,LOC_적북측접근로,2026-09-11T13:49:56,"(21.37137548, -157.74154868)"
ENM35004,move to,LOC_적북측접근로,2026-09-11T13:49:56,"(21.37136738, -157.74158966)"
ENM35003,move to,LOC_적북측접근로,2026-09-11T13:49:56,"(21.37137548, -157.74154868)"
ENM35004,move to,LOC_적북측접근로,2026-09-11T13:49:56,"(21.37136738, -157.74158966)"
ENM35003,move to,LOC_적북측접근로,2026-09-11T13:49:57,"(21.37137548, -157.74154868)"
ENM35004,move to,LOC_적북측접근로,2026-09-11T13:49:57,"(21.37136738, -157.74158966)"
ENM35001,move to,LOC_적북측접근로,2026-09-11T13:49:58,"(21.37135461, -157.74163687)"
ENM35001,move to,LOC_적북측접근로,2026-09-11T13:49:59,"(21.37135461, -157.74163687)"
ENM35001,move to,LOC_적북측접근로,2026-09-11T13:49:59,"(21.37135461, -157.74163687)"
ENM35003,move to,LOC_적북측접근로,2026-09-11T13:50:02,"(21.37135190, -157.74164829)"
ENM35003,move to,LOC_적북측접근로,2026-09-11T13:50:03,"(21.37135190, -157.74164829)"
ENM35003,move to,LOC_적북측접근로,2026-09-11T13:50:04,"(21.37135128, -157.74165092)"
ENM35003,move to,LOC_적북측접근로,2026-09-11T13:50:05,"(21.37135128, -157.74165092)"
ENM35003,move to,LOC_적북측접근로,2026-09-11T13:50:05,"(21.37135128, -157.74165092)"
ENM35003,move to,LOC_적북측접근로,2026-09-11T13:50:06,"(21.37135636, -157.74162946)"
ENM35003,move to,LOC_적북측접근로,2026-09-11T13:50:07,"(21.37135636, -157.74162946)"
ENM35004,move to,LOC_적북측접근로,2026-09-11T13:50:10,"(21.37135835, -157.74162619)"
ENM35004,move to,LOC_적북측접근로,2026-09-11T13:50:11,"(21.37135835, -157.74162619)"
ENM35004,move to,LOC_적북측접근로,2026-09-11T13:50:12,"(21.37135159, -157.74165351)"
ENM35003,move to,LOC_적북측접근로,2026-09-11T13:50:12,"(21.37137807, -157.74153774)"
ENM35004,move to,LOC_적북측접근로,2026-09-11T13:50:13,"(21.37135159, -157.74165351)"
ENM35003,move to,LOC_적북측접근로,2026-09-11T13:50:13,"(21.37137807, -157.74153774)"
ENM35004,move to,LOC_적북측접근로,2026-09-11T13:50:13,"(21.37135159, -157.74165351)"
ENM35003,move to,LOC_적북측접근로,2026-09-11T13:50:13,"(21.37137807, -157.74153774)"
ENM35003,move to,LOC_적북측접근로,2026-09-11T13:50:14,"(21.37137968, -157.74153092)"
ENM35003,move to,LOC_적북측접근로,2026-09-11T13:50:15,"(21.37137968, -157.74153092)"
ENM35003,move to,LOC_적북측접근로,2026-09-11T13:50:16,"(21.37137968, -157.74153092)"
ENM35003,move to,LOC_적북측접근로,2026-09-11T13:50:16,"(21.37137761, -157.74153966)"
ENM35003,move to,LOC_적북측접근로,2026-09-11T13:50:17,"(21.37137761, -157.74153966)"
ENM35003,move to,LOC_적북측접근로,2026-09-11T13:50:18,"(21.37137761, -157.74153966)"
ENM35004,move to,LOC_적북측접근로,2026-09-11T13:50:20,"(21.37137621, -157.74155396)"
ENM35001,move to,LOC_적북측접근로,2026-09-11T13:50:20,"(21.37135606, -157.74163074)"
ENM35004,move to,LOC_적북측접근로,2026-09-11T13:50:21,"(21.37137621, -157.74155396)"
ENM35001,move to,LOC_적북측접근로,2026-09-11T13:50:21,"(21.37135606, -157.74163074)"
ENM35004,move to,LOC_적북측접근로,2026-09-11T13:50:22,"(21.37137621, -157.74155396)"
ENM35001,move to,LOC_적북측접근로,2026-09-11T13:50:22,"(21.37135606, -157.74163074)"
ENM35001,move to,LOC_적북측접근로,2026-09-11T13:50:23,"(21.37136561, -157.74159036)"
ENM35003,move to,LOC_적북측접근로,2026-09-11T13:50:23,"(21.37135526, -157.74163411)"
ENM35001,move to,LOC_적북측접근로,2026-09-11T13:50:24,"(21.37136561, -157.74159036)"
ENM35003,move to,LOC_적북측접근로,2026-09-11T13:50:24,"(21.37135526, -157.74163411)"
ENM35003,move to,LOC_적북측접근로,2026-09-11T13:50:24,"(21.37135055, -157.74165400)"
ENM35003,move to,LOC_적북측접근로,2026-09-11T13:50:25,"(21.37135055, -157.74165400)"
ENM35003,move to,LOC_적북측접근로,2026-09-11T13:50:26,"(21.37135055, -157.74165400)"
ENM35003,move to,LOC_적북측접근로,2026-09-11T13:50:27,"(21.37135162, -157.74164947)"
ENM35003,move to,LOC_적북측접근로,2026-09-11T13:50:28,"(21.37135162, -157.74164947)"
ENM35003,move to,LOC_적북측접근로,2026-09-11T13:50:28,"(21.37135773, -157.74162366)"
ENM35003,move to,LOC_적북측접근로,2026-09-11T13:50:29,"(21.37135773, -157.74162366)"
ENM35003,move to,LOC_적북측접근로,2026-09-11T13:50:30,"(21.37135773, -157.74162366)"
FRSNP005,move to,LOC_중앙킬존남측,2026-09-11T13:50:31,"(21.37679577, -157.74442562)"
FRSNP001,move to,LOC_중앙킬존남측,2026-09-11T13:50:31,"(21.37689296, -157.74447345)"
FRSNP003,move to,LOC_중앙킬존남측,2026-09-11T13:50:31,"(21.37692319, -157.74448828)"
FRSNP005,move to,LOC_중앙킬존남측,2026-09-11T13:50:31,"(21.37679577, -157.74442562)"
FRSNP001,move to,LOC_중앙킬존남측,2026-09-11T13:50:31,"(21.37689296, -157.74447345)"
FRSNP003,move to,LOC_중앙킬존남측,2026-09-11T13:50:31,"(21.37692319, -157.74448828)"
FRSNP005,move to,LOC_중앙킬존남측,2026-09-11T13:50:32,"(21.37679577, -157.74442562)"
FRSNP001,move to,LOC_중앙킬존남측,2026-09-11T13:50:32,"(21.37689296, -157.74447345)"
FRSNP003,move to,LOC_중앙킬존남측,2026-09-11T13:50:32,"(21.37692319, -157.74448828)"
FRSNP005,move to,LOC_중앙킬존남측,2026-09-11T13:50:33,"(21.37682174, -157.74443838)"
FRSNP001,move to,LOC_중앙킬존남측,2026-09-11T13:50:33,"(21.37691874, -157.74448611)"
FRSNP003,move to,LOC_중앙킬존남측,2026-09-11T13:50:33,"(21.37694884, -157.74450089)"
FRSNP006,move to,LOC_목표A남측,2026-09-11T13:50:33,"(21.37615531, -157.74589483)"
FRSNP008,move to,LOC_목표A남측,2026-09-11T13:50:33,"(21.37613888, -157.74588060)"
ENM35004,move to,LOC_적북측접근로,2026-09-11T13:50:33,"(21.37135959, -157.74162116)"
FRSNP004,move to,LOC_목표A남측,2026-09-11T13:50:33,"(21.37614428, -157.74588519)"
FRSNP005,move to,LOC_중앙킬존남측,2026-09-11T13:50:34,"(21.37682174, -157.74443838)"
FRSNP001,move to,LOC_중앙킬존남측,2026-09-11T13:50:34,"(21.37691874, -157.74448611)"
FRSNP003,move to,LOC_중앙킬존남측,2026-09-11T13:50:34,"(21.37694884, -157.74450089)"
FRSNP006,move to,LOC_목표A남측,2026-09-11T13:50:34,"(21.37615531, -157.74589483)"
FRSNP008,move to,LOC_목표A남측,2026-09-11T13:50:34,"(21.37613888, -157.74588060)"
ENM35004,move to,LOC_적북측접근로,2026-09-11T13:50:34,"(21.37135959, -157.74162116)"
FRSNP004,move to,LOC_목표A남측,2026-09-11T13:50:34,"(21.37614428, -157.74588519)"
FRSNP005,move to,LOC_중앙킬존남측,2026-09-11T13:50:34,"(21.37682174, -157.74443838)"
FRSNP001,move to,LOC_중앙킬존남측,2026-09-11T13:50:34,"(21.37691874, -157.74448611)"
FRSNP003,move to,LOC_중앙킬존남측,2026-09-11T13:50:34,"(21.37694884, -157.74450089)"
FRSNP006,move to,LOC_목표A남측,2026-09-11T13:50:34,"(21.37615531, -157.74589483)"
FRSNP008,move to,LOC_목표A남측,2026-09-11T13:50:34,"(21.37613888, -157.74588060)"
ENM35004,move to,LOC_적북측접근로,2026-09-11T13:50:34,"(21.37135959, -157.74162116)"
FRSNP004,move to,LOC_목표A남측,2026-09-11T13:50:34,"(21.37614428, -157.74588519)"
FRSNP005,move to,LOC_중앙킬존남측,2026-09-11T13:50:35,"(21.37684547, -157.74445004)"
FRSNP003,move to,LOC_중앙킬존남측,2026-09-11T13:50:35,"(21.37697231, -157.74451242)"
FRSNP006,move to,LOC_목표A남측,2026-09-11T13:50:35,"(21.37617612, -157.74591276)"
FRSNP008,move to,LOC_목표A남측,2026-09-11T13:50:35,"(21.37615970, -157.74589853)"
FRSNP004,move to,LOC_목표A남측,2026-09-11T13:50:35,"(21.37616510, -157.74590311)"
ENM35003,move to,LOC_적북측접근로,2026-09-11T13:50:35,"(21.37137966, -157.74153102)"
FRSNP005,move to,LOC_중앙킬존남측,2026-09-11T13:50:36,"(21.37684547, -157.74445004)"
FRSNP003,move to,LOC_중앙킬존남측,2026-09-11T13:50:36,"(21.37697231, -157.74451242)"
FRSNP006,move to,LOC_목표A남측,2026-09-11T13:50:36,"(21.37617612, -157.74591276)"
FRSNP008,move to,LOC_목표A남측,2026-09-11T13:50:36,"(21.37615970, -157.74589853)"
FRSNP004,move to,LOC_목표A남측,2026-09-11T13:50:36,"(21.37616510, -157.74590311)"
ENM35003,move to,LOC_적북측접근로,2026-09-11T13:50:36,"(21.37137966, -157.74153102)"
FRSNP005,move to,LOC_중앙킬존남측,2026-09-11T13:50:37,"(21.37686977, -157.74446198)"
FRSNP003,move to,LOC_중앙킬존남측,2026-09-11T13:50:37,"(21.37699635, -157.74452423)"
FRSNP006,move to,LOC_목표A남측,2026-09-11T13:50:37,"(21.37619747, -157.74593114)"
FRSNP004,move to,LOC_목표A남측,2026-09-11T13:50:37,"(21.37618644, -157.74592149)"
ENM35003,move to,LOC_적북측접근로,2026-09-11T13:50:37,"(21.37138063, -157.74152690)"
FRSNP001,move to,LOC_중앙킬존남측,2026-09-11T13:50:37,"(21.37696626, -157.74450947)"
FRSNP005,move to,LOC_중앙킬존남측,2026-09-11T13:50:37,"(21.37686977, -157.74446198)"
FRSNP003,move to,LOC_중앙킬존남측,2026-09-11T13:50:37,"(21.37699635, -157.74452423)"
FRSNP006,move to,LOC_목표A남측,2026-09-11T13:50:37,"(21.37619747, -157.74593114)"
FRSNP004,move to,LOC_목표A남측,2026-09-11T13:50:37,"(21.37618644, -157.74592149)"
ENM35003,move to,LOC_적북측접근로,2026-09-11T13:50:37,"(21.37138063, -157.74152690)"
FRSNP001,move to,LOC_중앙킬존남측,2026-09-11T13:50:37,"(21.37696626, -157.74450947)"
FRSNP005,move to,LOC_중앙킬존남측,2026-09-11T13:50:38,"(21.37686977, -157.74446198)"
FRSNP003,move to,LOC_중앙킬존남측,2026-09-11T13:50:38,"(21.37699635, -157.74452423)"
FRSNP006,move to,LOC_목표A남측,2026-09-11T13:50:38,"(21.37619747, -157.74593114)"
FRSNP004,move to,LOC_목표A남측,2026-09-11T13:50:38,"(21.37618644, -157.74592149)"
ENM35003,move to,LOC_적북측접근로,2026-09-11T13:50:38,"(21.37138063, -157.74152690)"
FRSNP001,move to,LOC_중앙킬존남측,2026-09-11T13:50:38,"(21.37696626, -157.74450947)"
FRSNP005,move to,LOC_중앙킬존남측,2026-09-11T13:50:39,"(21.37689481, -157.74447429)"
FRSNP003,move to,LOC_중앙킬존남측,2026-09-11T13:50:39,"(21.37702119, -157.74453644)"
FRSNP006,move to,LOC_목표A남측,2026-09-11T13:50:39,"(21.37621947, -157.74595008)"
FRSNP004,move to,LOC_목표A남측,2026-09-11T13:50:39,"(21.37620844, -157.74594043)"
ENM35003,move to,LOC_적북측접근로,2026-09-11T13:50:39,"(21.37137789, -157.74153850)"
FRSNP001,move to,LOC_중앙킬존남측,2026-09-11T13:50:39,"(21.37699105, -157.74452165)"
FRSNP007,move to,LOC_중앙킬존남측,2026-09-11T13:50:39,"(21.37697949, -157.74451606)"
FRSNP005,move to,LOC_중앙킬존남측,2026-09-11T13:50:40,"(21.37689481, -157.74447429)"
FRSNP003,move to,LOC_중앙킬존남측,2026-09-11T13:50:40,"(21.37702119, -157.74453644)"
FRSNP006,move to,LOC_목표A남측,2026-09-11T13:50:40,"(21.37621947, -157.74595008)"
FRSNP004,move to,LOC_목표A남측,2026-09-11T13:50:40,"(21.37620844, -157.74594043)"
ENM35003,move to,LOC_적북측접근로,2026-09-11T13:50:40,"(21.37137789, -157.74153850)"
FRSNP001,move to,LOC_중앙킬존남측,2026-09-11T13:50:40,"(21.37699105, -157.74452165)"
FRSNP007,move to,LOC_중앙킬존남측,2026-09-11T13:50:40,"(21.37697949, -157.74451606)"
FRSNP005,move to,LOC_중앙킬존남측,2026-09-11T13:50:40,"(21.37689481, -157.74447429)"
FRSNP003,move to,LOC_중앙킬존남측,2026-09-11T13:50:40,"(21.37702119, -157.74453644)"
FRSNP006,move to,LOC_목표A남측,2026-09-11T13:50:40,"(21.37621947, -157.74595008)"
FRSNP004,move to,LOC_목표A남측,2026-09-11T13:50:40,"(21.37620844, -157.74594043)"
ENM35003,move to,LOC_적북측접근로,2026-09-11T13:50:40,"(21.37137789, -157.74153850)"
FRSNP001,move to,LOC_중앙킬존남측,2026-09-11T13:50:40,"(21.37699105, -157.74452165)"
FRSNP007,move to,LOC_중앙킬존남측,2026-09-11T13:50:40,"(21.37697949, -157.74451606)"
FRSNP005,move to,LOC_중앙킬존남측,2026-09-11T13:50:41,"(21.37691978, -157.74448656)"
FRSNP003,move to,LOC_중앙킬존남측,2026-09-11T13:50:41,"(21.37704615, -157.74454870)"
FRSNP006,move to,LOC_목표A남측,2026-09-11T13:50:41,"(21.37624153, -157.74596908)"
FRSNP001,move to,LOC_중앙킬존남측,2026-09-11T13:50:41,"(21.37701594, -157.74453388)"
FRSNP007,move to,LOC_중앙킬존남측,2026-09-11T13:50:41,"(21.37700436, -157.74452828)"
ENM35001,move to,LOC_적북측접근로,2026-09-11T13:50:41,"(21.37135064, -157.74165365)"
FRSNP005,move to,LOC_중앙킬존남측,2026-09-11T13:50:42,"(21.37691978, -157.74448656)"
FRSNP003,move to,LOC_중앙킬존남측,2026-09-11T13:50:42,"(21.37704615, -157.74454870)"
FRSNP006,move to,LOC_목표A남측,2026-09-11T13:50:42,"(21.37624153, -157.74596908)"
FRSNP001,move to,LOC_중앙킬존남측,2026-09-11T13:50:42,"(21.37701594, -157.74453388)"
FRSNP007,move to,LOC_중앙킬존남측,2026-09-11T13:50:42,"(21.37700436, -157.74452828)"
ENM35001,move to,LOC_적북측접근로,2026-09-11T13:50:42,"(21.37135064, -157.74165365)"
FRSNP006,move to,LOC_목표A남측,2026-09-11T13:50:43,"(21.37626254, -157.74598717)"
FRSNP006,move to,LOC_목표A남측,2026-09-11T13:50:44,"(21.37626254, -157.74598717)"
FRSNP006,move to,LOC_목표A남측,2026-09-11T13:50:45,"(21.37626254, -157.74598717)"
FRSNP006,move to,LOC_목표A남측,2026-09-11T13:50:45,"(21.37628535, -157.74600681)"
ENM35003,move to,LOC_적북측접근로,2026-09-11T13:50:45,"(21.37135365, -157.74164092)"
FRSNP006,move to,LOC_목표A남측,2026-09-11T13:50:46,"(21.37628535, -157.74600681)"
ENM35003,move to,LOC_적북측접근로,2026-09-11T13:50:46,"(21.37135365, -157.74164092)"
FRSNP006,move to,LOC_목표A남측,2026-09-11T13:50:47,"(21.37630585, -157.74602447)"
ENM35003,move to,LOC_적북측접근로,2026-09-11T13:50:47,"(21.37134970, -157.74165759)"
FRSNP004,move to,LOC_목표A남측,2026-09-11T13:50:47,"(21.37629482, -157.74601482)"
FRSNP006,move to,LOC_목표A남측,2026-09-11T13:50:48,"(21.37630585, -157.74602447)"
ENM35003,move to,LOC_적북측접근로,2026-09-11T13:50:48,"(21.37134970, -157.74165759)"
FRSNP004,move to,LOC_목표A남측,2026-09-11T13:50:48,"(21.37629482, -157.74601482)"
FRSNP006,move to,LOC_목표A남측,2026-09-11T13:50:49,"(21.37630585, -157.74602447)"
ENM35003,move to,LOC_적북측접근로,2026-09-11T13:50:49,"(21.37134970, -157.74165759)"
FRSNP004,move to,LOC_목표A남측,2026-09-11T13:50:49,"(21.37629482, -157.74601482)"
ENM35003,move to,LOC_적북측접근로,2026-09-11T13:50:50,"(21.37135131, -157.74165080)"
ENM35003,move to,LOC_적북측접근로,2026-09-11T13:50:50,"(21.37135131, -157.74165080)"
ENM35003,move to,LOC_적북측접근로,2026-09-11T13:50:51,"(21.37135890, -157.74161873)"
ENM35003,move to,LOC_적북측접근로,2026-09-11T13:50:52,"(21.37135890, -157.74161873)"
ENM35004,move to,LOC_적북측접근로,2026-09-11T13:50:56,"(21.37135593, -157.74163598)"
ENM35004,move to,LOC_적북측접근로,2026-09-11T13:50:56,"(21.37135593, -157.74163598)"
ENM35003,move to,LOC_적북측접근로,2026-09-11T13:50:57,"(21.37138101, -157.74152532)"
ENM35003,move to,LOC_적북측접근로,2026-09-11T13:50:58,"(21.37138101, -157.74152532)"
ENM35003,move to,LOC_적북측접근로,2026-09-11T13:50:59,"(21.37138101, -157.74152532)"
